transaction_amount,user_avg_amount,new_recipient,transaction_frequency,transaction_hour,fraud_label
7530.89,7999.02,1,4,13,0
3909.38,2249.61,1,3,18,0
6718.35,6501.42,0,1,18,0
14230.9,14418.84,0,5,13,0
88760.9,7861.68,1,1,19,0
1553.71,4252.15,1,6,7,0
3573.61,3010.74,0,2,11,0
135279.4,15295.91,0,7,11,1
42973.12,3702.68,0,4,21,0
13105.06,10309.44,0,2,10,0
26211.54,15344.65,1,7,16,0
2152.72,2627.74,1,6,17,1
9275.01,16691.34,0,5,10,0
2977.25,2497.65,1,1,20,0
5477.36,9653.62,1,1,1,0
7450.62,14469.6,0,2,15,0
18485.74,14194.12,1,1,14,0
8188.73,12536.43,1,4,11,0
111966.83,8838.6,0,1,17,1
641.67,1702.24,0,2,16,0
2788.95,7847.28,0,2,11,0
17698.59,12392.9,0,3,8,0
3030.8,8863.66,0,5,22,0
1515.89,4478.63,1,3,21,0
3744.16,17222.84,0,10,14,0
9470.68,6367.82,0,2,12,0
6369.55,4838.09,0,1,17,0
10949.19,12360.97,0,2,16,0
15223.92,14539.54,0,2,16,0
3121.07,15406.26,0,2,17,0
2309.98,3575.82,0,5,6,0
14390.26,14163.87,0,1,2,0
1548.27,2099.04,0,10,9,0
15993.68,17180.61,0,7,11,0
40232.78,15169.8,0,4,9,0
12859.14,11404.31,1,2,21,0
10040.15,16660.58,1,3,10,0
6770.17,8147.51,0,4,17,0
3293.2,14628.5,0,4,9,0
2128.06,3470.64,0,7,13,0
70796.42,16401.9,1,5,1,1
4484.06,6974.91,1,2,19,0
241003.22,16831.05,1,4,17,1
123398.77,16136.14,0,14,7,1
5000.49,5829.8,0,4,17,0
5383.21,15571.62,1,4,22,0
20675.06,1856.6,1,8,15,1
1577.88,15074.15,0,2,14,0
3438.94,17194.71,1,5,19,0
249.23,4961.05,0,6,4,0
1092.43,7454.77,0,2,18,0
24620.28,14848.0,0,3,20,0
14279.45,10548.56,0,2,18,0
17859.38,13431.97,0,5,12,0
14895.55,15117.06,0,1,17,0
16837.85,15061.03,0,2,18,0
4647.06,6017.89,1,2,14,0
6010.24,8352.06,0,8,20,0
1478.23,1550.16,1,2,21,0
9494.61,5047.79,0,1,15,0
31876.48,6683.56,1,3,21,0
16348.89,15813.6,1,1,11,0
109740.99,8246.48,1,1,18,0
55831.96,13961.33,1,4,11,0
60547.47,15309.68,0,10,23,1
9069.09,8180.11,1,1,13,0
7018.79,13307.25,0,3,1,0
8519.39,4543.78,1,4,6,1
29273.29,7016.38,1,2,17,0
32486.02,6804.68,0,2,14,0
2774.52,2274.73,1,8,5,1
12043.65,15980.97,0,9,4,0
16156.55,14289.15,0,6,8,0
3225.0,4331.37,1,5,7,0
16102.75,15005.47,0,13,19,0
68140.59,13634.85,0,3,1,0
7288.06,9856.81,1,1,18,0
10647.3,11887.02,0,1,1,0
8179.94,16718.9,0,4,22,0
4025.06,3381.32,0,9,21,0
161054.99,12220.93,1,9,12,1
778.65,9055.31,0,1,16,0
57611.43,14641.7,0,3,14,0
9367.87,12270.99,0,3,5,0
4933.61,7320.29,0,5,7,0
14578.15,12368.65,0,3,10,0
7317.22,10746.17,0,4,11,0
15563.16,17558.72,0,1,9,0
2346.81,5460.99,0,1,20,0
1840.23,5065.63,0,5,10,0
21881.55,13270.16,0,5,18,0
137423.13,16078.27,0,4,11,0
4501.38,16234.02,1,2,21,0
11620.36,12322.38,0,8,22,0
16696.38,16815.94,0,5,21,0
10838.48,11758.26,1,5,20,0
2128.74,5542.18,0,4,11,0
41986.59,9214.6,0,4,21,0
7161.19,13803.19,0,3,15,0
26863.05,8744.08,0,3,9,0
3701.24,14935.01,0,4,12,0
61145.62,5538.62,0,1,19,0
18285.3,17155.91,1,3,22,0
15295.62,10845.59,1,6,23,0
9482.11,9434.98,0,13,8,0
207102.86,16667.55,0,4,20,1
9717.62,9395.31,0,5,20,0
3169.05,6677.71,0,4,15,0
21606.61,12356.49,0,4,19,0
269.57,4968.18,0,1,12,0
7915.73,4796.62,0,2,10,0
22354.92,15285.97,0,3,4,0
4134.94,1646.58,0,3,22,0
10978.72,7893.76,1,7,5,1
16190.39,16078.24,0,6,10,0
14008.26,12578.69,0,1,7,0
7678.38,6327.81,1,6,19,1
3074.4,4821.67,1,4,2,1
5721.97,1561.47,0,3,16,0
113354.76,11931.65,0,10,1,1
16092.48,4731.33,1,6,10,0
14818.03,11001.06,0,1,12,0
78686.67,9084.29,0,2,12,1
9116.04,5817.49,1,3,5,0
58014.82,4336.21,0,3,19,1
16214.28,14600.48,0,1,1,0
6589.72,4045.02,0,3,2,0
43272.8,7254.21,0,3,9,0
7855.22,7826.92,0,3,15,0
9058.32,9346.76,1,5,0,0
166110.37,17414.56,0,5,16,0
10842.91,2770.3,0,2,22,0
14699.8,13855.39,0,2,8,0
47460.24,17484.41,0,2,17,0
2162.14,14993.01,1,4,3,0
17075.26,14128.71,0,1,12,0
14249.51,9700.16,0,4,8,0
890.18,16710.57,0,1,17,0
3512.7,2739.8,0,6,15,0
27910.32,13207.71,0,1,4,0
11481.46,12253.14,0,5,13,0
10073.9,7952.14,0,3,15,0
3056.5,11136.8,0,1,9,0
17579.61,14218.02,1,1,14,0
7464.03,12749.98,0,5,16,0
11168.14,9760.9,0,2,22,0
10997.14,15759.94,1,3,18,0
3910.51,15252.07,0,1,3,0
7061.7,6596.67,0,2,21,0
6770.08,6321.88,0,15,12,0
948.27,5831.59,0,4,22,0
14152.16,17992.05,1,2,3,0
4594.68,4160.98,0,3,7,0
12242.37,15355.27,1,3,1,0
10471.68,3051.35,0,4,11,0
1539.14,13481.27,1,3,15,0
797.71,3738.09,1,5,20,0
6369.62,4152.68,1,3,16,1
27771.54,10751.07,1,3,13,1
1573.2,9961.95,1,2,20,0
14271.21,8676.73,0,3,9,0
17953.36,14028.64,0,3,19,0
34433.56,16520.39,1,2,6,1
77915.18,9444.61,1,1,16,0
8019.74,8553.95,0,3,22,0
9990.7,13326.83,0,2,19,0
3223.79,14103.43,1,10,4,0
8102.78,14300.55,0,5,8,0
154168.91,11720.37,0,6,14,1
3503.17,4915.84,0,2,10,0
9300.64,6621.63,0,2,18,0
2084.17,7718.43,0,2,14,0
27357.82,3585.79,0,7,16,1
19884.01,16674.06,1,1,17,0
37109.47,7426.54,1,7,4,1
4477.01,3454.24,0,3,2,0
21355.11,8345.06,1,7,18,1
1282.99,1728.14,0,1,16,0
21458.49,16332.21,1,1,11,0
1400.03,5858.32,1,3,16,1
14160.02,8678.95,0,3,10,0
2885.27,3593.53,1,6,10,1
2754.27,4280.85,1,2,21,0
11609.45,12389.2,0,5,8,0
2648.09,3278.93,1,4,13,0
18247.15,11696.77,0,3,1,0
11943.93,9638.54,1,10,15,1
12523.09,6834.16,0,3,11,0
2192.42,3306.04,1,2,12,0
92839.36,7866.71,0,8,17,1
6059.95,15276.58,1,7,19,0
1563.42,1793.85,0,2,10,0
6628.71,8723.43,0,5,18,0
7200.2,6059.08,0,1,21,0
745.59,1757.08,1,9,9,0
11534.48,11635.91,0,2,1,0
62531.49,13330.82,0,2,16,0
3053.28,12668.42,1,3,20,0
5275.92,9094.45,1,3,23,0
39667.67,10568.63,0,5,0,0
2151.9,2166.59,0,4,17,0
3971.78,5009.28,0,6,21,0
4847.13,12982.0,1,4,23,0
2649.71,13020.13,0,2,21,0
22830.41,17719.59,0,2,16,0
5116.52,14459.83,0,5,2,0
19729.23,16841.18,0,2,13,0
16318.02,13838.53,0,2,21,0
9775.01,12315.93,0,10,22,0
3773.15,12492.58,0,2,4,0
4948.84,12685.41,1,5,12,0
3177.35,14069.07,0,2,16,0
41476.07,15710.42,1,8,4,0
651.15,4746.25,1,1,14,0
13792.4,14055.35,0,4,18,0
538.77,3148.87,0,3,12,0
22404.73,2610.52,0,1,11,0
2966.06,10206.0,1,1,20,0
11701.44,7501.61,0,3,12,0
5761.04,16086.5,0,2,13,0
10949.87,12317.3,0,9,22,0
61764.84,5614.04,1,2,14,1
12236.59,13196.22,0,2,16,0
2432.21,3512.75,0,3,20,0
792.89,10978.72,0,13,6,0
1264.86,1908.83,0,3,22,0
59212.06,17901.16,0,2,13,1
1872.76,9363.8,0,3,16,0
9318.26,13164.28,1,1,20,0
911.13,2537.71,1,3,11,0
7452.71,5297.52,0,1,19,0
9386.27,12943.08,0,1,22,0
102797.2,13818.92,0,3,20,1
15160.67,10576.4,0,7,14,0
18767.9,5588.36,0,4,1,0
34362.54,16066.62,0,3,7,0
6226.09,5785.93,0,3,21,0
27431.87,13821.07,0,4,15,0
4385.3,2980.57,1,13,6,0
12435.75,14117.01,0,7,6,0
14467.81,10935.39,1,3,11,0
8552.8,8808.0,0,3,20,0
17368.54,16521.58,0,2,4,0
1218.44,6257.27,1,1,7,0
2682.98,8859.52,0,2,17,0
2106.0,1914.97,0,2,8,0
1883.97,16414.9,1,1,20,0
14282.18,12959.79,1,3,12,0
36533.67,17341.35,0,10,8,0
34348.49,11758.29,1,4,10,1
9218.39,13757.23,0,2,0,0
14620.08,12646.75,0,3,20,0
9228.85,8512.16,0,4,14,0
37601.89,2804.61,0,3,18,0
8104.9,11270.71,1,4,21,0
4067.38,14072.14,0,8,2,0
40863.15,3345.44,0,2,12,0
33557.93,13132.97,0,2,4,1
4362.2,4282.64,0,1,18,0
3729.01,5568.58,1,6,21,0
2722.49,6108.76,0,2,7,0
1341.89,1590.77,0,13,11,0
16257.22,11542.13,1,1,10,0
1857.22,5534.32,0,4,20,0
223148.29,15409.97,0,3,16,0
56155.56,12212.77,0,7,12,0
5688.62,5845.15,1,2,20,0
10020.33,12097.16,0,4,11,0
938.76,4165.59,0,3,9,0
1281.74,5085.72,0,4,7,0
6812.87,8095.4,1,1,8,0
1110.29,3274.15,0,2,14,0
3494.91,3693.85,0,4,13,0
19191.57,11669.07,0,3,15,0
3823.16,6097.0,0,7,4,0
12380.91,10958.82,0,1,12,0
12126.3,13208.72,0,11,3,1
1732.97,6985.36,1,2,9,0
1510.25,7551.26,0,4,4,0
9092.47,10770.47,0,4,9,0
20188.64,17371.31,0,3,22,0
1356.88,13667.12,0,11,11,0
9976.32,13223.24,0,1,7,0
2053.27,2884.12,1,3,11,0
20493.98,14488.88,0,3,3,0
6258.32,8186.95,0,3,17,0
29290.85,12176.68,0,8,7,0
13815.3,13242.8,1,2,17,0
13379.69,13215.28,0,4,7,0
618.29,5144.5,0,4,10,0
2282.91,2602.26,1,3,8,0
1170.49,5852.47,1,2,11,0
5502.98,8603.29,0,2,20,0
2788.41,7186.57,1,1,21,0
4371.18,4613.74,0,3,21,0
3870.28,8240.53,0,4,16,0
4649.73,4515.43,0,10,23,0
18846.82,15747.62,1,4,21,0
23616.96,2312.69,0,9,23,1
9583.06,7590.43,0,4,23,0
4810.37,5883.51,0,2,15,0
161372.34,16270.87,1,13,7,1
6174.73,4969.94,0,5,13,0
16340.91,12382.53,1,2,21,0
92968.78,7632.43,0,6,18,0
1062.78,2969.19,0,2,3,0
1384.17,6005.53,0,2,18,0
6283.68,4326.31,1,2,20,0
11062.66,3053.89,0,2,18,0
6688.84,7530.8,1,3,19,0
1689.55,14087.9,1,2,13,0
100721.21,17709.05,0,3,20,1
10447.3,6182.01,0,3,20,0
3581.35,17906.75,1,1,9,0
18988.08,1694.85,1,4,9,0
163.57,2309.31,0,4,8,0
137605.34,11459.74,0,10,13,0
30376.73,2176.43,0,2,14,1
9139.54,13906.01,0,2,12,0
2372.96,16529.05,1,4,20,0
24089.4,15903.05,0,4,7,0
18671.88,16348.27,1,1,12,0
16233.2,10862.89,1,3,20,0
8284.31,6587.5,0,3,12,0
14567.94,12960.26,0,7,10,0
10183.34,8305.09,0,3,5,0
80892.05,16568.06,0,4,11,0
3940.22,8021.37,0,6,15,0
2148.0,3991.39,1,6,6,0
3016.46,2608.07,0,10,22,0
7235.48,5222.28,0,1,1,0
27806.97,8650.67,0,2,16,0
16144.28,16907.48,1,11,18,1
50913.7,13539.81,0,4,8,0
26889.8,7324.74,0,2,14,0
16090.29,10968.45,0,3,10,0
23301.28,5472.26,0,5,21,0
63316.96,16605.16,0,5,17,0
11401.4,8965.38,0,1,8,0
15933.35,14687.54,0,4,10,0
14441.82,14544.52,0,8,7,0
61787.21,7184.19,0,15,22,1
9562.51,10793.86,0,6,5,0
2911.19,6257.41,0,2,12,0
52716.95,17208.52,1,1,19,0
22336.75,7021.29,1,3,19,0
18186.09,3865.8,0,3,13,0
15290.59,8733.37,0,4,19,0
936.13,6101.21,1,5,13,0
284.53,2637.49,0,2,21,0
3627.8,14013.97,0,5,8,0
12496.62,7493.12,0,4,7,0
12292.61,13510.03,0,5,6,0
5950.34,6428.94,0,1,12,0
26090.7,10013.88,1,2,10,0
1847.68,3094.73,0,12,9,0
429.56,7828.61,1,12,21,0
10614.13,10003.51,0,3,5,0
9416.04,3990.18,0,3,12,0
1252.8,4119.35,0,2,13,0
153.12,2356.47,0,1,18,0
8156.53,13185.21,1,2,23,0
11148.79,17663.65,0,4,11,0
7629.52,9717.73,1,1,11,0
11271.38,9259.35,1,4,20,0
13811.17,14044.88,0,1,19,0
5586.23,14704.68,1,5,20,0
45725.23,6958.41,0,1,18,0
6173.05,9730.68,0,4,14,0
18308.51,13795.95,0,2,19,0
736.98,2045.48,1,4,1,0
10035.32,13349.47,1,4,13,0
10817.91,8019.4,0,1,10,0
12610.23,7966.51,0,4,9,0
18318.93,4155.63,0,2,13,0
761.16,11551.57,0,1,1,0
786.33,1964.88,1,4,0,0
18017.84,15781.02,1,5,22,1
9951.49,11724.68,0,2,20,0
7440.89,6217.76,1,3,21,0
10303.64,11200.11,0,6,12,0
15482.7,14617.95,1,10,20,0
4450.21,3512.49,1,2,13,0
14254.75,10490.71,1,3,9,1
2114.11,9885.18,1,3,21,0
2131.72,13174.89,0,3,13,0
90933.55,12632.54,1,1,15,0
16392.59,12511.84,1,9,18,0
17888.1,6340.69,1,2,12,0
13333.74,16446.75,0,4,19,0
13492.06,8636.87,0,1,19,0
156.06,2210.86,1,2,14,0
13053.1,9712.0,0,3,23,0
46739.95,14335.71,0,2,18,0
18180.41,15649.94,0,6,15,0
3443.21,2824.58,0,6,17,0
4028.8,7529.61,0,11,17,0
20699.23,17411.05,0,4,21,0
367.74,3049.98,0,2,15,0
1870.14,5700.03,0,10,7,0
5112.86,3836.82,0,1,14,0
9240.34,11077.0,0,1,7,0
7261.95,12262.8,0,6,8,0
3195.28,5547.92,0,2,19,0
41352.58,14357.95,1,3,10,0
6396.77,8345.81,0,2,22,0
6607.3,16212.13,0,9,20,0
16452.53,15042.14,1,5,8,0
2247.72,7486.83,0,1,17,0
11919.53,13117.96,1,1,20,0
6214.37,16446.05,0,4,1,0
4235.82,8528.52,0,3,18,0
36307.79,2487.1,0,3,5,0
3439.59,6148.06,1,5,16,1
5425.34,5622.13,1,2,21,0
16583.84,12309.87,1,2,8,1
2982.91,2476.17,1,3,17,0
11591.1,12313.66,0,2,9,0
188772.95,17519.6,0,1,20,0
51722.49,16275.83,0,3,16,0
55234.5,6103.17,0,4,10,0
6753.86,7763.26,0,2,5,0
152.53,2628.23,0,6,1,0
9107.51,8979.22,0,2,16,0
62625.53,11427.3,1,5,9,0
9490.4,8974.93,0,2,15,0
16366.2,14475.02,0,6,14,0
4175.48,9381.26,1,3,16,0
2421.21,12252.56,0,1,17,0
9354.5,2531.59,0,3,17,0
12869.22,14857.24,0,4,16,0
1055.04,3350.71,0,3,20,0
30775.97,8544.08,1,5,16,1
32073.83,6465.92,0,3,23,0
3417.81,11355.13,0,2,10,0
10742.82,11270.19,0,3,1,0
12003.32,12033.76,0,9,20,0
2891.73,2520.18,0,5,9,0
9996.27,12629.9,0,1,18,0
18341.78,6966.58,1,2,11,1
8251.14,12732.41,1,5,6,0
1386.19,2907.39,0,12,6,0
9479.11,8112.87,0,3,7,0
14748.28,16926.32,1,5,15,0
6457.35,2538.19,1,1,7,0
16641.35,10493.07,0,5,23,1
4084.74,4746.51,1,1,2,0
13395.48,16247.11,0,9,23,0
14505.45,9111.71,0,1,22,0
15743.98,11452.45,0,2,16,0
15817.1,16652.96,0,2,22,0
3742.16,10448.27,1,4,1,0
4309.17,7856.58,0,2,16,0
85030.35,12592.36,0,4,16,0
12797.24,15733.96,1,10,15,0
14476.79,12136.16,0,11,17,0
4539.55,4015.43,1,4,4,0
78162.07,5515.09,0,4,15,1
20281.18,4862.21,0,2,12,0
23664.16,17250.37,0,8,5,0
3510.51,15919.16,1,3,16,0
19621.81,16930.32,0,3,22,0
15909.82,13896.65,0,2,14,0
4998.36,2010.21,0,3,7,0
641.98,9841.27,0,1,8,0
34087.76,9707.57,1,2,9,0
24112.32,8120.87,0,10,22,0
10423.99,6692.35,0,1,18,1
7947.05,7466.37,1,2,12,0
5348.66,4749.75,0,4,3,0
42537.77,12619.27,0,4,13,1
2614.12,15026.07,1,2,13,0
3910.85,3530.21,1,3,12,0
9574.79,3560.52,0,2,22,0
7744.07,8139.12,1,8,3,1
7187.31,2146.63,0,12,11,0
6590.01,13556.69,1,3,1,0
2371.7,9154.71,1,2,10,0
41056.76,10323.76,1,2,19,0
7868.29,7351.82,1,3,20,0
3026.32,2511.52,0,1,18,0
5486.46,14417.15,0,2,13,0
22450.53,14236.72,0,3,19,0
4738.52,6207.65,1,1,14,0
7041.39,13256.94,0,8,15,0
11711.53,14575.8,0,1,14,0
1208.5,1920.78,1,4,20,0
11376.49,7947.9,1,8,4,0
28369.23,5978.75,0,9,10,1
5265.57,4477.15,0,3,20,0
8069.84,8560.4,1,3,23,1
2162.67,15335.03,0,2,18,0
1658.64,5503.32,0,13,18,0
16341.6,11808.25,0,2,15,0
16870.09,12844.31,0,6,7,0
6685.87,5919.95,0,6,10,0
2208.3,9639.54,1,3,19,0
3145.59,6919.06,0,1,10,0
270.5,2926.38,0,3,13,0
9618.18,16943.01,0,2,8,0
1740.59,1832.38,0,3,22,0
8216.48,13319.56,0,1,16,0
1476.66,6249.61,0,2,5,0
9856.76,6568.82,0,2,10,0
1886.41,1992.27,0,5,16,0
7417.51,9741.25,0,14,10,0
4230.46,3570.98,0,5,4,0
53700.03,3679.77,0,3,16,0
8979.02,8418.47,1,3,22,0
7622.9,7240.36,0,2,3,0
1211.63,3536.8,1,3,22,0
3163.84,2653.87,0,3,16,0
7978.02,7284.9,0,5,17,0
17840.36,13493.6,0,2,16,0
7132.1,6344.26,0,4,20,0
5296.97,4686.87,1,3,15,0
31113.69,17674.04,1,14,12,0
1869.17,5751.84,1,4,14,0
9679.5,6732.79,0,1,20,0
4477.44,5000.21,1,2,11,0
1611.04,14398.99,0,2,21,0
4352.69,11136.36,1,3,19,0
11370.68,8504.22,0,4,18,0
24428.2,6787.51,1,7,2,0
1740.72,2162.5,0,3,7,0
10682.59,13808.44,0,5,23,1
42869.83,9002.03,0,2,8,0
16651.11,14295.02,0,6,19,0
19578.18,15025.69,1,4,15,0
39813.66,9522.23,0,2,14,0
2952.17,3231.84,1,2,22,1
2357.14,10970.74,0,2,17,0
189060.71,17969.46,0,3,15,0
1239.37,3247.76,0,10,21,0
1633.84,2902.08,0,4,19,0
31889.86,2918.98,1,10,18,1
22945.84,7004.98,0,1,21,0
23921.87,5678.72,0,3,12,0
11498.86,9426.11,0,6,15,0
13082.5,12099.28,0,4,16,0
23232.89,17325.67,0,1,21,0
15438.05,12592.95,1,7,13,1
8839.53,6684.19,0,3,0,0
921.68,7936.03,0,2,15,0
1302.73,3787.8,0,1,21,0
4368.71,5168.99,1,2,20,0
21702.05,4561.15,0,8,14,0
1294.68,1649.05,1,1,3,1
4420.48,6436.6,0,3,18,1
166874.73,17864.83,0,4,17,0
12034.5,12334.32,0,2,21,0
174131.17,13991.16,0,3,21,1
24008.71,15438.67,0,4,22,0
16129.91,11551.78,0,3,11,0
23982.9,17800.25,0,1,8,0
2780.25,7402.57,0,14,13,0
3492.05,3470.9,0,10,18,0
10580.41,13347.1,0,6,8,0
10279.16,10209.04,0,11,16,0
14160.79,16961.35,0,2,1,0
3897.94,11037.65,0,2,9,0
76614.23,15893.16,1,2,10,1
12393.88,16401.08,0,3,14,0
9945.15,3513.25,1,3,22,1
5875.62,2076.11,0,10,10,0
7693.83,1687.12,1,5,20,1
22417.96,17285.21,0,3,8,0
4793.5,3949.24,0,2,19,0
6723.82,8777.19,0,4,18,0
112959.98,8054.14,1,2,10,1
13225.72,11608.21,1,2,14,0
5289.5,4155.8,0,6,20,0
23382.94,3417.52,1,2,8,0
3099.31,14896.04,0,3,10,0
5554.93,4938.22,1,1,17,0
61232.59,7927.51,1,4,0,1
4261.39,5911.81,1,3,9,0
13787.44,10810.89,0,1,11,0
3200.94,6673.22,1,2,5,0
10704.27,3685.45,0,2,8,0
30754.84,9114.61,0,3,4,0
5002.31,4595.36,0,2,19,0
7079.19,7925.84,1,5,20,0
6318.95,17574.64,1,4,10,0
348.45,1742.27,1,3,22,0
12726.77,11895.2,1,3,19,0
19399.82,10167.17,0,2,7,0
5021.11,3843.7,0,5,18,0
5113.08,6197.77,0,2,8,0
13232.83,11879.52,0,8,2,0
90984.87,8481.71,0,6,20,0
4494.4,14163.02,0,1,0,0
78597.4,12632.92,0,13,17,1
3092.57,3287.32,0,4,14,0
7833.12,7431.59,0,4,22,0
75346.3,15486.5,1,2,9,1
3065.07,2222.76,0,4,14,0
4663.91,4952.14,1,8,15,0
8395.96,9374.14,0,3,17,0
5957.66,2245.36,0,2,22,0
3279.9,4769.83,0,3,19,0
45339.19,13567.63,0,1,20,0
10226.1,11868.59,0,7,7,0
3934.26,12489.86,1,5,9,0
2139.67,3302.17,0,9,20,0
10330.03,11353.11,0,5,8,0
5989.29,7812.59,0,2,23,0
2816.74,12047.01,0,1,17,0
63372.34,10971.92,1,2,11,0
9802.03,2193.17,0,5,20,1
5456.37,4187.13,0,6,18,0
147339.91,10663.87,0,3,13,0
8507.11,8836.81,1,2,1,0
9455.12,13441.8,0,4,12,0
1308.95,9464.34,0,10,14,0
12956.17,13189.92,0,1,12,0
13317.35,12925.52,0,2,1,0
15446.1,15007.92,0,1,18,0
11350.99,8379.06,0,4,7,0
19712.06,11972.26,1,7,13,1
9190.56,11566.0,0,3,8,0
1521.42,1557.67,1,1,7,0
1854.86,5235.56,0,10,9,0
33692.93,8398.16,1,2,16,0
2420.93,5847.57,0,4,15,0
4387.8,5426.78,1,2,22,0
2695.15,6902.37,1,1,15,0
6879.56,12742.65,0,3,6,0
31729.34,16977.77,0,1,14,0
7283.12,12486.59,0,5,0,0
8675.37,7973.09,0,1,22,0
1935.09,10754.22,1,15,20,0
15196.03,10759.41,1,1,22,0
10436.39,7684.25,0,3,20,0
2775.25,2550.45,0,5,18,0
2566.92,7005.48,1,1,13,0
3906.95,14861.19,0,4,22,0
2282.67,9254.43,0,12,13,0
4466.59,4380.11,0,4,14,0
14823.64,12233.99,0,5,15,0
182955.61,15551.78,0,2,22,0
20087.0,3806.5,1,6,10,0
8964.84,13618.16,1,2,5,0
11992.79,13426.67,0,3,17,0
940.06,8360.82,0,2,18,0
7365.1,8784.27,0,1,7,0
16690.32,14028.93,0,2,13,0
5824.42,10791.74,1,9,7,0
8274.56,10206.74,0,7,19,0
9271.57,10471.5,0,3,13,0
4342.52,17079.98,1,6,15,0
1882.18,11253.87,0,3,22,0
29285.45,16424.35,1,5,3,0
21817.07,4541.12,0,4,18,0
16505.97,7924.01,1,8,18,0
1861.05,5481.69,0,5,16,0
11363.06,13106.2,1,4,23,0
130051.91,9764.33,0,2,11,0
4009.8,9760.01,0,3,21,0
8313.29,7295.18,0,2,10,0
1214.42,3615.15,0,1,12,0
6354.68,4827.85,0,6,11,0
6752.58,7275.71,1,2,11,0
4900.49,9119.52,0,7,16,0
348.55,6003.41,0,2,10,0
3056.27,3769.64,0,14,21,0
117372.09,10606.51,0,5,8,1
1250.26,9880.19,0,6,12,0
3235.66,14320.61,1,10,23,0
7183.41,5757.87,0,1,0,0
37332.93,17706.81,0,2,12,0
5901.02,7336.13,0,6,17,0
1819.68,1589.43,1,5,0,0
2951.08,2832.96,0,2,22,0
19657.65,11922.46,0,5,7,0
12123.25,8134.28,0,9,16,0
9438.1,10780.21,0,6,5,0
12097.25,12946.41,1,4,22,0
113255.64,11589.7,0,7,21,0
108044.42,15206.61,1,10,0,1
11608.56,12062.83,0,4,10,0
2238.25,3826.29,0,4,22,0
15428.39,16119.76,1,11,20,0
58884.49,6511.85,1,7,16,1
3535.99,12943.42,1,10,22,0
18346.44,16596.49,0,1,11,0
3321.29,3326.42,1,3,21,0
4169.14,14497.8,0,4,8,0
5191.97,3943.58,1,4,10,0
4318.04,10291.34,0,4,19,0
11263.88,13622.6,0,3,14,0
6262.43,5847.34,0,8,12,0
29642.7,11238.22,0,1,19,0
13065.93,15572.7,1,3,19,0
3745.6,2948.03,0,2,13,0
4389.0,5215.43,0,6,20,0
10085.28,7059.15,0,4,15,0
5558.85,5271.35,0,6,22,0
5829.69,10560.27,0,1,20,0
48698.99,12736.78,0,3,11,0
8331.26,10060.44,0,5,11,0
1936.87,4888.94,1,5,12,0
18048.99,5049.67,1,5,9,0
22514.41,16479.52,0,7,12,0
69767.49,15474.38,1,2,11,0
3293.68,11640.31,0,1,14,0
3085.33,2987.84,0,13,1,0
61903.12,13176.74,0,7,10,0
21988.15,15649.96,0,6,10,0
32154.84,9778.05,0,5,14,0
41768.0,11692.48,0,4,8,0
9318.65,2488.97,0,1,15,0
2295.92,5748.25,1,3,12,0
1891.9,8301.81,0,2,23,0
1974.15,11533.82,0,8,16,0
14539.72,11162.94,1,4,10,0
1281.66,3813.41,0,1,1,0
21796.66,13584.82,0,2,8,0
13155.73,9665.0,0,1,18,0
775.31,5912.56,1,8,23,1
5672.71,5056.79,1,2,18,0
24134.97,15335.28,1,1,21,0
1281.56,16879.82,1,2,18,1
16533.59,5756.4,0,5,13,0
22967.94,16804.78,1,5,7,1
9086.81,13807.11,0,5,18,0
59622.84,11967.99,1,2,8,0
122061.31,8942.91,1,10,7,1
5432.02,8461.9,0,3,5,0
891.52,10241.62,1,1,12,0
4466.78,10289.92,0,2,17,0
20482.13,13869.16,0,2,8,0
5973.24,4071.8,0,5,12,0
15140.18,9699.21,0,6,14,0
13787.31,15949.81,1,6,10,1
993.63,12533.46,0,3,8,0
5656.98,17760.65,1,3,7,0
26204.62,6052.74,1,5,18,1
16399.72,16478.73,1,3,6,0
737.78,10225.44,1,3,14,0
50830.18,11628.19,0,2,23,0
4676.23,3943.78,0,5,7,0
47592.45,7226.01,1,5,20,0
20015.95,15149.7,0,4,21,0
37637.69,10296.88,0,7,1,0
1647.25,14032.0,0,4,21,0
5391.0,6018.5,0,12,11,0
7922.63,5781.35,0,2,8,0
21561.61,14967.19,1,5,7,0
15313.82,11605.25,0,3,12,0
34689.32,16875.1,0,15,22,0
41275.61,11865.18,1,4,23,1
16880.59,4543.99,0,2,2,0
121435.12,8199.49,1,6,22,1
3694.43,3725.46,1,4,20,0
7037.7,15815.36,1,7,21,0
3029.5,2303.01,1,5,12,0
7585.57,13956.71,0,5,9,0
6574.62,4409.88,0,3,21,0
38048.06,4137.81,0,4,8,0
22703.21,14479.72,0,3,7,0
2321.8,2095.0,0,3,19,0
8882.55,12306.87,0,3,10,0
1475.93,5431.24,0,4,10,0
11600.55,6884.91,1,3,15,0
52420.02,12434.36,0,2,19,0
12220.2,2496.73,0,2,21,0
1359.35,4175.97,1,10,10,0
8836.84,13822.03,0,1,8,0
5201.28,14213.52,0,2,9,0
2941.88,9787.59,0,4,19,0
28934.68,9002.22,0,3,14,0
30254.96,12767.76,1,6,14,0
19470.86,16624.56,0,2,19,0
5876.87,3245.94,0,7,15,0
47216.63,14254.45,1,2,12,0
46041.95,10075.66,0,2,6,0
10631.87,9725.78,0,4,5,0
10111.26,3916.2,0,2,4,0
1742.74,8085.06,0,2,7,0
26538.66,9290.38,0,2,23,0
1971.46,5678.17,0,3,7,0
11836.88,8799.43,0,9,9,0
25075.96,7269.68,1,2,2,0
16228.25,16783.67,1,3,21,0
17288.98,12737.47,1,2,22,0
15867.5,17769.49,0,3,0,0
6586.24,6688.26,0,5,19,0
44852.52,16498.05,0,4,12,0
28521.43,6243.3,1,5,16,0
9376.83,7379.24,0,5,12,0
5134.37,14314.94,1,7,8,1
91270.68,12769.75,0,2,23,1
11353.71,7112.1,0,2,21,0
1339.22,13866.87,1,2,8,0
40490.08,9476.08,0,3,23,1
1467.65,3173.68,0,12,21,0
32617.31,7715.58,1,2,0,0
7230.99,9404.56,1,4,19,0
6071.49,5575.83,0,2,19,0
23936.48,17851.5,0,3,18,0
10636.3,11294.62,0,15,8,0
6839.16,12895.68,0,2,2,0
29256.06,6419.02,0,3,2,0
5141.4,3917.89,0,2,22,0
16591.55,17424.72,1,8,13,0
2619.46,2399.97,0,11,9,0
107401.01,8719.35,0,3,20,1
1585.96,6095.68,0,10,19,0
3039.1,13820.96,1,15,14,0
3574.46,5484.58,0,5,14,0
11069.51,14082.74,0,2,7,0
5972.11,12115.86,1,7,10,0
41315.89,12703.26,0,2,5,0
8409.99,5555.08,1,1,21,0
5075.38,9612.97,1,5,19,1
2814.67,3444.95,0,4,14,0
21587.22,15556.77,0,6,8,0
5876.19,5476.12,0,1,21,0
18451.28,13904.38,1,3,15,0
14236.81,11092.3,1,6,23,1
6960.75,12469.12,0,4,20,0
7049.08,11020.08,1,2,13,0
18846.63,16189.36,0,4,21,0
16262.51,12887.09,1,2,16,0
3558.8,3306.54,1,3,19,0
974.78,1903.44,0,4,15,0
21162.25,13129.07,0,2,14,0
12858.98,12183.57,1,5,16,0
10310.96,10580.11,0,1,12,0
15646.67,17072.45,0,6,22,0
8355.36,11797.29,1,2,8,0
1685.32,1613.49,0,2,14,0
18033.02,11907.81,0,3,22,0
44363.55,10170.07,0,2,8,0
14424.24,17779.42,1,1,9,0
21644.73,13141.18,0,1,21,0
13249.9,10317.91,0,1,18,0
2355.44,10307.41,1,4,12,0
16531.39,16667.34,0,3,20,0
3297.39,3293.01,0,5,10,0
3890.72,4689.09,0,15,12,0
27553.88,8378.67,0,5,21,0
12138.0,15248.54,1,1,19,0
2555.97,1907.14,1,9,10,0
20636.64,16499.31,0,4,10,0
4627.21,9131.39,1,4,8,0
108373.86,16391.75,0,4,9,0
20480.75,10689.88,0,3,19,0
10117.69,10433.21,0,4,20,0
780.34,4623.92,1,7,16,0
41636.25,13583.27,0,2,18,0
75746.53,16680.39,1,1,17,1
8788.75,6384.54,0,4,20,0
18931.73,16312.56,0,4,18,0
13234.11,13445.54,0,3,11,0
21914.46,16918.03,1,2,9,0
682.17,6248.85,0,2,18,0
35063.81,12315.08,0,7,20,0
61703.9,17099.43,0,8,8,0
166838.37,11582.58,0,2,7,0
13059.39,15956.3,1,5,18,0
21396.86,15133.82,1,4,5,1
11948.46,8784.88,1,2,20,0
17900.59,7863.08,1,1,3,1
4114.11,3593.29,0,12,3,0
13979.6,16187.19,0,2,9,0
19717.57,14613.38,0,4,17,0
168349.37,14720.86,1,6,10,0
2299.61,12654.31,0,1,19,0
4644.39,14895.86,0,2,9,0
83030.99,17508.33,0,13,17,0
30380.4,3524.11,0,1,7,0
3871.32,10945.1,1,3,13,0
193707.2,14709.52,1,1,16,0
3331.44,3412.05,0,5,13,0
58741.1,4028.02,0,4,11,1
1685.81,2105.75,1,14,14,1
7030.71,8959.98,0,9,7,0
7007.92,6471.79,0,14,12,0
17950.63,15447.22,0,7,0,0
10868.82,11710.14,0,5,1,0
3816.59,4877.16,1,3,23,0
8243.3,8167.75,0,6,9,0
7290.21,5980.83,0,2,6,0
20611.82,13658.58,0,4,10,0
15511.8,16785.74,1,9,15,0
60479.81,16213.33,0,3,22,0
12691.74,8816.33,0,8,15,0
3797.94,13669.55,0,1,8,0
2834.57,9927.97,0,3,2,1
192662.77,13888.71,1,7,15,0
94253.68,12074.66,1,2,19,0
2183.45,7818.49,0,5,7,0
22201.83,14539.01,0,13,20,0
11321.85,2532.42,1,2,10,1
13409.74,17636.98,1,4,9,0
6093.84,9321.93,1,8,16,0
13755.4,13262.38,0,4,7,0
2055.27,2380.02,0,7,1,0
13806.85,17315.5,0,1,2,0
8366.76,6556.93,0,13,21,0
2491.31,8348.5,0,2,16,0
185110.37,12951.74,1,1,20,0
25760.29,16353.07,0,7,16,0
23795.18,5258.88,0,9,3,0
67431.67,12406.79,0,6,1,0
25447.64,3910.66,0,2,13,0
8094.08,7549.04,0,4,21,0
26870.83,16767.96,1,4,14,0
15464.32,17463.91,1,1,9,0
3158.96,3419.98,1,1,15,0
8706.02,12222.47,0,7,0,0
7630.21,6161.82,0,1,10,0
1616.02,1980.5,1,4,11,1
23197.18,16955.05,0,4,15,0
6368.1,5874.62,0,6,2,0
761.5,2033.43,1,4,14,0
7992.96,11052.52,0,2,11,0
972.41,7912.43,0,4,11,0
5550.68,9903.68,0,6,18,0
5704.89,15556.9,0,7,11,0
71697.89,16865.4,0,13,11,0
35967.39,13233.34,0,4,14,0
10565.1,10268.89,0,2,3,0
4546.66,5036.99,0,2,13,0
3134.9,3341.41,0,3,7,0
1412.56,2159.12,0,4,18,0
1185.06,2594.82,0,4,2,0
8240.15,7671.06,0,4,8,0
2886.86,14434.32,0,4,15,0
3080.08,14180.53,0,5,7,0
14540.0,8568.48,0,2,5,0
170046.71,12483.8,0,2,21,0
4911.1,11049.29,0,12,8,0
87779.43,9945.07,0,5,8,1
1857.08,7953.66,0,4,22,0
49357.07,3309.32,0,3,11,0
18180.41,15405.58,0,2,10,0
3596.08,3071.35,0,1,21,0
9893.43,15020.94,0,2,16,0
30857.16,15292.1,0,1,21,0
151803.37,10271.61,0,2,22,1
2264.48,16089.47,0,5,4,0
10075.8,3277.87,0,2,9,0
21140.52,5056.92,0,2,6,0
24877.25,17881.49,1,1,10,0
6827.61,8946.13,0,2,21,0
861.67,3361.87,0,5,11,0
3856.01,12187.43,0,3,20,0
9308.52,9408.01,0,5,22,0
3070.02,2297.69,0,4,17,0
3393.95,3188.16,1,2,11,0
19850.96,16427.14,0,3,21,0
10718.68,13045.17,1,3,9,0
869.61,5464.11,1,3,7,0
2808.83,2846.23,0,5,13,0
14469.97,10582.86,1,7,12,0
8415.58,16276.43,0,2,22,0
10401.42,9019.0,0,5,10,0
35335.33,17245.43,0,3,2,0
10926.72,12369.52,0,5,9,0
115442.86,12365.7,0,2,22,1
11005.44,10168.88,1,4,12,1
13232.85,8163.27,1,2,20,0
4858.09,2217.34,1,4,9,0
3296.43,4407.67,0,2,20,0
7331.83,9118.62,0,2,14,0
69757.19,5434.7,1,10,18,1
1341.56,6903.95,1,2,18,0
27189.82,7058.99,0,8,11,0
1053.93,1525.92,0,12,3,0
13188.47,13982.3,0,1,2,1
14699.69,11935.36,0,7,13,1
414.98,2534.41,0,9,21,0
521.04,1800.81,1,2,10,0
3425.5,3035.77,0,10,7,0
53700.88,9254.27,0,2,5,0
20849.89,13246.64,1,2,11,0
21793.55,14941.99,0,4,22,0
3231.64,3244.18,1,5,12,0
6484.24,11580.82,0,8,19,0
3839.64,6898.16,0,4,18,0
8276.17,7403.05,1,10,16,0
8877.82,4402.23,1,3,8,0
3048.36,15241.81,0,1,17,0
2297.65,5886.85,1,3,19,1
19467.89,17094.95,0,5,0,0
8768.27,10861.09,0,3,13,0
12286.78,15160.75,0,6,21,0
4628.05,2954.77,0,5,16,0
12515.52,12060.86,0,9,13,0
8942.54,6637.89,1,8,12,1
16162.28,17995.3,0,2,12,0
20056.86,13150.63,0,13,11,0
21723.11,14310.58,0,2,20,0
7789.43,5829.16,0,2,17,0
6798.09,8865.45,1,2,12,0
36330.58,4528.3,0,5,20,0
835.53,8684.58,0,10,18,0
6742.86,13877.49,0,4,17,0
11111.51,13255.94,0,5,11,0
3331.1,2296.82,0,5,14,0
11196.94,9674.42,0,14,12,1
15703.0,14798.84,1,3,11,0
5635.32,4915.25,0,4,2,0
81959.68,12774.12,1,15,9,1
5941.42,4834.65,0,2,8,0
20639.34,17791.11,1,3,23,0
7118.88,6233.75,0,2,18,0
8880.45,8564.76,1,2,22,0
8500.44,13446.2,1,2,20,0
6303.58,15935.83,0,1,11,0
2302.16,7358.49,1,6,19,0
5977.54,5173.01,0,5,0,0
15629.22,17005.03,0,2,10,0
17852.71,17837.4,0,3,9,0
22154.07,16476.46,0,2,11,0
11711.99,15949.47,0,3,21,0
15852.62,16583.64,0,3,2,0
1386.82,9218.12,0,2,22,0
13845.55,15686.7,1,5,15,0
6123.88,8480.93,1,4,4,0
1612.4,16183.33,1,2,19,0
8098.81,7858.6,0,1,17,0
5302.12,4486.66,0,3,19,0
40686.43,16944.72,0,2,13,1
12646.64,4798.49,1,2,19,0
9768.13,10613.92,1,3,17,0
5462.25,4386.13,0,2,15,0
20033.67,14736.89,0,3,3,0
15499.91,8798.18,0,5,11,0
8192.82,15379.86,1,2,23,0
10151.9,14973.41,1,8,2,1
17268.71,12522.92,0,3,12,0
5498.99,16903.6,0,2,10,0
36577.54,15481.29,0,5,9,0
688.16,7354.09,1,2,16,0
9316.6,10619.08,0,4,19,0
18689.77,17978.48,1,2,14,0
9451.65,9312.34,0,4,7,0
160831.93,17555.5,0,14,1,1
50046.79,4513.46,0,15,3,1
699.98,3468.81,1,1,11,0
1645.88,7948.45,1,2,18,0
38640.37,7903.36,1,3,9,1
24491.03,17069.98,0,3,8,0
11667.26,7390.79,1,3,2,1
6993.08,6743.23,1,3,10,0
16586.26,15157.72,0,6,12,0
11674.54,17832.08,1,2,7,0
5820.1,3778.02,1,3,7,1
6802.57,4862.39,1,1,6,0
6309.93,5425.51,0,4,16,0
17596.62,15133.05,0,4,19,0
3287.61,3645.41,1,1,18,0
2349.51,9846.21,1,2,3,0
6305.49,15024.1,0,3,4,0
6792.18,9166.49,1,2,12,0
13191.69,9684.08,0,3,16,0
46363.93,9310.46,0,1,2,1
18989.87,1623.47,0,4,1,1
12001.68,12427.44,0,11,21,0
10237.85,9811.41,0,4,6,0
5093.62,6909.39,0,2,19,0
14225.89,10685.61,1,2,15,0
135.86,1768.24,1,4,12,0
14487.12,14575.01,0,2,18,0
15433.46,13036.5,0,3,1,0
1476.6,9799.42,1,4,23,1
7385.44,9157.66,0,5,6,0
2446.57,2997.93,0,3,19,0
4800.77,10115.33,1,14,21,0
17057.49,11414.16,0,2,17,0
3256.83,6275.37,0,7,16,0
4707.29,1559.67,0,5,14,0
38308.9,6717.84,0,2,12,0
9370.46,10624.42,0,2,17,0
4977.43,4803.03,1,4,14,0
17617.64,16066.35,1,3,14,0
11386.19,9171.17,1,2,11,0
10470.56,10793.73,0,3,8,0
6757.33,13021.33,1,7,22,0
10532.76,10123.07,0,6,5,0
17814.82,14094.85,0,3,21,0
747.32,1944.0,1,7,22,0
2637.16,5889.51,1,7,13,0
9555.24,10056.79,0,1,22,0
6018.88,8651.43,0,4,9,0
16494.01,15713.43,0,2,17,0
16395.49,17635.63,0,3,18,0
14453.31,14347.15,0,3,0,0
21335.15,14665.87,0,1,11,0
8991.4,7055.07,0,14,23,0
10433.0,7373.14,0,2,3,0
1369.25,1623.03,0,3,18,0
34575.55,6504.45,0,6,9,0
15477.15,14994.28,0,3,22,0
416.81,4454.28,1,14,9,0
163469.8,17280.64,1,15,12,1
469.32,8318.34,1,3,17,0
10594.08,9936.55,0,8,0,0
51966.78,5710.58,0,2,9,0
4554.52,3907.24,1,4,17,0
2340.41,3613.87,1,3,10,0
79032.36,11841.64,0,3,17,0
16645.33,16838.38,0,5,5,0
12056.39,11115.06,1,6,15,0
6099.13,9726.9,0,2,1,0
2328.2,2198.78,0,5,14,0
1650.69,1639.93,0,3,17,0
49803.0,10040.52,0,3,15,1
8910.76,9420.51,0,2,7,0
8445.8,10136.49,1,2,9,0
6823.08,7541.81,0,13,11,0
4907.44,15973.39,1,4,20,0
2347.69,1580.15,0,2,7,0
45238.01,16241.87,0,3,12,0
15020.4,10974.39,1,10,17,1
672.99,2555.55,0,3,12,0
1619.17,7441.64,0,6,16,0
4928.71,7944.19,0,1,0,0
16952.31,3104.01,0,13,6,1
1505.41,4437.64,0,2,14,0
5398.5,16261.76,0,2,22,0
47980.52,16267.4,0,3,19,0
24090.65,9690.89,0,1,16,0
5145.9,14314.95,0,1,8,0
1636.6,2682.09,0,1,6,0
9223.03,5384.96,0,1,10,0
6983.5,9141.32,1,3,8,0
31692.11,10460.6,1,4,9,0
13685.8,15730.18,0,3,4,0
1186.61,16492.19,1,1,12,0
853.53,11238.22,1,3,1,0
15745.17,6616.98,0,7,21,0
12861.71,17058.27,1,3,12,0
16228.13,10925.34,1,3,8,0
7686.62,7787.09,0,11,11,0
13589.83,3299.3,1,3,14,0
2568.02,1924.11,1,3,21,0
16899.45,14772.47,0,6,9,0
10650.92,9544.04,0,4,5,0
5889.9,14189.72,1,4,5,0
21346.26,17599.04,1,4,13,0
14453.36,15066.52,0,2,8,0
2026.98,16413.73,0,2,12,0
17633.89,12831.44,1,5,1,1
50646.53,11076.71,0,7,8,0
8923.39,6897.35,0,4,18,0
13719.95,11036.1,0,2,20,0
5101.18,17963.51,0,3,8,0
9325.68,5938.09,0,12,3,1
14868.77,12164.22,0,4,18,0
16291.08,11564.22,0,3,14,0
6901.97,8881.84,0,1,9,0
4315.57,12917.89,1,4,4,1
9447.61,6896.12,0,3,0,0
40021.82,12814.91,0,4,18,1
17436.7,17670.21,0,3,10,0
7999.14,7082.04,1,3,14,0
139116.17,9524.91,0,3,14,0
3653.2,9464.47,0,3,5,0
37670.9,17961.19,1,4,4,0
11873.65,12649.85,1,4,8,0
11060.85,13020.14,0,4,18,0
13613.74,13511.25,1,1,12,0
15951.79,6744.36,1,2,7,0
4839.4,4446.97,1,7,20,0
93084.78,7580.84,1,5,21,0
4437.65,3701.38,1,2,21,0
2034.73,3196.16,0,3,8,0
3484.46,4300.0,1,3,21,0
18527.57,11664.89,0,3,18,0
6112.65,12189.98,1,4,18,0
2821.56,2337.35,0,1,14,0
772.74,5872.85,0,5,9,0
2772.79,7097.64,0,8,22,0
15227.3,8107.45,0,9,0,0
11546.74,11297.47,0,2,21,0
18909.56,17052.27,0,2,22,0
16780.53,14172.17,0,6,11,0
12475.02,10538.41,0,2,11,0
16375.26,15658.0,0,2,9,0
3959.15,5367.9,0,2,1,0
12456.96,17379.27,0,3,2,0
21777.1,17147.28,1,2,4,1
209295.62,14407.68,1,2,8,1
22484.99,15860.57,0,15,14,1
51751.32,7132.64,0,2,11,1
11711.31,15145.21,1,4,14,0
84382.17,7795.83,0,3,12,1
11199.47,15332.34,0,3,3,0
1307.4,15473.42,0,8,10,0
12609.14,15609.34,1,1,14,1
109616.42,12103.01,1,2,14,1
21720.59,13811.2,0,1,16,0
14246.8,17943.0,1,4,18,0
11466.68,2396.84,1,5,4,1
549.12,1825.36,0,2,8,0
15996.4,12668.33,0,7,11,0
11667.19,15598.34,0,2,16,0
6035.53,5674.3,0,3,6,0
10652.9,16563.31,0,1,22,0
11087.56,13823.15,0,2,10,0
565.38,7906.27,0,5,7,0
177.77,1929.87,0,15,1,0
17183.49,14153.0,0,6,23,0
47062.01,10382.69,0,3,10,1
14931.56,4099.14,1,3,8,1
6297.89,6481.93,0,4,22,0
21803.82,15317.64,1,2,10,0
85956.39,6088.22,1,10,22,1
3387.36,12093.88,0,5,13,0
11332.1,10135.0,0,1,13,0
14061.59,15747.6,0,4,0,0
6554.25,4571.68,0,1,8,0
3487.44,3556.07,0,2,13,0
60530.16,4324.88,1,2,14,0
12058.69,5120.81,1,2,14,0
10882.93,8202.74,0,1,13,0
20421.84,17412.07,0,2,6,0
10502.56,10807.57,0,4,23,0
697.86,7976.0,0,8,15,0
18621.95,7744.25,0,4,18,0
8707.26,7578.33,1,3,18,0
10487.26,9151.13,0,2,0,0
16936.38,13500.59,0,5,16,0
17599.73,12925.82,0,1,13,0
12295.19,13870.53,0,3,10,0
10318.54,17874.2,0,4,15,0
19332.76,15584.9,1,7,12,0
3736.47,13772.31,0,3,13,0
6150.32,9066.25,0,3,19,0
25263.04,17914.58,0,3,11,0
20056.15,12208.64,1,1,16,1
16176.24,14621.33,0,4,19,0
24185.47,14122.48,0,3,8,0
26986.06,8621.19,0,5,10,0
2558.87,4406.44,0,8,17,0
11641.45,8357.3,1,4,4,0
11017.2,15675.01,0,1,5,0
38799.31,4640.88,1,4,14,0
9011.04,9046.08,0,4,21,0
4674.85,13434.26,0,4,21,0
6519.38,5194.92,0,3,0,0
11623.56,9015.36,0,14,6,0
52609.55,4643.58,0,4,19,1
51919.5,5141.3,0,9,14,0
1707.53,8496.24,0,5,0,0
841.65,3753.97,0,2,20,0
11021.86,10144.93,0,2,11,0
7316.53,5174.4,1,15,10,1
21646.08,6979.67,0,3,18,0
9759.91,10731.6,0,2,18,0
13074.59,15623.38,0,4,23,0
16269.69,17519.2,0,3,17,0
4186.88,3444.42,1,5,5,0
567.63,2838.16,1,3,4,0
2835.37,7216.9,0,1,10,0
25075.72,6203.37,0,2,8,1
74892.8,5621.73,1,5,13,0
76411.8,10706.22,0,3,11,1
13746.97,17084.74,0,4,1,0
19802.16,16004.23,0,2,7,0
17324.98,7649.59,0,3,13,0
57125.79,12020.21,1,7,18,0
6360.6,14632.43,0,2,22,0
4469.67,5740.83,1,1,21,0
4658.51,6969.33,1,11,17,0
14293.05,13565.0,0,1,8,0
7959.41,3682.21,0,4,11,0
4551.13,17602.31,0,3,16,0
42503.84,16671.31,0,1,10,0
2445.22,15361.39,0,5,14,0
28548.26,2573.78,0,1,5,0
12943.88,16122.6,1,15,6,0
11498.91,13737.89,1,2,21,0
5752.27,9058.72,1,5,7,0
15889.73,13579.38,0,5,20,0
10760.59,14254.06,0,2,14,0
18151.85,13061.76,0,4,20,0
5808.89,11496.51,1,13,8,1
21070.26,17451.26,0,3,21,0
5692.9,4522.48,1,1,0,0
10137.14,6472.31,0,1,16,0
14972.06,6825.87,0,4,21,0
3612.84,3702.72,0,15,10,0
43715.07,6164.35,0,3,6,0
11196.02,7050.29,0,1,6,0
5928.55,5928.95,1,3,11,0
166530.89,15643.12,0,4,6,1
3572.76,3528.59,0,3,10,0
18733.3,15308.79,0,1,10,0
4216.61,15915.37,0,15,10,0
2979.5,7145.41,0,1,8,0
28660.62,17594.17,0,5,15,0
4633.54,8502.03,0,3,2,0
13362.11,13054.23,0,6,23,0
5628.61,5115.85,0,6,5,0
68637.67,5171.21,0,1,17,0
5273.48,9184.9,0,9,7,0
12006.25,3553.41,1,2,2,1
5026.32,5579.91,1,1,3,0
15767.62,16635.71,0,1,18,0
1237.7,6030.41,1,4,16,0
2265.94,3172.69,1,4,12,0
93229.03,10642.17,0,1,20,0
1702.27,2544.18,0,3,14,0
1520.23,4403.54,0,10,22,0
42526.0,8979.12,0,4,21,0
9134.0,11682.62,0,3,9,0
20689.46,11931.34,0,8,7,0
17566.19,16949.28,0,2,18,0
13559.71,11021.28,1,6,4,0
579.11,2390.56,1,2,15,0
9019.44,6966.07,1,5,15,0
1354.28,1511.39,0,10,18,0
13940.34,9193.81,1,4,6,0
179577.68,17896.14,1,2,14,1
2114.79,8616.9,0,7,13,0
8846.68,7697.5,1,2,0,0
8553.76,12551.7,0,9,23,0
22941.38,10990.31,0,2,17,0
8341.08,5390.22,0,11,8,0
86618.01,10614.35,0,4,23,0
28723.43,16803.1,0,1,14,0
1642.89,1747.1,1,2,14,0
7543.74,12247.03,0,7,17,0
10698.97,10208.97,0,1,12,0
10822.4,13924.33,0,5,8,0
65220.87,17927.36,1,3,7,0
20377.17,7183.88,0,2,17,0
5836.25,10875.13,1,1,5,1
27354.59,8786.78,0,2,10,0
8229.3,10032.62,0,1,3,0
14577.06,11155.66,1,4,16,0
152047.03,15102.86,0,5,9,1
2943.18,10059.46,0,7,22,0
8041.19,7542.16,0,4,12,0
9547.7,10677.08,1,2,15,0
6325.47,7382.44,0,7,17,0
8529.34,3712.56,0,1,4,0
22175.35,16569.75,1,3,15,0
12986.13,13361.72,1,3,0,0
15702.64,13130.41,0,1,7,0
6042.91,5586.69,0,4,2,0
595.3,9157.48,0,2,18,0
64443.4,4984.42,1,1,15,0
1044.2,10020.74,0,4,0,0
23929.33,7421.52,0,2,20,0
10789.43,11016.39,0,3,3,0
12520.73,10932.51,0,3,8,0
15101.41,12822.51,0,5,19,0
79410.15,15297.6,1,3,7,0
644.47,7153.73,1,2,10,0
8345.25,15720.11,0,4,10,0
23916.47,11204.41,0,3,5,0
2838.92,4428.86,0,1,20,0
166736.65,14355.21,0,3,17,0
6901.07,11390.98,1,10,6,1
8431.55,4261.52,0,4,0,0
981.18,3168.85,1,4,15,0
22214.22,13427.43,0,2,0,0
8316.76,9956.11,0,2,9,0
39952.22,17528.16,1,2,2,0
5590.57,4401.52,0,4,14,0
940.85,3751.76,0,4,7,0
4668.49,12714.07,1,2,2,0
10342.12,10142.41,1,15,17,0
845.88,6253.35,0,2,15,0
15516.81,16357.33,0,10,4,0
2202.72,1539.73,1,3,22,0
9729.69,17966.91,0,3,4,0
168218.28,14329.56,0,8,3,0
23520.19,16621.36,0,3,16,0
3104.88,15043.88,0,2,13,0
2933.79,9526.78,0,11,23,0
13583.85,14482.47,0,4,15,0
80194.93,14597.68,0,1,17,0
1054.91,1731.89,0,4,8,0
527.16,1777.63,0,7,20,0
5963.01,7101.79,0,12,17,0
6004.54,6124.79,1,7,15,0
8436.97,4997.25,0,3,10,0
3650.97,1733.09,0,3,16,0
44831.43,13291.56,1,3,22,0
15492.08,15757.23,1,6,16,0
1767.72,6454.49,1,5,14,0
75672.24,13496.34,1,1,3,1
2502.7,6931.7,0,5,11,0
16586.92,15844.03,0,1,21,0
26652.81,4452.26,0,1,14,0
1212.1,1773.57,1,2,9,0
7229.92,8613.77,0,12,22,0
2134.45,11599.89,1,3,23,0
5827.42,1711.96,0,3,22,0
4650.01,4664.24,0,1,7,0
11726.13,11131.21,0,4,22,0
1532.66,4344.01,1,11,7,0
38136.31,7707.19,0,7,5,1
3135.12,16500.55,0,4,6,0
10957.39,11002.67,0,3,18,0
31242.81,5923.3,0,3,8,0
1174.9,1573.42,0,3,18,0
194731.06,15461.6,0,7,22,1
19068.03,17231.43,0,1,17,0
16421.24,14417.94,0,2,7,0
1277.51,1699.8,0,14,21,0
492.21,1891.01,0,5,3,0
3983.26,11443.57,1,4,17,0
12614.1,14510.57,0,5,6,0
13934.57,9768.92,0,2,3,0
2485.35,8714.82,1,2,7,0
12846.28,11759.6,1,5,10,0
5052.14,14969.89,0,4,4,0
10553.36,8484.15,1,4,13,0
19694.77,13407.02,1,7,20,0
2472.36,16587.43,0,8,19,0
36446.9,11369.77,1,9,4,1
11369.26,15861.4,0,1,17,0
6921.21,16667.94,1,3,16,0
2772.34,8133.79,1,3,9,0
1210.37,17032.18,0,4,22,0
109635.77,7955.23,1,9,1,1
2747.01,14578.28,1,2,17,0
75235.67,11860.41,0,3,2,0
3820.56,4153.63,0,6,15,0
7319.93,7518.34,0,1,18,0
2526.14,12630.7,1,9,7,1
10399.12,7556.55,1,2,10,0
114097.5,10045.0,0,3,9,0
21684.62,16342.25,0,6,22,0
3988.89,6220.11,0,6,16,0
19217.39,13813.65,0,4,23,0
63828.23,4502.14,0,1,12,1
11595.85,11252.78,0,4,15,0
4511.15,7093.63,0,3,12,0
1254.08,2971.72,1,2,14,0
17933.81,11742.2,0,2,10,0
2162.29,2605.31,1,3,20,0
24105.86,14830.65,0,2,7,0
8214.98,12424.46,0,1,2,0
15937.98,12268.36,0,5,1,0
101220.24,10401.76,0,3,14,1
1885.95,5407.18,1,3,0,0
6429.76,9896.42,0,3,4,0
3789.41,3385.34,1,2,23,0
930.67,10163.76,0,1,18,0
40683.41,13006.57,0,2,7,0
9508.55,10925.71,0,2,3,0
9177.74,10577.1,0,2,16,0
8521.22,10026.73,0,2,1,0
3419.39,3427.07,1,2,22,0
2950.0,3844.71,0,1,16,0
34326.87,10449.14,0,5,6,1
19269.72,4691.77,0,14,13,0
6114.6,4561.57,0,3,9,0
3179.87,3154.74,1,10,14,0
69420.57,16774.0,0,2,7,0
8610.2,8954.43,0,8,20,0
3392.73,6880.65,0,2,0,0
2825.31,9403.8,0,6,18,0
57326.49,11621.56,0,11,10,1
80946.62,12343.25,1,3,5,1
4332.82,14478.67,1,3,20,0
5795.06,7497.5,0,6,17,0
6456.33,6964.44,0,2,15,0
3001.57,17442.34,0,3,12,0
4670.04,4498.54,0,3,0,0
10728.95,2871.94,1,3,17,0
455.07,2124.79,0,2,1,0
14758.13,16761.11,1,6,20,0
20993.5,16492.22,0,7,6,0
27015.4,5717.86,0,1,2,0
9389.9,4467.08,0,13,19,1
22345.18,17799.87,0,7,9,0
7400.25,10669.25,0,6,18,0
4159.17,12404.33,0,5,5,1
116174.46,14429.68,0,3,11,0
9184.29,3063.0,0,3,6,0
27723.25,12891.73,0,3,5,0
9816.37,7691.36,1,2,20,0
64754.03,4782.79,1,6,11,1
11852.67,5204.03,0,15,18,0
14014.68,12355.21,0,1,17,0
8717.94,14435.2,1,2,3,0
7670.91,11385.91,0,7,18,0
8808.43,2753.15,0,4,0,1
15190.15,9451.88,1,7,15,0
5388.16,17482.73,1,5,10,0
14235.16,17340.34,0,3,16,0
1485.01,4378.63,0,3,0,0
5191.18,9825.0,1,7,20,1
2361.46,1875.61,0,1,17,0
5210.5,16794.66,0,11,3,1
19492.38,9334.59,0,3,10,0
3008.34,16053.82,1,5,16,0
2571.07,4186.38,1,1,16,0
13067.75,15085.42,0,3,11,0
3625.43,17410.36,1,12,15,1
4074.34,5677.55,0,7,6,0
47791.36,14897.81,0,5,2,0
7907.59,12613.38,1,4,9,0
3239.04,2766.22,0,4,15,0
5953.48,11707.9,0,2,17,0
5581.11,6701.25,0,3,11,0
5764.04,16568.64,0,6,8,0
3002.56,3454.9,0,2,14,0
1989.83,5036.7,0,13,19,0
2068.0,8492.53,0,2,20,0
12377.93,16005.37,1,4,22,0
5196.23,1958.44,1,7,12,1
4114.36,6903.68,1,1,13,0
75221.6,16656.66,1,3,0,0
24893.93,16800.71,0,2,19,0
1683.1,2370.93,0,3,18,0
5837.84,5960.64,0,4,7,0
4796.71,6034.95,0,5,5,1
10668.86,9750.6,0,2,5,0
727.48,2546.51,0,4,9,0
2229.43,10902.7,0,6,13,0
14020.63,14643.86,0,5,19,0
2373.91,2503.69,1,13,18,0
11803.96,14403.09,1,5,12,0
4823.87,14764.17,0,8,19,0
4158.07,10860.23,0,3,9,0
11656.37,6470.73,0,1,11,0
54584.76,3655.65,0,5,16,0
16930.05,13786.66,1,2,6,0
78989.18,6888.88,0,5,16,0
848.27,3964.93,0,3,14,0
11914.81,12216.5,1,1,18,0
5137.55,4609.83,1,4,8,0
2369.68,8224.04,1,12,10,0
3442.15,11722.89,1,1,0,1
4323.9,7293.48,1,6,4,0
28535.06,7015.51,0,13,22,0
2813.64,3101.99,0,5,7,0
2341.41,10638.02,0,2,22,0
18018.38,17822.38,1,5,18,0
13024.4,11038.77,0,2,11,0
4531.08,2708.51,0,4,14,0
6037.89,4435.56,0,4,10,0
94196.43,7585.03,1,6,12,1
12806.35,12921.03,1,1,6,0
10653.42,14724.45,1,3,17,0
32769.72,6605.66,0,3,19,0
14002.88,1777.63,0,2,12,0
2213.57,1851.49,1,2,20,0
9494.78,8476.21,0,3,13,0
3240.93,3189.11,1,2,8,0
10339.71,8516.74,0,1,21,0
10677.49,13268.76,0,2,21,0
6780.26,7674.04,0,2,7,0
81436.35,7689.38,1,1,17,0
6809.34,8872.84,0,2,21,0
8828.87,8547.76,1,2,17,0
4338.06,11580.85,0,4,7,0
109665.79,13748.25,0,2,15,0
12163.31,11777.43,1,1,22,0
10587.32,13112.99,1,4,2,0
21681.98,4915.26,0,3,9,0
744.7,2006.01,1,1,15,0
4627.02,3326.95,0,4,16,0
20415.49,14402.65,0,3,8,0
6520.79,5416.04,1,1,16,0
510.01,2243.68,1,2,5,0
20924.39,11394.97,0,4,17,0
8442.08,5040.65,1,4,21,0
5606.27,7502.65,0,5,0,0
5786.71,3075.48,1,6,5,1
2867.28,5116.62,0,1,18,0
1369.32,5923.65,0,2,21,0
13520.79,13302.62,1,2,13,0
9123.54,9689.68,0,2,15,0
4924.02,5115.43,0,3,11,0
107456.1,16010.49,0,3,15,0
10070.22,11760.72,0,3,14,0
3322.06,3192.79,0,3,19,0
8678.75,8570.74,0,3,15,0
1441.19,5976.4,0,6,1,0
10398.68,9227.57,1,4,18,0
2134.88,5347.27,0,6,1,0
14989.92,3918.6,0,14,5,0
62631.99,15239.19,0,2,17,0
3039.35,5221.14,0,2,22,0
16088.71,13986.37,0,13,14,0
24687.16,17263.81,0,1,20,0
5770.4,9863.97,0,3,21,0
9283.62,10977.12,0,3,14,0
5873.73,9759.97,0,2,22,0
10616.43,7037.36,0,3,15,0
74655.32,11888.46,1,12,17,1
8455.3,10383.49,0,1,9,0
3065.36,4564.12,0,4,23,0
3444.82,17224.09,0,3,17,0
4663.11,14644.85,0,1,7,0
7918.77,5121.03,0,4,14,0
17562.92,3871.36,0,8,8,0
17575.47,17783.72,0,8,11,0
19349.83,11879.63,1,11,22,1
1936.81,6648.72,0,5,10,0
5803.14,16734.67,0,5,5,0
158322.06,12085.53,0,11,9,1
10539.2,8208.87,0,3,11,0
2665.07,10811.83,0,2,16,0
45997.31,15423.11,0,2,5,0
6634.82,7597.93,0,1,18,0
22092.09,15757.79,0,1,19,0
17800.29,16945.59,0,2,12,0
8023.83,7769.97,0,10,7,0
70292.37,16435.57,0,1,9,0
11640.4,13194.64,0,2,1,0
10609.42,8002.19,0,3,17,0
2690.43,6872.6,0,5,21,0
6585.05,10758.02,1,2,4,0
10075.21,12757.78,0,5,9,0
42999.35,16173.48,1,2,1,1
11543.11,11352.95,1,2,6,0
13458.73,10830.57,1,1,1,0
3117.02,2410.84,0,4,14,0
3744.68,3898.28,0,5,16,0
3426.34,10688.27,1,2,17,0
6734.36,4178.39,0,2,22,0
25100.2,14483.27,1,3,20,0
28856.42,8211.21,1,2,13,0
1499.57,5776.39,0,3,10,0
1874.09,6300.14,0,1,17,0
752.76,2877.62,0,2,8,0
582.56,3541.94,1,2,16,0
3403.66,1876.39,1,2,13,0
5764.62,4132.14,1,11,3,0
31582.1,5054.61,1,4,3,1
1380.0,1873.86,0,4,13,0
874.65,3245.96,0,2,16,0
73451.12,17372.29,1,3,19,0
104607.55,9597.94,0,2,21,1
11918.11,9329.67,1,2,10,0
886.92,7658.91,1,3,22,0
24494.12,16230.92,0,4,8,0
56056.14,16890.31,0,2,13,0
13097.36,1911.64,0,4,2,1
10388.86,14140.46,1,4,23,0
1388.71,1603.29,0,7,3,0
9789.87,5249.77,0,2,8,0
12877.46,9228.87,0,2,22,0
186508.19,14238.21,0,2,10,0
42387.92,13676.95,1,14,9,1
140062.48,12612.98,0,3,18,0
4434.23,11415.7,1,1,18,0
162726.65,16832.5,1,7,19,1
4909.48,5876.64,1,3,22,0
14189.44,13326.4,0,1,8,0
82267.78,17664.43,1,7,18,1
3154.55,9760.92,0,4,3,0
11764.51,15599.69,0,2,8,0
12667.03,11113.63,0,5,22,0
54142.6,15637.99,0,2,9,0
23883.68,15694.96,0,4,11,0
3887.87,3686.94,0,3,20,0
10342.76,6574.33,0,3,14,0
2596.16,7434.49,0,7,8,0
21013.2,14997.92,0,3,19,0
20332.24,10924.26,1,1,13,0
11512.16,8503.51,0,1,3,0
15114.94,13076.32,1,2,23,0
28666.8,17683.55,0,3,9,0
24086.44,15986.85,0,5,23,0
5063.61,4237.46,0,3,19,0
1422.91,1543.14,1,3,17,0
2082.8,5465.04,0,4,14,1
7624.12,7984.28,1,2,21,0
4974.96,3242.96,0,6,19,0
10886.59,12795.1,0,6,18,0
6382.38,14301.06,0,2,13,0
7997.04,9156.11,0,11,20,0
5154.55,4913.03,1,3,7,0
7132.89,7750.9,1,2,19,0
29892.55,14059.79,1,4,16,0
7872.23,17713.64,0,3,15,0
2246.91,1702.99,0,4,16,0
6616.16,10881.02,0,2,0,0
3464.58,3135.37,0,10,4,0
17096.91,7910.84,1,4,17,1
80011.76,5910.44,0,15,11,1
86471.76,14209.91,1,3,16,0
3239.49,4377.46,0,6,18,0
8007.7,8797.65,0,2,10,0
4115.55,4083.83,1,4,3,1
12213.35,8942.61,0,4,23,1
80761.87,17541.44,0,3,18,0
4381.02,3341.66,0,6,19,0
77058.3,11405.39,0,2,8,0
22573.51,15119.05,0,7,7,0
145648.23,14123.32,0,3,19,0
29174.15,2475.82,1,4,17,1
14881.55,9530.16,0,4,3,0
14531.58,15361.18,1,4,0,0
35918.85,7188.64,0,2,13,0
4839.9,4823.84,0,1,22,0
9283.09,10615.67,0,3,15,0
3060.03,11497.25,0,1,10,0
3977.41,4373.35,0,3,6,0
3522.9,5118.56,1,1,21,0
91651.48,11881.34,0,9,10,0
10390.23,13983.02,1,5,19,0
1731.66,5554.05,0,3,20,0
426.8,1587.4,0,4,21,0
6052.24,5778.32,0,4,7,0
9642.08,7951.87,0,1,20,0
110785.99,9028.95,0,3,1,1
10274.15,10186.59,0,5,7,1
12985.08,17348.75,0,14,10,0
5780.07,1610.92,1,8,14,1
10916.43,11323.98,0,6,23,0
11963.49,13927.51,0,2,6,0
23301.2,15725.62,0,2,11,0
18468.31,17635.8,1,2,19,0
4836.98,13046.3,1,5,21,0
14043.73,13414.91,1,2,0,1
2093.58,2232.72,0,8,19,0
109065.71,12276.56,0,4,9,0
22059.62,11057.12,0,3,12,0
6555.36,4176.03,1,2,20,0
10216.73,7256.2,1,1,21,0
1678.16,11919.66,0,3,23,0
1871.24,9356.21,1,3,18,0
11983.0,15072.51,1,4,6,0
62774.29,13987.91,0,5,17,1
21379.0,15212.99,0,3,21,0
20860.22,11238.52,0,2,2,0
6500.64,4626.28,0,5,16,0
7680.96,3893.61,1,15,19,1
155031.91,10349.59,1,3,14,1
12813.1,16679.58,0,4,21,0
1179.86,1516.33,0,7,11,0
16971.66,14265.22,0,3,2,0
1451.02,4523.17,0,1,9,0
2447.17,8707.94,0,5,7,0
9554.13,12725.63,1,3,22,0
16825.3,8182.4,0,1,17,0
2040.76,2432.86,0,3,18,0
2033.45,5512.78,1,3,3,0
10622.01,10130.75,0,14,10,0
13243.1,11877.64,1,11,10,0
154513.8,10558.14,1,9,10,1
7388.57,7292.96,0,5,7,0
2841.23,2835.11,1,4,5,1
3343.44,3147.73,0,3,9,0
1341.81,4368.14,1,3,13,0
2912.37,2225.53,1,3,11,0
10928.7,5249.44,0,2,17,0
11012.37,13020.16,0,3,9,0
14483.4,17291.17,1,4,11,0
11405.19,14691.96,0,10,18,0
8179.72,6024.34,1,3,10,0
1804.84,6097.26,0,1,6,0
15474.37,7003.06,1,9,5,0
204788.69,14398.04,0,1,14,0
8289.09,6774.44,0,2,9,0
7615.69,9320.74,0,2,20,0
17364.29,12502.24,0,13,7,0
7334.38,10566.22,0,3,17,0
17060.67,17305.68,0,2,6,0
1175.98,3217.5,0,1,11,0
4209.17,2748.38,1,2,3,0
2426.81,1872.53,1,9,16,0
24916.49,3546.33,0,5,23,0
70141.98,5356.13,1,3,12,1
37685.07,9935.96,0,4,10,0
3666.31,3698.56,0,3,15,0
5158.05,5275.97,0,3,1,0
123907.3,10320.11,0,6,9,0
15356.38,14133.36,0,3,0,0
8666.43,13415.76,0,2,13,0
5192.16,8280.34,0,2,7,0
973.18,3813.11,1,15,15,0
33241.22,11479.61,0,2,12,0
18939.11,16080.55,1,15,12,0
13526.66,14801.76,1,4,18,0
14248.61,16181.36,1,9,14,0
39455.67,11913.89,0,13,22,0
23488.46,10412.34,0,2,14,0
52306.68,11814.32,0,3,12,0
219730.53,16090.18,0,6,21,1
9660.71,10202.1,1,2,8,0
653.26,6462.58,1,8,16,0
8874.72,6431.06,1,3,10,0
3447.82,4665.69,1,4,10,1
74426.28,5338.44,0,5,0,0
11687.16,10951.44,0,4,16,0
874.37,2647.34,0,7,16,0
1217.15,2079.43,0,9,5,0
17162.51,17249.66,0,1,0,0
2870.07,3097.37,0,6,17,0
17611.72,16686.61,0,8,7,1
13275.96,16121.64,0,5,18,0
5311.62,6915.97,0,3,21,0
169799.59,12275.99,1,7,0,1
14122.79,10569.61,0,3,22,0
7863.0,6578.83,0,3,7,0
2777.3,3856.57,1,1,10,0
659.15,6432.57,0,2,11,0
789.2,3946.0,0,5,1,0
12745.76,5866.17,0,3,12,0
22310.73,14423.75,0,6,20,0
87710.26,7252.34,0,2,8,1
13938.54,10195.76,0,5,1,0
5536.58,4769.95,0,4,4,0
45228.01,14987.5,0,2,9,0
5471.9,4684.92,0,3,10,0
7624.11,10703.36,0,3,13,0
14488.14,17533.51,0,12,9,0
6500.33,9421.32,0,4,14,0
13982.0,8101.45,0,3,4,0
3742.58,17910.87,1,3,23,0
7992.75,10142.94,0,3,3,0
7848.4,10671.98,0,5,5,0
4384.89,7660.83,1,2,19,0
8241.32,8002.39,1,5,22,0
17190.68,5296.7,0,5,3,1
6292.48,4898.37,1,3,14,0
1175.73,4270.95,0,5,14,0
10188.66,17200.45,0,5,16,0
685.51,11676.92,0,8,17,0
9306.43,13000.01,0,6,8,0
2689.64,15085.65,0,4,11,0
9979.56,10338.05,0,4,18,0
605.25,4255.05,0,8,6,0
63235.33,17134.34,0,1,19,0
4587.61,12079.63,0,12,16,0
2956.87,9387.48,1,10,11,0
213285.31,15610.21,0,1,2,0
13759.31,15594.97,0,4,14,0
55903.08,12327.79,0,5,15,0
2824.99,2882.79,0,2,3,0
12825.58,13851.76,1,3,11,0
16176.31,13807.94,0,2,17,0
42112.58,15953.65,0,3,13,0
19252.14,10195.86,1,5,8,0
3992.5,14405.34,1,3,9,0
7338.16,16011.2,1,4,9,1
5937.12,3629.0,0,2,8,0
22318.93,3061.62,0,5,0,1
2082.23,8002.53,1,9,6,0
14395.39,13136.75,1,3,12,0
10068.78,10263.94,1,8,16,0
8627.02,7114.26,0,4,16,0
19151.2,17132.31,1,5,13,0
13015.37,14565.76,0,2,1,0
3474.79,1717.42,1,5,5,0
17270.26,2078.92,1,9,7,1
4510.35,15375.58,0,3,7,0
4528.94,6844.37,0,8,12,0
18455.86,13563.8,0,3,10,0
3160.16,14836.15,0,2,0,0
5058.16,4240.35,0,1,9,0
6799.39,4444.29,1,9,13,0
912.87,2731.39,0,1,11,0
5873.48,4949.45,0,5,14,0
28299.18,5844.74,0,4,22,1
4105.78,6109.35,0,4,14,0
9484.72,11283.78,0,3,0,0
5041.25,13348.65,0,2,21,0
8090.04,7428.09,0,3,19,0
19725.34,15876.11,0,4,20,0
67763.72,16037.09,0,3,21,0
3824.91,15094.55,0,11,11,0
1327.54,2273.14,0,2,17,0
4097.62,5488.04,1,4,13,0
364.15,1565.73,0,7,17,0
9381.27,15273.34,0,13,22,0
4606.17,5261.47,1,2,7,0
3092.47,10552.13,0,2,8,0
37383.27,7716.45,1,3,21,1
136637.15,17443.9,0,7,10,1
2118.1,1652.44,0,2,16,1
59903.01,13616.7,1,1,19,0
1791.33,1791.22,1,2,9,0
782.46,14768.83,0,6,8,0
24784.99,17162.33,0,7,4,0
12300.09,16768.49,0,6,11,0
20689.64,6602.62,0,2,9,0
2234.0,2742.18,0,3,5,0
18170.83,15993.32,0,6,22,0
7349.74,11781.53,0,1,18,0
97785.61,10304.57,0,2,21,0
10800.36,12529.93,1,3,4,0
19283.27,17765.56,0,3,14,0
16414.95,2388.46,0,1,10,0
14290.58,17916.23,0,8,2,1
18140.35,15850.97,0,5,12,0
3233.12,5632.15,1,10,20,0
11756.7,13622.96,0,2,13,0
10802.22,6991.29,1,2,21,1
750.34,3931.02,1,2,18,0
3205.47,4261.39,0,14,22,0
10713.93,8307.43,1,4,19,0
6160.24,5444.94,0,4,7,0
100659.76,9831.09,1,1,17,0
3560.12,3655.72,0,7,9,0
27170.68,10949.91,1,3,12,0
1638.43,4903.01,0,2,21,0
24101.5,16385.47,1,1,17,0
1275.12,3000.42,1,6,20,0
31746.25,11309.37,1,3,14,1
5783.9,15750.75,0,3,18,0
6205.85,7893.39,1,3,17,0
13163.27,15392.89,0,3,22,0
20284.95,4758.45,1,4,19,1
1101.52,3249.04,1,1,20,0
5175.38,6684.57,1,2,15,0
1995.65,6542.09,0,2,9,0
4717.35,14551.52,0,3,1,0
6413.29,7567.93,0,2,11,0
3611.59,3734.21,1,4,12,0
743.75,7733.03,0,2,8,0
39663.9,12235.48,0,5,22,0
9406.1,7048.25,0,2,8,0
4161.11,2766.62,0,1,12,0
14706.22,11688.73,0,4,13,0
15657.7,4115.75,1,3,19,0
7126.95,7493.43,1,6,18,0
759.96,3984.87,1,5,8,0
70016.14,17742.97,1,2,7,0
6967.67,8501.55,1,4,13,1
48807.98,15458.16,0,1,19,0
132059.39,11681.93,0,2,16,0
2396.67,1876.26,0,1,12,0
1557.7,14239.79,0,3,7,0
6925.12,9284.56,0,15,11,0
15942.11,13452.45,0,1,9,0
7162.44,8148.89,0,9,10,0
16963.11,15773.32,0,4,11,0
572.44,7074.31,0,2,3,0
9323.85,12438.01,0,13,22,0
22109.3,16360.78,0,3,21,0
2836.55,2789.58,0,3,14,0
71120.9,12929.98,0,5,12,1
12716.74,13792.36,0,3,5,0
13242.42,5634.88,1,1,2,1
355.76,4145.58,0,4,17,0
12738.66,3242.48,1,15,21,1
2154.43,4453.13,1,1,19,0
20492.5,6684.56,0,10,14,0
4945.94,9580.15,0,1,10,0
1328.3,6412.39,1,5,18,0
11835.85,8329.87,0,5,8,0
19900.89,15322.33,0,9,2,0
44926.31,12784.34,0,5,10,0
8168.52,8005.55,1,2,13,0
21491.04,16296.46,1,6,14,0
2880.42,11420.1,1,5,19,0
18041.44,15824.55,1,2,20,0
17662.37,15802.89,1,10,17,1
6596.85,7666.35,0,1,13,0
25209.27,13748.49,0,2,22,0
986.18,13847.25,1,3,21,0
16955.63,17027.89,0,15,22,1
13946.77,12731.79,1,2,23,1
102846.05,7174.49,0,14,10,1
10051.07,6964.79,0,14,20,0
4079.56,3932.73,0,3,4,0
19163.68,14327.18,1,6,20,0
4543.29,15301.5,0,3,13,0
12103.85,15179.13,0,4,21,0
4631.26,5117.98,0,9,15,0
7350.32,6072.65,0,10,11,0
995.01,12818.8,0,7,7,0
14461.07,14795.25,0,5,8,0
42525.48,13975.99,0,13,4,0
10481.16,11826.41,0,7,20,0
5372.41,7550.34,0,3,19,0
21298.57,16172.86,0,3,10,0
13299.0,17151.6,1,2,22,0
6210.69,7147.44,0,3,20,0
10944.08,8670.97,0,6,8,0
3742.87,7471.77,1,2,8,0
65622.01,17657.51,0,8,19,0
1629.36,2288.36,1,6,0,1
22080.7,7595.5,1,2,18,1
3679.69,3490.81,0,5,18,0
6415.87,11508.34,1,4,22,0
11990.8,13372.99,0,3,4,0
13106.91,12680.74,0,3,16,0
14412.89,12208.72,1,1,16,0
5209.28,9695.42,1,2,18,0
7095.38,8032.1,0,1,8,0
15761.13,17657.21,1,2,10,0
11647.81,10487.76,1,3,1,0
2223.72,2480.79,0,1,18,0
5600.4,4571.29,0,10,17,0
16198.57,16433.94,0,2,7,0
5256.62,13879.39,0,4,12,0
14885.83,12539.76,1,3,21,0
136935.0,16855.68,0,2,11,0
65908.57,6077.66,0,5,17,1
2116.29,2859.84,0,7,16,0
64730.19,16500.7,0,3,20,0
4377.67,5150.15,0,1,6,0
3095.38,4675.74,1,2,21,0
59503.77,15414.83,1,15,18,1
7192.28,5847.02,0,3,11,0
21075.17,15490.4,0,7,16,0
10442.58,13989.45,0,3,19,0
11180.42,9876.67,1,2,14,0
4330.24,13402.84,0,1,16,0
8504.2,12193.93,0,2,20,0
18885.57,16299.56,1,5,17,1
69721.14,6116.63,0,2,19,0
5325.41,15492.55,1,1,15,0
30296.67,8729.67,0,4,12,0
3888.64,12227.06,0,3,14,0
4662.47,12325.22,0,2,0,0
9759.87,9601.17,0,3,18,0
3554.0,12034.34,0,3,17,0
3454.39,14715.9,0,1,17,0
10346.45,17440.24,1,9,17,0
24471.48,8432.05,0,9,21,1
23463.33,15348.51,0,4,13,0
13998.18,16870.65,0,3,6,0
30137.38,2832.73,1,2,17,0
24034.24,9960.08,0,5,5,1
13750.57,17613.57,0,3,20,0
14567.77,14575.7,0,6,11,0
1543.84,4598.9,1,2,7,0
3034.83,15174.17,0,8,22,0
323.84,5094.24,0,3,1,0
15972.12,9258.01,1,7,14,0
5779.26,3431.31,1,4,13,0
3532.59,3466.33,0,5,8,0
7743.77,8040.35,0,4,1,0
7165.8,6399.49,0,2,13,0
1935.89,6801.54,1,3,18,0
18507.37,16590.89,1,2,10,0
12311.78,13706.21,0,6,11,0
10249.75,16563.07,0,1,10,0
19628.28,13299.55,0,11,14,0
20475.47,17605.69,1,3,20,0
479.14,2445.5,1,5,8,0
49324.82,3831.27,1,15,13,0
4929.53,10279.34,1,9,12,0
6745.07,7655.5,0,4,3,0
2049.14,5258.49,0,2,13,0
2823.25,2559.16,1,3,21,0
32698.95,12818.98,0,2,9,0
10133.45,8700.87,0,4,22,0
19792.35,11768.69,0,3,21,0
131575.32,12100.97,0,3,13,0
12748.9,10228.45,0,5,4,0
13509.83,1565.11,0,3,22,0
5644.35,5701.97,0,3,18,0
39020.2,17144.44,0,2,17,0
8106.53,9839.06,0,4,11,0
16848.03,12052.35,0,3,20,0
14651.49,12253.62,0,5,4,0
3102.89,14394.19,0,4,21,0
19170.87,16562.0,0,5,22,0
3726.63,2592.55,1,4,19,0
5692.67,8904.04,0,5,19,0
10141.5,8337.77,1,4,19,0
12302.34,13276.93,0,2,11,0
8313.18,11850.6,1,3,21,0
66708.82,5393.75,1,2,7,1
6983.07,5403.61,0,3,18,0
1934.18,2410.43,0,10,18,0
22236.06,15699.3,1,5,5,0
4160.12,10798.13,0,2,8,0
17241.14,17364.23,1,5,16,1
2835.92,3885.66,0,3,14,0
8176.16,6316.26,0,4,20,0
1200.59,1530.93,0,1,13,0
18050.86,10721.98,1,14,4,1
10459.11,11886.74,0,3,11,0
222297.71,17023.77,0,6,4,0
1289.53,11290.11,0,2,16,0
13679.88,17838.69,0,5,21,0
16060.08,12491.16,1,1,17,0
166169.79,16946.1,0,5,18,0
15868.78,14341.94,0,3,9,0
9561.79,9583.15,1,6,16,0
6880.7,6173.57,0,7,11,0
2964.11,8360.13,0,9,20,0
16811.99,16136.48,0,2,11,0
4021.88,2967.32,1,10,20,0
3659.13,10408.66,0,1,7,0
5266.71,13584.52,0,7,20,0
6042.93,16190.52,0,2,13,0
2507.6,2361.55,0,2,19,0
2984.23,8925.56,0,5,10,0
4710.15,14709.63,1,5,8,0
4740.41,11757.53,0,7,17,1
4184.82,9556.16,1,7,16,0
7558.12,4745.1,0,8,1,0
19886.02,14635.59,1,5,13,0
25614.84,14330.96,0,4,14,0
13201.72,9642.49,0,3,14,0
4232.71,2757.25,0,1,22,0
7139.68,6136.71,0,5,11,0
3362.2,2527.98,0,3,15,0
7093.44,6137.74,0,4,18,0
13524.55,14041.18,0,6,13,0
15624.91,13161.84,0,15,19,0
24902.23,8937.17,0,3,8,0
3131.7,3109.78,0,5,16,0
14004.24,17719.29,0,5,12,0
2538.69,2357.22,1,2,9,0
3293.08,11468.21,0,4,17,0
4476.46,16856.29,1,2,18,0
15316.72,15606.59,0,2,13,0
4328.54,17917.66,0,5,9,0
4804.18,4026.16,0,5,21,0
4824.17,3879.22,0,7,17,0
1136.72,3390.98,0,9,8,0
19245.03,14393.9,0,2,15,0
19313.58,17894.23,0,4,15,0
2332.41,3062.31,0,6,9,0
2728.93,8839.79,0,2,15,0
8793.61,7612.59,0,5,2,0
5828.03,7747.25,0,3,4,0
10685.21,9019.28,0,4,16,0
2488.94,12444.7,0,3,3,0
16159.47,3268.58,0,3,13,0
4002.99,10159.38,0,15,12,0
5365.32,10956.09,1,6,19,0
4643.78,15059.26,1,1,10,0
36747.2,13561.99,0,4,16,0
12923.45,8169.33,1,3,8,1
27891.42,4240.03,0,5,8,0
54212.09,14999.47,0,1,9,0
248190.94,17812.92,0,6,19,0
24598.96,13635.35,0,5,8,0
12428.39,8812.44,0,6,10,0
4920.31,5665.2,0,1,22,0
17456.82,15394.97,0,5,16,0
10416.9,14781.62,1,1,3,0
4045.62,5522.81,0,3,23,0
4080.55,5112.76,0,1,13,0
17538.44,13440.69,0,3,7,0
44325.7,8076.84,0,4,23,0
3759.51,6206.15,0,3,2,0
123711.95,15634.15,1,12,5,1
7255.28,6378.13,1,3,7,0
42768.63,13278.7,0,3,2,0
5422.61,4839.0,1,3,12,0
3738.78,10913.4,0,2,15,0
29148.6,17739.06,1,6,9,0
2003.97,4033.27,0,3,5,0
64888.45,6873.96,0,3,13,0
15244.77,17470.46,0,2,14,0
6470.85,10276.12,0,3,3,0
2613.7,3892.21,1,5,1,1
4920.2,15941.49,0,1,11,0
15641.43,6620.98,0,4,4,0
7478.29,6709.0,1,2,21,0
14118.84,14777.51,1,5,11,0
13901.38,13752.39,0,6,23,0
19029.99,1884.11,0,3,22,0
66707.48,6069.98,0,1,20,0
10603.38,17780.52,0,1,11,0
37898.67,13821.05,1,15,2,1
4860.23,8411.45,1,5,1,0
3506.98,15810.5,0,6,16,0
123868.55,10290.22,1,2,11,0
4155.63,17749.58,0,1,9,0
6352.56,9546.82,0,4,12,0
420.79,4724.42,1,3,22,0
6350.16,7640.48,1,2,15,0
1080.76,1998.62,1,1,17,0
10476.35,10975.53,0,5,7,0
10954.54,9054.4,0,1,13,0
11272.25,8732.22,0,7,5,0
8844.53,7793.27,0,3,14,0
42024.65,9979.99,0,6,21,1
593.27,3955.57,1,4,9,0
9633.98,12017.14,0,3,17,0
42513.2,15119.09,0,3,14,0
11211.29,9869.93,0,11,8,0
7815.27,11263.67,0,5,12,0
149486.76,15078.44,0,8,14,0
138917.77,13599.66,1,2,5,0
5166.98,17771.66,0,3,0,1
3915.9,11647.3,0,5,7,0
5129.9,10945.35,1,5,10,0
1026.89,5867.74,0,5,20,0
14014.22,13886.59,0,14,19,0
11670.4,13382.97,0,8,12,0
14242.12,10347.31,0,6,4,0
3165.47,8138.42,1,1,11,0
759.04,13996.65,1,13,13,0
5188.55,13636.49,1,2,16,0
10850.09,17494.34,0,3,17,0
2732.91,14076.8,0,2,22,0
2355.69,2209.55,0,3,14,0
1876.07,17871.11,0,3,2,0
22278.52,16848.0,1,1,7,0
580.99,1563.75,0,11,20,0
2059.04,2254.65,0,3,23,0
767.01,1998.71,0,7,1,0
9368.39,12292.69,0,5,19,0
7939.68,11842.61,0,7,8,0
18557.78,17313.72,0,7,17,0
1612.11,2011.41,0,13,11,0
155203.19,13809.8,0,9,11,0
9979.78,17866.36,0,2,21,0
27130.5,3950.02,0,10,7,0
1276.91,7433.57,1,3,18,0
102926.92,8846.74,0,1,16,0
7604.26,3068.38,1,3,16,0
16537.13,5802.14,0,15,13,0
18742.45,9574.43,0,3,18,0
2339.19,4991.44,1,2,22,1
5026.99,3780.39,0,11,18,0
13472.33,10075.94,0,3,5,0
11424.66,7112.32,1,1,21,0
6987.37,9575.59,0,6,21,0
9397.72,2283.45,0,3,0,1
9624.22,10297.7,1,4,12,0
6390.15,7726.96,1,3,11,0
10883.83,13123.56,0,2,12,0
2726.94,2436.89,1,2,17,0
1561.89,7463.46,0,4,23,0
9237.89,10062.09,0,4,23,0
2933.12,13902.73,1,2,4,0
5154.69,4433.94,0,7,20,0
6808.35,7128.18,0,1,12,0
4457.08,8899.56,0,3,23,0
2385.92,1901.7,1,2,12,0
779.37,11214.51,0,5,21,0
7792.65,11105.76,0,2,11,0
48498.05,11041.92,0,4,8,0
984.89,17394.58,0,5,9,0
14833.45,12595.21,0,3,14,0
13980.02,5751.27,1,4,16,0
8669.29,5555.45,1,6,15,0
10563.98,13449.16,0,6,15,0
21004.07,17308.53,0,2,13,0
10024.55,13397.4,0,1,18,0
47402.76,13707.92,0,2,15,1
2026.96,1859.78,1,4,9,0
17580.65,4941.97,0,10,10,0
4607.83,15026.88,0,9,17,0
7236.19,5421.36,0,3,0,0
24178.51,1701.56,0,10,23,1
8616.44,7707.68,0,2,7,0
191.85,3293.83,0,3,7,0
5995.77,14014.06,1,4,10,0
25291.25,8759.01,0,4,22,0
7447.64,7407.43,0,2,6,0
10850.16,10624.71,0,6,15,0
9731.41,12156.24,1,1,23,0
4548.32,5668.92,0,3,22,0
7397.42,8294.88,0,9,11,0
16086.95,12375.01,0,5,9,0
4521.74,3783.12,0,3,10,0
12709.41,14691.19,1,4,7,0
17422.1,17491.41,1,1,22,0
7385.24,1508.56,1,3,8,1
13713.78,17893.46,0,6,22,0
9968.03,9455.88,0,2,20,0
24696.81,17905.6,0,5,2,0
3071.98,7821.96,0,3,8,0
8792.8,3070.11,0,1,5,1
16837.1,12309.38,0,3,8,0
33409.65,8984.63,1,3,12,1
1169.34,9991.38,0,8,14,0
4304.32,3883.45,1,5,11,0
112205.08,13897.07,0,5,11,0
15841.54,14535.63,0,5,11,0
12989.26,13469.17,0,4,23,0
18731.59,8724.39,0,11,18,0
6461.3,11632.46,1,11,9,0
1666.76,3093.8,0,4,11,0
200020.84,13943.51,0,8,12,0
21149.41,14046.07,1,13,20,0
3373.73,11305.86,0,6,18,0
1808.86,11775.69,0,3,21,0
24060.07,6548.0,0,4,12,1
5950.29,5973.78,1,8,16,0
15624.58,17840.31,1,1,22,0
10659.52,8252.71,0,4,17,0
13155.34,8526.67,1,2,19,0
5892.39,14906.38,0,1,14,0
3944.08,4692.58,0,5,3,0
830.4,2808.73,0,4,1,0
887.73,2866.73,1,4,22,0
1989.78,2451.93,0,2,14,0
1155.64,3349.16,1,2,13,0
3890.73,4098.97,0,5,22,0
1499.63,2774.89,0,1,23,0
19661.37,13564.2,1,7,12,1
14274.65,12140.25,1,6,10,0
1440.39,6589.58,0,3,0,0
11561.76,9840.8,1,2,19,0
198.32,3435.44,0,13,5,0
8139.82,11404.51,0,2,14,0
15541.81,7843.06,0,1,1,0
10428.77,15701.86,1,2,23,0
20604.22,16769.5,0,4,17,0
24295.33,16152.47,0,4,13,0
5755.9,4545.65,0,7,4,0
16851.16,14495.23,1,3,10,0
1827.18,6607.47,0,4,15,0
14906.89,16564.96,1,4,13,0
2343.01,14664.1,0,2,0,0
6448.09,15483.65,0,4,4,0
12601.39,8927.0,1,10,9,0
3885.04,5400.16,1,3,20,0
14607.43,6417.79,1,7,7,1
1526.15,5720.38,0,14,19,0
14823.51,12038.39,0,1,11,0
5975.45,4551.47,0,5,21,0
11078.63,5828.23,0,6,14,0
6260.72,7136.32,1,2,16,0
3425.31,9990.62,0,2,20,0
15676.3,8352.41,0,5,16,0
16892.05,10975.51,0,14,2,0
2280.53,5885.58,0,4,0,0
12534.66,15455.47,0,5,9,0
2511.82,8917.23,1,2,9,0
8294.51,6821.85,0,5,2,0
7352.17,7733.04,0,5,22,0
6716.96,6432.8,0,3,15,0
1195.24,4008.59,1,3,12,0
18175.95,10930.56,0,4,11,0
9948.56,9884.76,0,4,10,0
409.02,2737.79,1,2,19,0
2250.48,17185.71,0,4,4,0
2908.25,4714.84,0,4,12,0
15390.0,15229.98,0,2,7,0
594.04,3449.63,1,3,18,0
34668.3,5997.16,0,15,13,1
1803.28,7494.55,0,2,4,1
7940.34,15343.4,0,4,16,0
10783.8,13676.64,0,2,8,0
2272.54,2934.71,0,1,13,0
3607.3,12521.21,0,4,9,0
51210.86,3937.52,0,14,9,1
9255.0,6895.83,0,2,10,0
10814.01,10899.14,0,3,21,0
91176.89,12846.47,0,9,13,0
6209.84,6368.16,0,4,9,0
11525.51,11759.64,1,2,8,0
8012.32,8973.63,0,4,20,0
6416.43,6895.32,0,3,2,0
10294.64,15872.92,1,2,10,0
15177.43,15896.0,0,2,9,0
1174.29,8447.89,0,4,16,0
38717.21,12619.2,1,3,1,1
569.46,2847.28,0,5,6,0
1057.13,8375.57,0,12,12,0
14689.62,7413.72,0,4,11,0
5145.33,17373.24,1,2,4,0
7816.88,6821.67,0,1,10,0
6292.3,2316.25,0,4,18,0
15181.84,10927.38,0,5,16,0
15769.04,14771.8,1,3,8,1
1363.7,2307.41,0,15,7,0
12198.6,10267.92,0,4,11,0
7794.41,7717.23,0,2,3,0
6432.53,6517.96,0,3,15,0
5488.6,11626.28,0,6,16,0
5670.19,11668.25,1,1,15,0
4339.71,12772.9,0,5,14,0
17864.47,11119.14,1,3,8,0
2392.68,3487.24,0,2,11,0
8190.27,3769.0,0,7,14,0
1773.4,2152.74,1,4,6,0
35563.76,7878.58,0,9,9,0
551.51,2519.9,0,1,10,0
4592.86,11502.24,0,4,10,0
10938.45,2313.25,0,3,22,0
6728.75,4408.81,0,2,11,0
6925.5,4549.51,1,2,13,0
11694.41,12676.35,0,3,14,0
6728.04,5504.77,0,4,7,0
97002.83,16685.98,0,4,0,1
2624.56,3029.94,0,2,5,0
13125.81,12531.66,0,8,9,0
30847.81,8153.18,1,1,4,1
14536.18,11943.37,0,6,14,0
1689.52,11820.67,0,3,4,1
27579.6,5786.67,0,2,17,0
2044.58,1703.55,0,8,7,0
9206.82,12032.61,1,4,7,0
10931.94,9270.71,0,3,21,0
9479.38,2076.58,0,1,18,0
5494.16,9580.05,1,3,22,0
155962.37,17828.6,0,2,1,1
8231.14,8160.37,0,5,18,0
108283.99,7997.23,1,10,17,0
8373.35,7348.37,1,3,7,0
1458.72,8562.46,0,1,23,0
17373.12,9442.69,1,5,16,0
33710.56,10564.71,0,5,1,1
2635.01,12100.2,0,3,18,0
10031.79,17078.09,0,3,15,0
14892.48,11968.7,0,4,16,0
5748.74,6264.23,0,2,21,0
9974.81,11659.59,1,2,12,0
95033.63,15201.41,0,1,1,0
4507.55,5028.57,0,3,12,0
2498.5,3608.94,0,4,20,0
18479.18,12748.19,0,4,18,0
11585.88,12417.41,0,3,3,0
38640.29,8948.24,0,8,12,0
9574.54,15170.95,0,4,22,0
5552.7,14066.32,1,5,3,1
1286.37,13854.07,1,2,18,0
12148.4,12940.01,0,1,15,0
74209.84,10868.89,1,2,1,0
19272.83,15057.07,0,4,9,1
74459.88,9861.61,0,4,21,0
14622.57,16325.34,1,3,19,0
19008.93,13913.75,0,1,10,0
5750.8,6093.09,1,3,6,0
22259.46,15289.48,0,4,21,0
10549.92,4418.41,0,8,17,0
1726.83,7982.18,0,9,7,0
9431.89,11165.69,0,4,8,0
9482.49,5020.27,1,1,11,0
43643.54,3071.74,1,1,22,1
11408.75,17219.66,0,4,3,1
67484.72,16756.22,0,1,14,0
4569.4,9305.75,0,3,0,0
458.95,6110.76,0,6,10,0
7427.83,9869.64,1,2,12,0
72222.71,16602.43,1,5,13,1
31333.52,17984.39,0,4,22,0
21676.33,17635.65,1,4,16,0
14409.38,13208.41,0,1,19,0
4544.55,15455.65,0,1,18,0
4925.1,5332.06,0,3,5,0
4213.28,2918.71,0,4,21,0
1665.94,8822.54,0,2,13,0
9710.88,7974.88,0,2,10,0
46284.4,9940.26,1,5,0,0
12872.36,9561.64,0,12,14,0
4419.79,11176.35,0,12,18,0
23707.07,17044.05,0,6,12,0
2364.52,10823.79,0,1,3,0
13538.97,3405.52,0,5,5,1
16287.05,2388.12,0,4,8,0
17826.78,16921.11,1,3,22,0
2123.02,6627.21,0,2,20,0
3434.06,12143.85,0,9,14,0
2423.93,1822.62,1,1,20,0
4237.71,13472.86,1,8,14,0
28201.56,5953.34,0,5,8,0
11439.29,7716.13,1,3,2,0
19890.77,11243.87,0,1,20,0
2355.36,4711.04,0,4,2,0
24369.36,7477.5,0,4,10,1
10231.05,15529.53,1,5,23,0
10438.13,8386.91,0,4,19,0
636.79,3183.94,0,4,17,0
4280.23,3929.17,0,7,15,0
8543.46,6800.54,1,3,6,1
25417.87,4226.89,0,8,8,0
17403.61,15541.45,0,3,9,0
9869.31,10546.35,1,3,10,0
10239.19,7745.36,1,4,14,0
3318.39,5546.89,1,2,15,0
11266.84,13563.66,1,3,15,0
33293.98,3199.54,0,4,14,1
481.52,1518.02,0,4,21,0
7084.22,6845.66,1,2,17,0
11179.75,16548.68,0,2,11,0
3858.52,4033.17,0,3,7,0
1341.92,1713.28,1,4,15,0
39519.48,8465.72,0,4,13,1
17515.05,15360.94,0,4,17,0
15077.76,11590.47,0,2,18,0
6662.81,6576.48,0,2,17,0
857.79,12102.82,0,3,12,0
14012.45,14849.55,0,1,2,0
35829.34,17923.74,0,1,11,0
25583.53,6252.71,0,3,14,0
8444.95,8922.68,0,3,8,0
862.73,6908.83,0,2,13,0
3308.19,8349.27,1,4,17,0
12291.88,3786.58,1,4,11,1
14971.03,14065.35,1,8,10,0
4396.21,16144.92,1,2,10,0
4010.99,5551.56,1,7,3,1
58266.69,7810.39,0,4,11,0
6674.77,7680.07,0,8,16,0
43140.59,9106.32,0,3,21,0
167008.75,12726.91,0,1,7,0
12125.46,16456.73,0,10,6,0
2894.11,2229.15,0,11,6,0
6668.47,5067.93,0,6,8,0
8325.22,8579.74,0,2,7,0
14013.58,10275.3,0,3,5,0
12501.69,12928.31,0,7,20,0
11966.41,8966.39,1,3,22,0
9637.72,12439.73,0,6,18,0
21675.0,17938.37,1,10,2,1
6098.65,2843.8,0,5,7,0
11495.54,8625.57,1,6,17,0
3692.13,11610.25,0,2,18,0
7102.25,9779.29,1,7,22,0
6682.47,7835.2,0,5,16,0
19005.3,16820.68,0,1,2,0
3912.06,4092.75,0,2,0,0
48571.82,4944.47,0,2,3,1
9055.86,7630.46,1,10,6,0
3019.38,2556.22,1,5,20,0
17302.15,14515.1,0,3,11,0
4919.36,8475.11,0,3,16,0
8351.0,1763.05,1,6,8,0
4087.21,2119.67,0,5,9,0
31454.66,7206.87,1,2,20,0
19977.37,16894.2,0,6,16,0
15182.69,16453.9,0,2,16,0
10441.36,12871.71,0,7,19,0
32692.71,10714.94,0,2,22,0
10555.61,13851.58,0,2,7,0
1012.72,1895.51,1,3,8,1
43181.08,4589.44,0,14,20,1
2188.31,15581.28,1,1,5,0
20538.72,14964.92,1,1,10,0
14359.26,17949.01,0,1,16,0
546.84,2164.19,0,2,23,0
11147.89,11427.03,0,6,0,0
10681.04,8209.22,0,2,8,0
20419.2,17779.37,0,3,19,0
12454.32,12166.05,0,4,11,0
5713.33,14502.95,0,14,22,1
10325.23,3599.75,0,2,11,0
9903.03,13437.64,1,4,9,0
170573.56,14711.93,0,3,10,1
5589.64,10256.93,0,15,9,0
7584.3,10474.19,1,4,23,0
156394.88,14184.05,1,3,18,1
5905.71,7303.09,0,1,20,0
7996.0,4867.49,1,8,15,1
5741.7,5484.89,1,4,17,0
6054.24,7192.72,1,2,19,0
13653.82,15218.76,1,14,10,0
18227.21,17523.73,0,6,16,0
6983.35,5055.67,0,2,11,0
45418.21,15712.5,0,6,12,0
3796.04,8871.33,0,4,13,0
7856.77,3365.37,0,5,18,0
2440.12,2839.04,0,6,9,0
2190.64,4839.85,1,5,7,0
31833.26,16224.22,0,2,21,0
14688.23,12682.19,0,7,3,1
6557.48,9435.02,1,1,7,0
35394.9,11182.11,0,4,8,0
13250.35,14161.21,1,2,6,0
4145.79,6255.29,0,2,11,0
23085.96,16828.9,0,9,9,0
31254.58,7754.28,1,4,18,0
6180.48,6558.14,0,3,14,0
15267.74,8358.69,0,1,11,0
12693.7,13375.25,0,4,12,0
25096.74,6818.59,0,4,9,0
7484.45,4795.44,1,4,12,0
12317.66,11985.01,0,3,8,0
107663.05,9966.84,0,4,17,1
4143.74,3873.89,0,4,22,0
12790.64,16307.1,0,5,5,0
1916.7,3054.79,0,2,22,0
2120.96,5185.34,0,1,11,0
21403.74,16233.9,1,4,13,0
575.97,1755.62,0,3,3,0
2867.46,4942.65,0,4,3,0
14237.38,14107.26,0,2,8,0
4779.81,3632.64,1,2,16,0
28591.91,15557.93,1,1,12,0
16367.23,15804.41,0,2,11,0
3356.23,4725.55,1,2,20,0
20201.35,16764.48,0,4,11,0
5239.06,4872.03,0,3,19,0
65687.51,5095.8,0,3,20,1
8138.86,5390.64,0,2,21,0
7905.84,8326.41,0,11,18,0
16363.19,4614.16,1,2,7,0
50121.85,14652.25,1,2,13,0
37175.06,15568.27,0,2,6,0
54161.98,8987.39,0,2,18,0
3219.23,3975.39,1,3,11,0
890.64,15819.2,0,2,11,0
97549.66,12389.93,0,3,6,0
7127.98,7625.47,0,4,19,0
17835.43,9319.91,0,1,0,0
71855.23,8784.35,0,1,11,0
6412.24,16395.9,0,2,21,0
9164.42,6782.43,1,13,17,0
6284.55,8718.59,0,2,9,0
17088.51,13657.62,0,13,8,0
3222.77,3631.92,0,1,8,0
26901.9,5181.35,1,1,7,0
3736.04,9524.36,1,2,15,0
2595.95,2828.51,0,5,18,0
8370.62,8111.88,0,3,15,0
3448.13,17240.64,0,5,14,0
9047.38,9020.31,1,3,20,0
1777.56,4839.69,0,4,10,0
9215.02,3072.56,1,6,7,1
4328.1,7573.54,0,4,13,0
4777.51,12952.1,0,4,23,0
1894.5,7155.92,0,5,8,0
1879.73,7092.29,1,4,7,0
4883.48,3402.21,1,1,17,0
1570.14,8745.11,0,7,20,0
10050.94,2402.88,0,2,14,0
12567.99,14565.37,1,3,11,0
3477.1,2802.67,1,5,8,0
55243.11,7170.16,1,2,15,0
4829.11,4199.02,0,10,23,0
12437.16,13523.73,1,4,3,0
53974.6,16773.83,0,11,11,0
15716.82,13760.18,0,4,10,0
15327.29,11680.88,0,3,17,0
114298.98,11899.66,1,4,5,1
882.32,4411.59,1,3,15,0
22811.6,17218.27,0,1,8,0
23235.12,15017.78,0,4,12,0
8947.0,9962.31,0,2,18,0
4567.42,14319.21,0,2,15,0
8723.61,8060.04,1,1,17,0
33958.72,10250.69,0,3,19,0
2758.71,3389.75,0,6,0,0
2106.81,5438.74,1,7,9,0
4236.29,6774.48,0,12,10,0
12412.89,13048.72,0,2,18,0
22210.89,4387.82,0,2,17,0
9222.4,10565.26,0,1,0,0
12001.18,9665.78,0,1,7,0
6080.0,16357.93,0,3,20,0
11245.41,12998.36,0,2,22,0
3122.12,3894.65,0,9,1,0
5663.85,6469.47,0,5,14,0
5985.03,5009.13,1,8,17,0
3400.1,9991.33,1,4,9,0
36148.86,7365.1,1,3,8,1
27448.48,16706.13,1,4,20,1
13436.27,3693.56,0,3,17,0
10442.53,11447.71,0,3,13,0
15680.04,8733.72,0,4,16,0
3899.27,4131.64,0,2,9,0
59668.89,9066.04,0,2,11,1
30567.52,17961.64,0,3,17,0
3568.94,3792.15,0,2,17,0
2311.12,15523.96,1,5,7,0
639.48,3974.03,0,3,18,0
86130.25,9004.08,0,5,9,0
17987.26,13173.42,1,4,11,0
988.43,2483.7,0,2,14,0
15376.66,15458.87,1,2,12,0
2958.31,3455.01,1,5,5,1
6077.1,10139.85,0,2,13,0
8727.38,12546.42,0,5,1,0
10304.67,16017.78,0,3,13,0
13716.87,14730.89,0,1,0,0
35301.18,13625.74,1,1,18,0
9796.44,6948.32,0,2,21,0
11219.49,17885.9,0,3,21,0
56606.23,13613.41,0,2,11,0
23286.0,15039.66,0,5,21,0
25597.55,17745.54,0,4,13,0
11104.75,8620.06,0,8,0,0
1226.79,7106.94,0,2,11,0
22823.14,4527.19,1,1,14,1
11860.87,10012.19,1,3,12,0
40683.05,8454.14,0,9,14,0
1253.39,1730.55,0,4,18,0
14054.69,9728.02,0,4,19,0
16515.49,16442.15,1,6,16,0
54407.39,4102.65,0,1,3,0
80277.22,16189.26,0,3,19,1
24846.68,13187.91,0,4,10,0
39701.71,17355.45,1,3,21,0
874.11,4617.98,0,3,7,0
4206.02,13402.96,1,6,19,0
172054.74,15124.84,1,3,0,1
43936.28,10304.73,1,2,8,1
3890.01,3817.43,0,5,20,0
31435.45,7718.55,0,3,13,0
174780.75,12866.8,0,3,23,0
12186.19,7567.61,0,2,18,0
3008.18,2002.94,0,2,12,0
6552.22,17938.93,0,3,7,0
33066.3,11293.01,0,8,21,0
10019.83,8086.07,1,15,22,0
14276.44,13482.77,0,11,17,0
8561.31,12760.16,1,3,11,0
3402.4,13049.69,0,2,12,0
5276.62,4048.16,0,2,15,0
14323.63,11637.27,0,2,5,0
18623.95,16884.45,1,2,8,0
1603.42,1621.24,1,2,12,0
125151.48,15949.69,0,4,16,0
3354.2,3229.3,0,3,2,0
77154.84,7728.25,0,12,6,0
25482.81,5861.22,0,5,0,0
18688.56,14833.81,1,9,21,0
7727.51,8565.5,0,10,11,0
12546.06,9302.64,0,6,8,0
10039.57,15039.51,0,2,5,0
10534.37,14038.79,1,2,11,0
16917.92,16815.82,0,3,7,0
50083.65,16942.49,0,13,17,1
12150.49,9611.57,1,4,22,0
1679.72,9635.68,0,7,9,0
1106.83,3022.25,0,1,21,0
6541.38,7990.18,0,2,9,0
2801.87,2339.53,0,10,1,0
12392.34,5267.55,0,2,22,0
10073.41,6290.1,0,2,15,0
4015.74,14629.19,0,2,12,0
4396.82,10317.36,1,5,2,0
14265.03,12711.51,1,3,12,0
184626.99,14791.24,1,2,19,0
15975.27,13798.37,0,6,7,0
16128.99,15081.56,1,2,10,0
2193.12,11693.52,0,3,10,0
48400.16,16769.91,0,2,10,0
4934.61,12315.61,0,2,19,0
14635.81,7335.33,1,1,19,0
6018.85,1640.33,0,2,11,0
7219.22,9752.92,0,1,18,0
16494.42,6089.68,1,2,19,0
12799.65,17382.7,0,9,15,0
55356.79,4415.01,1,5,15,1
6377.85,5878.15,1,4,9,0
19339.71,5831.9,0,4,22,0
4617.88,13371.07,1,15,9,0
6170.36,3217.92,0,2,17,0
28848.58,7604.74,0,3,13,0
91462.91,9844.46,1,6,15,1
21951.26,15514.96,0,6,12,0
1457.17,5380.35,0,3,15,0
5085.8,13602.6,1,4,16,0
19839.6,14494.67,1,2,8,0
5844.44,5793.05,0,6,18,0
3760.64,2920.28,1,4,21,0
11726.62,11497.77,0,1,21,0
417.44,2236.71,1,1,15,0
19533.53,16447.39,1,8,18,0
2707.02,10215.81,1,3,5,0
4357.06,7467.44,1,4,22,0
6392.69,4776.63,0,1,5,0
4531.43,6149.15,0,3,22,0
5943.24,5208.17,0,9,4,1
10314.5,13411.42,1,2,23,0
3466.24,17331.21,1,5,15,0
25216.51,15056.62,0,6,15,1
2646.7,4694.18,0,4,19,0
2003.39,6021.35,0,9,2,0
19027.49,16662.01,1,5,8,0
6004.16,6745.06,0,6,18,0
6985.45,9223.41,0,2,0,0
161811.53,17486.87,0,5,22,0
2759.56,2964.12,1,2,4,0
3211.82,3233.79,1,1,14,0
1218.07,14182.36,0,3,16,0
141974.96,10704.48,0,1,21,0
10578.4,16375.98,0,3,4,0
83879.54,10787.4,1,2,19,0
23696.4,8519.47,0,3,19,0
10580.85,12556.54,0,1,15,0
7242.89,2317.87,1,4,20,0
3244.98,16984.99,0,2,11,0
1428.18,4702.68,1,2,0,0
15606.04,11954.46,0,4,20,0
12176.73,5923.4,0,5,16,0
3110.55,2008.49,0,4,17,0
13964.95,4295.98,0,2,11,0
3574.26,17871.29,0,13,18,0
3617.79,9940.39,1,4,18,0
1289.99,3812.97,1,7,17,1
15211.82,15533.92,1,9,22,0
54770.46,10368.88,1,1,9,0
5371.96,12741.94,0,8,11,0
106908.59,17792.05,0,2,16,1
15857.77,15931.48,0,2,21,0
4047.88,13537.23,1,3,12,0
3766.35,3255.28,0,3,1,0
1917.13,10831.85,1,2,9,0
13373.95,13322.91,1,4,4,0
90481.83,15817.69,0,11,16,0
10852.01,10222.93,0,2,20,0
4756.17,8872.14,0,12,9,0
4496.95,4135.68,0,2,13,0
8487.26,14674.13,0,1,17,0
1486.15,2260.07,1,1,3,0
14844.43,15700.32,0,3,11,0
13354.31,15496.38,1,6,16,0
15953.85,11900.5,0,5,5,0
16993.47,13064.54,1,4,3,0
8964.59,12317.51,0,3,10,0
10944.63,2572.55,1,4,21,0
15422.25,16272.27,0,2,16,0
1529.37,1799.19,0,15,22,1
9783.51,9624.65,0,5,7,0
28534.73,3904.01,0,4,12,0
714.19,4257.43,1,4,17,0
144054.44,13474.07,0,11,11,1
19809.52,8343.44,0,3,22,0
12300.01,16100.09,1,4,9,0
22745.34,15306.21,1,2,1,0
15049.11,16863.26,0,4,22,0
4437.09,3281.33,1,1,21,0
7708.15,5587.5,0,8,16,0
5838.86,15331.35,1,8,20,0
15329.69,14527.71,0,4,9,0
4998.35,13059.01,0,2,15,0
112090.69,15871.61,0,8,6,1
3219.38,5218.39,1,13,23,0
16106.83,16016.31,0,14,5,0
1424.21,2457.09,0,2,4,0
44725.11,4382.29,0,4,1,1
170879.03,17049.67,1,2,7,1
968.5,2301.33,1,2,10,0
2144.96,15920.86,0,3,19,0
18831.75,13197.58,0,2,18,0
23482.02,15957.66,0,3,22,0
16549.59,12196.65,0,6,7,0
2330.63,2777.7,0,3,20,0
129.43,1510.6,1,1,21,0
15493.67,17365.3,0,3,7,0
3596.53,6137.28,0,2,20,0
3089.75,3034.83,1,14,22,1
9696.48,11487.75,0,4,6,0
146376.28,17065.81,0,1,8,0
4808.82,4416.75,1,1,11,0
187974.48,13089.23,0,5,13,1
1412.08,3862.47,0,3,12,0
470.51,3815.6,0,4,7,0
73178.42,15274.85,0,3,23,1
4250.66,6806.77,1,4,18,0
4376.65,4329.86,0,3,11,0
26433.17,4903.5,0,10,3,1
26889.33,16870.39,0,2,19,0
6789.89,7115.68,0,7,20,0
13367.19,6306.94,1,4,22,0
19517.23,6418.96,0,5,23,1
63085.65,6999.66,0,5,13,0
17009.8,13304.22,0,6,15,0
13734.65,13003.27,0,2,13,0
9935.79,6438.09,1,1,12,0
1242.33,1688.26,0,7,23,0
4992.93,16164.13,1,3,10,0
1685.31,10904.1,0,3,17,0
16643.59,14744.63,0,3,14,0
6000.98,5246.95,0,4,11,0
9691.04,9300.19,0,2,22,0
62501.74,15329.25,1,3,13,0
50492.95,11081.18,0,3,18,0
11121.66,8254.95,0,2,16,0
48827.96,13813.52,0,14,20,0
179924.98,17802.37,1,2,6,0
3129.45,1936.91,1,5,15,0
9711.36,3631.21,0,6,14,0
69967.1,13395.88,0,3,8,0
119964.54,8903.07,1,3,19,1
2403.92,6959.93,1,2,22,0
18066.06,13548.53,0,12,15,1
3533.55,3387.53,0,2,14,0
7759.98,16756.73,1,9,23,0
13420.88,14184.59,0,3,4,0
43348.84,17659.21,1,5,17,0
3560.4,3459.82,0,3,9,0
8387.32,12259.89,0,6,15,0
12101.65,12889.75,0,1,13,0
43481.22,7236.61,0,1,0,0
4674.76,4138.81,0,3,17,0
8878.25,14911.49,1,2,11,0
21210.42,16619.41,0,7,7,0
20184.47,17288.53,0,5,2,0
19408.24,7622.29,0,3,13,0
7849.99,6010.1,0,12,21,0
12878.01,17148.71,0,2,5,0
13043.18,14252.34,0,1,12,0
7624.41,9416.68,0,3,5,0
1579.05,4123.1,0,6,3,0
2917.16,3660.2,0,3,2,0
38752.31,14369.96,1,5,15,0
7205.92,8572.68,1,3,7,0
18695.84,1992.23,1,8,11,0
4516.37,5798.54,0,4,9,0
4277.26,11230.96,0,2,18,0
11331.28,10750.57,0,3,8,0
14871.31,14722.26,0,2,11,0
18630.25,17208.83,0,3,22,0
11403.92,10072.89,0,4,16,0
3841.28,6731.18,0,8,11,0
18758.4,14426.32,0,3,21,0
1193.58,9324.06,0,4,14,0
8144.66,10557.75,0,5,15,0
13663.83,14254.42,1,5,21,0
15726.87,17090.63,0,5,8,0
79440.02,16260.6,1,3,22,1
15455.17,16776.74,0,2,16,0
6220.47,6721.59,1,1,17,0
4785.65,8955.07,0,1,17,0
13393.18,10324.23,0,5,12,0
5850.18,8841.47,0,2,17,0
5628.12,2548.3,0,4,10,0
1892.72,1760.5,0,4,20,0
2618.61,9639.22,0,3,17,0
922.15,1878.36,0,2,19,0
13180.97,17232.77,0,3,13,0
7447.78,12821.13,0,5,7,0
3750.35,6128.99,0,4,21,0
10525.28,15286.25,1,5,13,0
4843.87,7469.44,0,8,21,0
16522.2,11138.3,1,3,10,0
20556.41,17838.97,0,5,18,0
10598.28,6851.61,0,4,11,0
174374.45,12585.56,0,5,11,0
741.91,3070.99,1,3,20,0
2681.4,7696.8,0,1,16,0
4571.63,3594.43,0,2,1,0
11318.77,9960.2,0,3,19,0
3331.88,6389.97,0,2,22,0
91502.77,7536.98,0,1,7,0
1001.06,15445.96,0,4,0,0
7634.71,7239.87,1,1,13,0
21560.68,15177.36,0,3,14,0
38818.47,12300.4,1,8,10,1
5215.63,7825.16,0,2,12,0
29929.76,14246.88,0,5,13,0
21347.84,16725.07,0,5,19,0
8747.69,9984.68,0,5,21,0
4545.67,4068.64,1,4,10,0
2742.36,12030.69,0,3,21,0
9251.13,7172.96,0,5,17,0
15124.62,11381.22,0,2,11,0
66574.83,15496.55,0,3,19,1
9805.36,9350.51,0,3,15,0
5644.31,6488.66,0,5,12,0
6512.38,12316.04,0,2,16,0
22190.87,15840.64,0,6,22,0
35442.84,2489.85,1,2,23,1
7611.09,9023.58,0,4,6,0
12185.39,7550.95,0,2,15,0
737.77,9754.55,1,13,18,0
926.92,4787.2,0,7,7,0
3525.36,13248.02,0,3,22,0
30464.98,6711.22,1,5,16,1
32255.11,10970.69,1,3,20,0
3470.59,2962.91,1,2,20,0
1951.2,2387.28,0,6,18,0
11082.0,9521.68,0,2,20,0
18533.43,16361.25,1,3,3,0
12809.11,10843.15,0,1,10,0
22649.47,15867.1,1,4,16,0
12254.08,7148.2,0,1,3,0
6786.69,4647.47,1,3,17,0
2139.96,1542.55,1,4,20,0
2037.03,1883.26,1,9,6,1
579.76,2898.78,0,7,16,0
7292.41,14305.34,1,14,18,0
67451.95,8863.13,0,4,15,0
4746.47,3358.75,0,1,11,0
98030.01,7744.79,0,4,17,1
5201.22,16467.21,0,6,21,0
3663.32,16987.0,1,4,11,1
13698.13,9127.54,0,1,10,0
27661.01,17157.91,1,2,10,0
2623.08,6939.14,1,2,8,0
89507.45,8917.47,0,9,0,1
11335.5,8846.88,0,3,20,0
4998.56,6160.58,0,4,21,0
839.21,5614.06,1,4,13,0
4483.71,7681.66,1,6,23,0
10067.88,9897.87,0,1,12,0
933.32,3582.72,0,3,9,0
2903.31,2235.95,1,2,11,0
13880.64,13773.51,1,5,6,1
9814.88,9370.76,0,8,13,0
16439.23,14390.88,0,2,13,0
34816.98,7639.29,1,3,7,0
4023.18,5043.21,0,2,15,0
44873.86,13797.14,0,13,5,1
12660.02,8581.0,1,2,15,0
3430.79,3337.65,0,1,11,0
4233.08,12328.44,1,5,17,0
98282.76,10652.87,0,8,22,0
11908.78,11400.49,0,1,1,0
73798.41,9200.66,0,4,19,0
2115.91,15627.78,1,11,14,0
17987.72,14339.5,0,2,11,0
1364.59,6230.43,0,5,22,0
16314.36,14743.66,0,2,17,0
3631.92,13602.67,0,3,21,0
14376.54,14307.58,0,3,20,0
13528.91,9812.51,1,5,16,0
14837.75,16755.78,0,4,14,0
12751.45,10300.9,0,4,15,0
10474.74,14711.76,0,3,13,0
33743.14,17941.18,0,5,14,0
11940.06,14945.54,0,2,17,0
10769.54,13575.22,0,4,9,0
9384.76,17424.43,1,1,23,0
9150.72,10959.64,0,3,8,0
22241.62,14189.06,0,9,10,0
14158.92,10601.53,1,7,17,0
145.01,2333.57,1,1,16,0
1492.24,4809.28,1,4,22,0
2438.31,4728.22,0,5,19,0
5290.5,13309.86,0,3,11,0
18171.61,9693.32,0,6,1,0
5133.12,5991.99,0,1,11,0
26266.63,7899.58,1,3,0,0
14038.77,12575.32,0,7,21,0
5042.19,9377.51,0,2,7,0
3074.86,3859.86,0,4,1,1
3536.2,3543.42,1,2,23,1
65140.09,10015.45,1,3,13,0
3274.7,5236.18,0,4,8,0
3391.94,3810.06,1,5,17,0
19949.76,12426.18,0,4,16,0
1502.77,9986.27,0,1,23,0
2013.51,6195.29,0,1,4,0
6927.87,11315.33,0,10,10,0
255.27,2017.96,1,2,2,0
11500.92,13843.17,0,2,15,0
2584.96,3169.79,0,6,13,0
8489.01,5590.38,1,2,3,0
14836.68,12398.23,0,7,17,0
17940.94,14108.25,0,1,20,0
8538.99,12916.7,0,1,22,0
5145.56,10331.45,0,4,20,0
4812.38,2688.98,0,2,2,0
13076.99,5482.64,1,1,1,0
10648.79,12257.38,0,2,10,0
18665.7,15718.44,0,3,23,0
77187.09,6261.12,0,14,10,1
130996.43,13674.64,0,5,20,0
19023.14,3204.18,1,1,15,0
3585.96,4684.08,0,15,16,0
317.23,1860.22,0,2,9,0
4352.7,3371.62,1,9,0,1
29890.81,12551.93,0,7,8,0
19640.04,14029.13,1,3,22,1
2017.99,11423.69,0,10,17,0
7144.71,6761.83,1,4,14,0
1721.29,12373.57,0,1,12,0
9532.62,7017.43,0,6,16,1
329.84,1833.04,0,7,18,0
10980.21,14859.86,0,15,15,0
112028.78,11624.49,0,3,9,0
1031.7,14518.91,0,2,19,0
15560.29,17359.92,1,13,18,0
8742.73,5747.47,1,13,13,1
16236.71,5881.16,0,1,18,0
139713.66,14359.14,1,1,8,1
6116.1,7332.34,0,1,8,0
22935.5,17109.45,1,4,5,1
44239.92,17294.12,0,2,6,0
25934.25,14668.33,0,1,20,0
10934.81,9428.0,0,5,9,0
5875.06,6088.25,0,3,12,0
4274.58,14667.13,1,1,10,0
4472.37,6369.58,0,9,19,0
11569.97,9530.87,0,10,11,1
194459.48,17159.99,0,7,8,1
2140.46,2459.75,0,7,20,0
9986.93,6917.96,0,3,20,0
62368.26,14329.17,1,2,0,1
9862.2,11130.75,1,1,16,0
26947.29,14324.22,1,2,11,0
10396.82,11789.9,1,5,4,1
10010.05,16054.28,0,5,17,0
43640.04,11007.26,0,3,11,1
9081.85,16112.84,0,4,18,0
20053.69,8468.81,1,9,13,0
3233.07,5783.38,1,1,13,0
658.3,1995.9,0,2,21,0
1849.33,7068.58,0,5,14,0
2870.65,5362.71,1,9,0,0
3792.63,3778.56,0,1,10,0
4512.45,3604.45,0,6,19,0
5818.29,4793.67,0,3,10,0
6721.4,8283.8,0,3,13,0
2890.55,3548.48,1,1,21,0
6856.67,11924.73,1,4,1,1
11289.36,10589.99,0,4,12,0
24651.55,3754.94,0,2,8,0
1991.6,8588.88,0,5,13,0
13938.36,4089.93,0,6,12,0
5270.42,12911.13,0,5,9,0
10859.37,3643.7,0,3,3,0
6389.76,3553.3,1,10,22,0
3860.1,10241.71,0,1,12,0
3393.42,2500.15,0,6,20,1
8175.18,5540.63,0,3,11,0
28398.4,13161.35,1,11,17,0
27221.14,16007.23,1,4,15,0
9431.54,11029.73,1,4,20,0
6924.12,12322.05,0,4,22,0
17796.91,11780.91,1,4,3,1
11192.85,7585.9,0,2,0,0
9079.23,6117.13,1,1,22,0
1332.86,15934.58,1,2,21,0
2158.41,2730.97,1,11,20,0
12298.77,8942.27,1,2,8,0
22960.18,2563.55,0,3,8,0
4500.01,14973.85,0,3,13,0
191303.31,13215.02,0,5,14,0
20960.18,11341.34,0,1,21,0
4081.65,4094.75,0,3,16,0
12464.02,16744.96,0,2,10,0
53077.33,4963.92,0,15,20,0
2757.48,4581.45,0,15,14,0
16558.15,13775.91,1,4,3,0
1712.13,11755.05,0,3,3,0
16154.95,11452.58,0,5,4,0
1635.72,2172.41,0,9,18,0
4281.3,11272.4,1,2,22,0
18488.75,13842.0,0,3,9,0
7112.1,7259.86,0,2,9,0
356.67,3493.77,0,3,19,0
1881.24,9812.75,1,2,20,0
57291.27,11510.73,0,4,14,0
12169.06,16624.89,1,1,10,0
10845.52,16961.53,0,1,1,0
33374.58,12778.16,0,3,17,0
45016.82,14785.64,0,11,13,0
1949.57,10185.4,0,3,8,0
3583.14,12955.33,0,1,17,0
74431.35,15155.76,1,4,21,0
32138.61,17206.83,1,1,11,1
5081.54,5004.45,1,2,21,0
1684.82,16277.98,0,14,0,0
36604.18,13348.03,0,3,22,0
6470.03,12392.55,0,3,13,0
3716.4,9655.29,0,4,2,0
13327.32,10325.82,0,1,11,0
1065.36,6933.19,0,3,10,0
19726.83,12158.83,0,8,13,0
11200.01,14992.24,0,3,0,0
46481.93,6545.7,1,2,1,0
1566.83,2037.78,0,4,9,0
17818.76,16876.83,0,8,18,0
17861.46,11010.42,0,8,10,0
193567.95,14089.82,0,5,10,1
15384.28,16134.36,0,1,8,0
2348.44,2142.82,0,4,0,0
1734.41,2917.12,0,3,10,0
17780.06,12634.15,1,3,2,1
9901.28,6800.22,0,5,6,0
19311.3,15028.1,0,3,12,0
2547.04,15865.15,0,4,22,0
7682.2,12348.67,0,3,20,0
2210.8,2094.99,0,13,16,0
23659.72,14535.77,0,2,19,0
913.68,4565.14,0,2,8,0
3864.68,13870.14,1,4,16,0
4382.3,15640.72,0,2,4,0
19432.2,14252.77,0,4,8,0
22870.34,15451.49,1,1,9,0
7279.4,12491.17,0,2,9,0
20589.65,14767.34,0,3,7,0
15296.37,16841.76,1,7,12,0
16083.51,5702.72,0,3,6,0
820.43,13324.28,0,3,20,0
3126.97,3147.21,1,2,17,1
4738.51,2499.31,1,1,6,0
3926.17,2860.52,1,2,16,0
37754.88,17290.03,0,3,0,0
14717.61,13830.23,0,2,0,0
6426.08,16452.53,1,3,13,0
4889.23,5173.16,1,1,17,0
578.99,2894.95,1,2,20,0
14391.86,14480.48,0,10,15,0
7683.23,10968.75,1,3,10,0
15129.6,10583.09,0,2,4,0
8702.58,9519.75,0,3,7,0
19196.21,14721.74,0,5,11,0
3400.8,12868.16,0,1,21,0
4465.76,8674.22,0,3,23,0
433.47,3232.17,0,11,22,0
10095.76,15633.49,0,2,10,0
118623.53,8846.92,0,2,14,0
14937.63,12273.22,1,5,9,0
15462.46,16647.32,1,8,19,0
1799.93,1746.8,1,11,16,1
2307.83,2281.67,0,5,17,0
20203.73,17451.61,1,7,7,0
54306.14,6502.83,1,4,8,0
40486.97,8130.96,1,2,21,0
11983.73,4589.31,0,4,6,0
121242.32,11056.03,1,5,6,1
3621.72,15274.4,0,1,13,0
5418.4,8003.08,0,12,1,0
2591.77,2378.64,0,12,4,0
1187.73,5703.74,1,6,22,0
4684.2,2375.03,0,3,21,0
5781.53,4552.22,0,4,19,0
3161.79,3380.51,0,2,11,0
9055.27,14023.26,0,2,13,0
6021.52,6356.33,0,8,12,0
7084.57,5771.21,1,3,20,0
63081.81,14399.13,0,4,22,0
25088.18,17325.18,0,4,1,0
68933.91,6036.37,0,2,14,0
8984.01,5795.75,0,7,17,0
8178.84,6861.35,0,3,17,0
2521.54,10695.44,0,1,15,0
5248.75,8755.88,0,3,19,0
5113.09,7712.24,1,6,23,0
48295.2,13602.2,0,3,1,0
21030.98,15057.74,0,6,6,0
24364.45,16499.34,0,4,5,0
7752.44,6797.91,0,3,11,0
1887.14,9996.51,0,6,23,0
13085.84,8694.87,1,1,11,0
7083.41,11399.98,1,3,14,0
16888.79,16143.95,0,4,13,0
639.43,2474.44,1,4,12,0
47560.83,5297.21,0,5,13,1
69314.27,11829.81,1,3,6,1
11666.17,8521.48,1,5,23,0
572.92,10773.15,0,2,14,0
998.66,3043.25,0,11,3,0
10520.92,14406.48,0,2,8,0
30462.74,7896.68,0,4,17,0
3058.87,3274.46,1,3,8,0
8142.74,7132.33,0,7,8,0
7723.45,7178.33,0,2,8,0
1544.55,1527.4,1,3,8,0
2476.08,2516.32,1,2,12,0
9404.06,10360.5,1,11,2,0
25732.45,3763.99,1,2,0,0
9743.13,7605.63,0,7,8,0
5961.89,8625.49,0,1,7,0
7651.13,8221.48,0,6,8,0
6090.8,10882.08,0,6,7,0
12080.56,10137.2,1,3,20,1
59079.07,16391.08,0,5,8,0
531.9,6910.74,1,1,14,0
5233.81,4291.75,0,4,12,0
539.1,2695.51,0,3,16,0
51451.45,5905.29,0,3,16,0
13493.92,12054.53,0,5,22,0
4814.84,4873.83,0,10,21,0
21117.78,6261.73,1,1,1,0
2373.6,17653.11,1,3,18,0
6402.07,17041.18,1,4,10,0
4854.68,7740.31,0,5,4,0
11682.88,16155.48,1,3,14,0
12170.32,9119.91,0,3,14,0
61030.29,7741.15,1,11,15,1
14330.83,16889.8,1,1,11,0
16300.19,16472.35,0,7,8,0
77028.63,9335.47,1,2,15,0
7278.89,11129.18,1,5,16,0
32475.17,7004.72,1,3,7,1
20621.06,11905.38,0,3,11,1
40538.44,15014.8,0,3,14,0
10298.86,10256.31,1,3,8,0
74239.87,10489.67,0,2,13,1
15442.14,13444.8,0,2,6,0
21405.04,15762.06,1,3,19,1
12093.76,16160.31,0,4,14,0
4642.09,4649.6,0,15,8,0
27732.14,2562.35,1,4,22,1
15363.33,14729.73,1,2,18,0
22047.71,5289.26,0,4,1,0
23266.55,14498.58,1,14,21,0
14056.76,10377.0,1,3,13,0
215630.31,14804.09,1,2,11,1
2725.51,1738.17,0,15,18,0
15853.08,15419.21,0,1,5,0
701.44,7051.54,1,2,10,0
592.07,2040.49,0,6,12,0
18590.96,13700.62,0,2,7,0
23546.61,15812.49,0,4,19,0
17510.52,15182.15,0,2,18,0
2272.06,8010.41,0,1,4,0
4026.78,3780.25,0,2,6,0
2533.82,2005.08,0,7,9,0
8731.21,6407.3,0,3,4,0
8825.34,7305.35,0,4,9,0
18989.93,17413.49,0,4,11,0
6841.98,5973.76,0,3,11,0
11741.54,11452.88,0,1,19,0
14157.46,16507.1,0,7,9,0
10950.38,8659.78,1,4,9,0
977.48,13122.55,1,2,6,0
67233.92,14380.35,1,2,18,0
16135.56,16640.46,0,1,3,0
17898.05,11546.35,1,2,12,0
5521.58,11067.0,0,2,22,0
10187.92,10068.53,0,12,15,0
13073.6,2190.72,0,5,7,0
4339.9,7525.55,0,3,19,0
39656.02,3087.15,0,7,10,1
4801.5,4300.8,0,4,16,0
92540.16,9006.27,0,5,17,1
21751.63,16198.08,0,3,15,0
39223.48,3907.94,1,4,10,0
16745.8,13832.88,0,5,9,0
3774.18,5631.21,1,3,11,0
24593.58,17133.64,0,6,16,0
4599.67,8374.17,1,12,7,0
15719.24,17516.72,0,12,0,0
461.68,4841.62,0,5,13,0
6630.47,6226.87,1,4,17,0
21080.21,13926.3,0,13,20,0
32988.01,17288.15,0,2,12,0
7601.33,9256.65,1,1,11,0
13489.04,8054.35,1,5,10,0
1289.78,10627.55,1,2,7,0
7872.03,9770.35,0,4,21,0
2194.4,1816.09,0,2,8,0
14399.79,4017.33,0,2,16,0
5659.03,3778.81,0,1,0,0
9407.27,8341.41,0,7,9,0
14519.14,13850.49,1,1,7,0
11940.64,14765.37,0,3,16,0
130934.91,14130.23,0,5,14,1
7839.81,17504.96,0,7,19,0
5023.55,14005.52,0,4,16,0
25597.29,12741.36,0,1,19,0
16397.63,16562.18,1,2,6,0
12682.85,7577.68,0,1,3,0
9387.81,12330.88,0,3,1,0
2184.39,1956.18,0,3,13,0
13891.59,17301.94,1,1,9,0
10680.13,13950.49,0,4,10,0
8631.81,8584.8,0,1,0,0
12551.13,10396.98,0,1,19,0
2753.97,16476.98,0,4,21,0
36758.66,12292.15,0,5,15,0
15221.81,10533.28,1,2,22,0
5152.19,5735.15,0,5,18,0
16573.58,7626.13,0,1,14,0
16502.74,14079.63,0,8,22,0
16653.36,16277.84,0,8,4,0
7376.75,4896.03,0,11,11,0
15011.36,13422.98,1,9,23,1
10791.26,8861.58,1,5,19,0
22387.82,5653.06,0,4,8,0
1712.18,4697.23,0,4,12,0
7580.05,14458.07,0,2,6,0
5263.74,1537.78,1,2,3,0
8002.44,4764.62,1,2,11,0
8321.34,6814.43,1,8,7,1
1002.09,4064.09,0,14,9,0
22507.95,14584.84,1,3,11,0
7549.71,5391.13,0,6,14,0
9133.89,6678.88,1,15,14,1
7539.91,5191.76,1,3,12,0
1285.23,17733.35,0,3,18,0
505.39,5532.65,1,2,3,0
996.23,4333.41,1,6,4,0
93556.5,7834.18,0,2,19,0
170757.86,17720.14,0,2,14,0
4277.2,17640.37,0,4,19,0
2089.11,10498.76,1,6,16,0
10803.15,9981.8,0,4,18,0
1444.48,7654.74,1,4,17,0
2670.2,2444.33,0,9,18,0
3693.86,6305.84,0,4,16,0
8420.49,10823.62,1,10,7,0
4996.69,5703.73,0,13,11,1
13081.64,8708.06,0,7,18,0
13225.17,13340.13,0,5,4,0
170283.92,12368.06,1,7,12,1
1236.81,7989.48,1,3,2,0
15287.98,13126.54,1,1,13,0
28425.14,9498.85,0,2,16,0
51936.41,12572.43,1,5,15,0
4236.31,3255.92,1,4,9,0
20684.55,13960.21,0,2,1,0
3590.37,3161.36,0,8,16,0
7346.11,8594.29,0,5,19,0
6251.14,6167.02,0,5,2,0
3878.87,11414.71,0,2,9,0
1736.21,4576.51,0,2,10,0
43635.2,8939.41,0,2,12,0
16731.35,14355.79,0,3,19,0
106772.03,17680.56,0,1,7,0
1225.27,1604.97,1,1,19,0
8370.05,6069.42,1,9,20,0
26887.61,5436.12,1,4,16,0
2760.49,7098.82,0,3,15,0
162348.36,16366.64,0,7,7,0
9146.0,1967.67,0,9,2,0
2443.36,3543.64,1,1,17,0
3249.15,7596.74,0,1,14,0
13024.8,11704.82,0,6,19,0
48485.69,17240.09,0,3,9,1
6295.68,7861.97,0,2,19,0
3674.36,17605.93,1,13,16,0
178497.18,17575.44,1,2,12,1
20955.32,17359.34,1,3,9,0
9200.66,2238.7,0,5,14,0
1688.78,6224.93,1,3,9,0
1153.55,16567.04,0,4,21,0
2057.52,9577.53,0,4,21,0
8772.63,7161.49,1,2,19,0
2074.14,9468.48,0,4,10,0
12184.96,14363.57,1,1,18,0
6806.74,10347.89,0,5,17,0
2178.95,6007.59,1,5,18,0
5071.96,3291.75,0,7,15,0
6579.55,13243.66,0,2,10,0
2618.28,2901.12,0,2,6,0
6111.48,3457.5,1,3,5,0
19103.54,13386.59,1,1,22,0
2418.96,6654.69,0,4,1,0
16658.59,15835.35,0,2,17,0
39252.14,11150.15,0,2,19,0
478.63,1674.66,0,2,15,0
16645.51,17985.23,0,3,15,0
3755.85,16890.86,0,9,18,0
593.64,1615.43,1,3,9,0
33473.65,8797.66,0,3,3,0
3006.42,7610.4,1,3,8,0
1560.05,2411.23,1,2,10,0
3613.62,10397.3,0,6,11,0
78723.32,12139.52,0,3,14,0
9775.27,9007.86,0,3,6,0
8072.59,5360.0,0,2,19,0
8935.31,10712.43,0,4,10,0
985.41,4248.16,0,3,23,0
3655.24,6494.41,0,2,20,0
210878.44,14183.35,0,9,19,1
5618.01,6529.44,0,2,14,0
1675.63,5910.54,0,6,3,0
3885.86,2357.37,0,7,1,0
5987.57,9611.56,0,2,13,0
8790.1,17093.81,1,4,18,0
8790.02,12651.34,0,8,11,0
1058.86,4060.82,0,3,14,0
70327.54,16052.22,1,8,5,1
2253.62,9197.4,0,1,9,0
880.13,9826.98,0,1,2,0
9645.32,11788.52,0,5,21,0
3312.71,16194.53,0,1,15,0
19129.38,14443.24,0,2,0,0
21616.25,14584.58,1,13,19,0
14080.62,4040.4,0,3,5,0
3231.22,6398.46,1,5,18,0
7221.77,16802.49,1,7,10,0
7043.55,7343.72,0,6,9,0
2030.77,2194.57,0,1,8,0
7162.26,14505.61,1,4,8,0
1572.19,2685.53,0,1,18,0
64051.47,13628.83,1,2,8,1
10079.0,9598.72,1,5,13,0
4125.21,14301.21,0,8,23,0
4048.15,3710.62,0,4,13,0
7812.65,9312.58,1,13,23,0
9353.62,9084.31,1,2,15,0
5892.71,6024.94,1,1,12,0
11025.82,8045.12,0,6,8,0
82719.41,11088.39,0,4,1,0
697.01,2705.61,1,1,23,0
14865.72,14200.88,0,1,0,0
1520.67,3911.23,1,3,10,0
35824.32,6260.52,1,7,1,1
8831.53,5534.85,0,5,21,0
3855.32,10051.14,0,7,7,0
53414.0,14103.17,1,3,7,0
14617.7,5616.75,0,2,20,0
5110.13,6095.36,0,2,15,0
10576.05,9227.29,1,1,18,0
285.23,4262.27,0,3,15,0
7690.34,2985.79,1,3,10,0
10972.26,12507.56,0,2,4,0
2576.33,2590.31,0,3,16,0
214549.06,15265.93,0,2,0,1
10305.94,9802.42,0,4,10,0
12524.11,15031.73,0,3,20,0
5879.11,3947.24,1,1,21,0
8044.05,12095.89,1,4,3,0
5119.38,15029.83,0,4,0,0
65427.85,4841.01,0,3,15,0
24215.08,14638.6,1,2,2,1
20763.94,17075.14,1,13,5,1
117165.51,9280.32,0,12,8,1
1601.15,1620.69,1,4,17,0
837.57,5145.31,1,3,20,0
5223.26,5450.56,0,3,16,0
4034.33,6175.76,0,6,19,0
1162.45,3893.79,0,2,19,0
50939.99,4934.31,0,4,20,0
11480.0,9892.88,0,1,21,0
2258.85,16020.33,1,14,3,0
14695.19,13937.48,0,3,5,0
15787.98,10703.25,0,5,14,1
57409.82,9273.09,0,1,15,0
8010.85,16045.79,0,4,16,0
8630.09,8291.17,0,2,7,0
3673.88,1924.41,0,7,21,0
6589.97,13014.9,1,9,17,0
1005.88,13080.16,0,7,6,0
2582.46,3073.1,1,2,23,0
6043.18,10361.78,1,4,8,0
17583.48,10504.74,0,3,16,0
1081.92,5698.94,1,7,21,0
3932.11,5593.93,0,1,2,0
8317.66,7147.1,0,14,9,0
46325.17,15844.56,0,6,14,0
10569.82,10771.4,0,3,11,0
3135.4,3285.8,0,3,20,0
3256.25,7801.66,0,3,11,0
7940.58,3419.41,0,5,5,0
1137.0,3329.99,0,2,19,0
22099.74,14282.59,0,10,23,0
10108.95,9595.03,0,2,12,0
1337.47,3467.09,1,3,0,0
17317.73,5706.74,0,3,14,0
1289.69,13829.95,0,15,21,0
11200.93,17539.16,0,4,1,0
5742.94,3664.88,0,2,12,0
560.5,2802.5,0,1,20,0
21011.84,13190.62,0,1,14,0
12300.04,11264.07,0,4,4,0
9367.55,9386.12,1,7,21,0
8716.22,14497.97,0,7,21,0
106031.89,10397.6,1,2,0,1
7683.13,8431.38,0,4,21,0
16013.83,11347.82,0,4,8,0
4730.19,4631.09,0,2,6,0
12567.02,11153.63,0,14,12,1
15988.99,12425.69,1,9,19,0
18530.76,15352.18,0,2,16,0
49798.63,12927.13,0,7,3,0
8058.19,3575.47,1,3,8,0
10355.14,9862.49,0,4,9,0
4563.27,12727.11,0,2,11,0
4462.27,12320.91,0,3,5,0
3754.19,3479.27,0,1,23,0
20733.25,12360.2,0,2,17,0
3135.2,5728.73,0,8,11,0
13256.78,12191.15,1,1,20,0
834.99,12396.87,1,3,22,0
157948.08,12498.02,0,1,19,1
4719.11,17981.24,0,4,14,0
70396.66,6145.71,0,7,4,1
203816.7,15160.01,1,5,0,1
12239.47,17950.93,0,4,15,0
4500.69,3884.65,0,2,8,0
12617.77,10035.19,0,3,7,0
1728.89,7356.05,0,3,3,0
1513.93,2941.11,0,4,4,0
1549.61,1896.83,1,2,7,0
113495.84,11018.21,0,4,12,0
3715.27,1764.93,1,11,14,1
6450.04,5308.9,0,1,15,0
2849.32,10126.06,1,3,9,0
8665.03,12883.69,1,3,15,0
9070.94,11899.2,0,4,20,0
533.84,9444.43,0,3,17,0
2202.39,6000.76,1,2,7,0
43083.51,9759.37,0,4,13,0
35971.36,7994.9,1,1,17,1
27622.54,7275.1,1,7,22,1
12074.83,7857.49,0,4,17,0
6492.65,2361.9,0,4,8,0
4660.73,8059.16,0,2,15,0
8792.41,12885.14,0,7,19,0
10788.05,14434.24,1,7,17,0
40021.12,6836.42,1,5,17,1
15411.96,13462.17,0,1,14,0
34495.77,6038.01,0,6,23,0
4725.44,4031.14,0,3,18,0
9949.2,9746.28,0,2,10,0
10920.4,9540.38,0,3,3,0
662.24,2655.06,0,3,16,0
69481.69,17273.74,0,2,5,0
1889.84,7979.97,1,3,22,0
5676.17,17164.63,0,3,4,0
11771.37,9952.02,0,2,23,0
17212.36,17446.86,0,2,19,0
9313.64,6803.76,1,3,15,0
5756.81,5424.05,1,3,4,0
17914.41,15152.71,0,8,9,0
16405.56,9176.01,1,2,17,0
3624.48,4555.46,1,3,20,1
6893.89,10895.8,0,3,14,0
6497.48,2543.98,0,13,8,0
59285.61,16854.81,1,1,6,0
607.91,3332.36,0,7,1,0
74030.26,5965.43,1,6,9,0
1018.0,14220.54,1,3,21,0
12655.36,10155.9,0,11,7,0
5088.46,5377.95,1,8,22,0
9887.77,12533.55,1,2,14,0
11186.38,9079.35,0,7,7,0
1446.92,1873.79,1,11,13,0
495.94,4379.86,1,1,7,0
3728.07,3334.05,0,2,5,0
24644.55,1706.83,0,12,8,1
21090.47,9296.26,0,1,13,0
3051.25,14852.48,0,3,7,0
6556.88,8520.41,0,10,9,0
754.85,6007.08,0,1,13,0
13737.38,12240.57,0,3,4,0
1366.98,4196.37,0,7,1,0
1489.26,16080.72,0,4,17,0
23052.91,17955.58,1,1,9,0
13410.31,13335.63,0,1,6,0
3098.79,3700.26,1,1,9,0
6256.4,12890.98,0,3,12,0
2153.71,1801.69,1,3,0,1
182435.32,16912.4,1,2,1,1
6562.0,8317.48,0,3,23,0
653.97,5828.39,0,3,8,0
40008.74,12043.95,0,1,18,0
2631.29,1678.47,0,8,7,0
11399.19,15025.49,1,2,7,0
7014.59,11857.91,0,4,20,0
154804.3,10368.33,0,3,10,1
8866.35,6805.5,1,4,20,1
3254.38,4289.1,0,2,8,0
119705.68,14266.57,1,5,20,1
22869.19,16173.66,0,2,13,0
724.69,7844.32,0,2,12,0
4348.01,13328.33,0,3,6,0
18775.32,10872.02,0,2,17,0
13607.86,14868.46,0,5,16,0
66260.79,6047.98,0,4,19,1
1374.96,3169.69,0,1,12,0
2272.3,3052.0,1,3,2,1
124615.25,14486.66,0,4,15,0
17570.1,16084.09,0,2,13,0
132670.16,9852.85,0,1,21,0
6423.08,8386.04,0,8,10,0
7414.91,7890.31,0,3,8,0
21710.34,14896.76,0,14,0,0
8937.7,6125.12,1,3,1,1
12215.0,11668.32,0,2,2,0
44780.05,11214.72,1,1,12,0
7613.26,2877.78,1,8,18,1
48526.38,12036.75,0,1,13,1
7788.78,7892.46,1,3,19,0
84160.25,13001.39,1,2,13,1
8711.79,11600.62,0,9,19,0
817.39,6794.24,1,3,12,0
3282.2,13742.79,0,4,21,0
5259.47,6495.46,0,2,13,0
15239.95,3398.21,0,3,20,0
5756.18,7578.12,1,2,23,0
4708.82,12742.13,0,2,21,0
7250.0,14632.6,0,3,21,0
1831.43,4869.11,0,2,16,0
26296.89,6175.92,1,3,12,0
9491.67,14252.15,0,3,2,0
53645.38,3633.6,1,4,16,1
6277.39,14702.65,0,5,14,0
13736.04,10684.92,0,4,12,0
14949.75,5811.62,1,5,17,1
870.26,15993.32,0,4,12,0
33325.08,15194.78,1,2,22,0
10375.52,13132.8,1,2,23,0
9864.81,13897.09,0,1,16,0
7561.47,4276.66,0,3,0,0
12724.26,12866.87,1,2,14,0
3719.98,5570.96,1,9,23,0
48500.18,13868.34,0,5,23,1
15945.83,14347.16,0,4,21,0
14803.74,12854.46,0,1,8,0
6417.13,6717.53,1,3,0,1
4119.11,12145.57,1,10,11,0
13943.37,12380.47,0,7,15,0
8041.63,6268.64,1,1,14,0
26977.94,14653.03,0,3,1,0
4098.77,6792.11,1,3,21,0
3814.91,11312.59,0,3,5,0
2355.25,11594.05,0,5,22,0
13686.68,12910.64,1,2,7,0
11955.2,5240.84,0,6,19,0
2498.22,11326.4,0,2,13,0
1425.59,14109.47,0,10,3,0
2632.17,7956.11,0,2,18,0
913.65,3415.64,0,3,16,0
60137.86,15397.0,0,2,8,0
30056.04,9453.51,0,3,20,0
14372.25,13129.15,0,1,8,0
1469.92,3754.76,0,11,15,0
91772.88,7751.32,1,7,17,1
401.46,4227.53,0,2,22,0
5235.38,3517.78,0,6,20,0
130724.1,13795.6,0,3,16,0
13471.04,9478.57,0,2,18,0
5622.19,5621.58,1,2,7,1
12156.65,15279.58,1,4,21,0
16650.84,14913.62,0,3,12,0
27412.18,16661.23,0,2,22,0
12666.78,12281.02,0,2,11,0
10179.03,8347.37,0,8,8,0
5719.36,8208.24,1,4,8,0
7913.23,7128.75,0,4,11,0
14381.41,17019.81,0,4,8,0
15472.79,10004.68,1,2,14,0
2852.53,13048.72,1,7,12,0
2356.29,6957.14,0,7,8,0
9663.41,8868.85,0,1,10,0
10935.96,14802.82,0,3,19,0
24789.04,5709.56,0,2,3,1
9214.61,5463.73,0,5,10,0
21020.74,14635.11,1,2,21,0
3125.66,3749.68,1,2,4,0
177480.67,14290.66,0,4,14,1
10221.89,12464.45,1,5,16,0
8450.71,11847.58,0,4,13,0
8257.99,14579.01,0,6,10,0
14854.25,17577.88,0,11,7,0
26493.56,17842.35,0,2,11,0
17940.18,17839.59,0,3,17,0
5771.98,3398.24,0,2,19,0
40115.85,13813.51,1,4,20,1
52359.2,9056.36,0,3,16,0
22675.87,15450.06,1,2,15,0
21287.06,16841.15,1,2,16,0
9396.89,6488.59,0,5,20,0
12373.28,10530.17,0,3,12,0
21651.49,16517.75,1,1,10,0
1503.98,7519.91,1,6,14,0
71733.91,14746.32,0,3,18,1
67646.73,16100.01,0,6,0,1
4266.09,7259.35,0,4,21,0
4352.26,15766.98,1,4,7,0
51533.38,17205.83,0,6,8,0
62821.66,8476.26,1,2,1,0
24176.83,13220.6,0,2,8,0
5525.01,8974.47,1,12,3,1
15556.74,15000.75,0,2,13,0
64819.64,17449.7,0,8,16,0
383.1,2050.71,0,4,1,0
9719.65,10098.06,0,7,18,0
8641.2,8977.67,0,14,7,0
21562.14,4036.63,0,11,16,0
20509.46,16721.87,1,4,1,0
9749.35,2080.4,0,1,10,0
7834.6,15822.29,1,3,5,1
8148.65,9644.71,0,1,9,0
207814.89,16239.19,0,2,5,0
42218.51,4468.13,0,7,17,1
5498.19,7306.84,1,1,12,0
75569.59,17608.03,0,4,10,0
2735.67,4563.35,1,1,21,0
45590.37,14814.58,0,15,8,0
8233.44,9896.23,0,3,11,0
24435.17,14787.39,0,4,22,0
7921.96,8008.03,0,5,13,0
11753.92,10324.39,1,1,14,0
20943.68,14122.29,1,4,18,1
3030.19,12778.48,0,4,0,0
10702.56,13243.15,0,1,9,0
18509.49,14821.74,0,11,3,1
3626.04,3941.12,0,4,9,0
6767.8,5479.52,0,4,7,0
470.33,2170.04,0,2,20,0
5037.1,3228.41,0,1,15,0
11882.69,13695.68,0,11,19,0
12079.6,2916.87,1,1,20,0
30132.73,7963.95,0,2,3,0
4038.54,4359.89,0,8,11,0
2537.03,11619.25,1,3,19,0
529.37,2301.39,0,9,1,0
6308.56,5029.71,1,3,11,0
10530.7,10509.89,0,4,11,0
5739.39,5685.46,0,6,2,0
2486.11,2444.59,1,5,16,0
2922.08,7660.52,0,4,20,0
4049.73,4848.04,1,1,23,0
8349.49,6830.32,0,3,19,0
19125.63,14601.28,0,5,10,0
3504.03,17294.71,0,4,18,0
8850.71,8170.56,0,2,9,0
7237.03,10540.03,0,7,18,0
42791.2,5892.9,0,14,14,0
71958.86,10743.52,1,5,15,0
29976.04,7101.12,0,1,11,0
12326.39,8812.36,0,8,9,0
6289.94,5734.18,0,1,9,0
775.9,2578.59,0,1,4,0
39575.99,11040.96,0,1,15,0
17017.69,16873.13,1,2,20,0
8813.17,4725.03,0,2,10,0
13746.52,12806.92,1,2,21,0
16758.99,15440.02,0,3,18,0
19629.94,14122.8,1,3,18,0
684.19,12735.94,1,5,0,0
8821.38,11447.36,1,6,21,0
10081.82,16084.57,0,9,19,0
2759.82,12462.34,1,13,9,1
12085.72,7742.11,1,5,21,0
17377.56,15225.76,0,3,14,0
3421.49,4599.67,0,1,22,0
27922.47,2706.47,1,2,9,0
13073.92,10872.34,0,2,10,0
7300.48,3722.68,1,3,9,1
17646.83,12484.49,0,4,10,0
5050.68,10869.18,1,6,12,0
24966.75,13783.97,0,14,2,0
4588.02,8528.87,0,14,21,0
1101.0,11350.83,0,5,0,0
2643.79,10030.14,1,3,16,0
1045.46,2772.14,0,5,18,0
3443.28,3629.31,0,2,19,0
1385.54,12245.49,0,2,1,0
9112.98,9286.03,0,7,17,0
11481.79,11250.11,0,3,13,0
103694.49,7279.91,0,2,16,0
452.97,2216.43,0,3,22,0
13775.99,3904.38,1,3,13,1
893.94,2278.96,0,6,16,0
1284.77,13005.16,0,4,7,0
3810.27,13102.95,0,2,15,0
6559.97,8584.62,1,4,19,0
63246.01,13183.51,0,3,19,1
4070.47,5413.04,0,5,23,0
13246.77,6658.35,0,4,20,0
5545.68,5291.33,0,4,21,0
2922.02,15515.25,0,2,11,0
21885.53,17371.6,1,3,16,0
13474.24,15477.22,0,2,2,0
4047.56,10942.49,0,11,11,0
3158.12,15790.59,0,5,2,0
9041.14,6858.41,0,7,13,0
5528.13,15978.13,1,2,21,0
2274.06,6802.11,0,3,14,0
57152.11,7321.36,0,15,13,1
8718.87,2738.76,0,3,11,0
2291.27,6803.11,0,4,8,0
7714.63,15564.31,1,3,20,0
9163.84,10620.39,0,4,20,0
1679.61,2822.43,0,3,3,0
12161.39,16987.52,0,4,16,0
6042.23,17441.78,1,5,16,0
23328.61,16999.49,0,5,19,0
5188.55,7936.81,0,13,10,0
4561.69,7300.73,0,3,2,0
8497.66,7567.28,0,1,18,0
4972.51,5201.67,0,2,11,0
8809.75,16368.24,0,6,16,0
9202.5,9688.76,0,3,23,0
100880.67,7311.51,1,3,16,1
2765.73,11982.46,0,4,11,0
19969.95,15517.62,1,3,14,1
1729.76,1582.25,1,1,16,0
13180.33,14572.18,0,5,5,0
56543.17,13497.95,0,8,20,1
14912.51,11375.43,0,1,23,1
3302.61,13528.04,0,2,8,0
9766.84,13500.26,0,7,17,0
20328.28,17890.02,0,15,17,0
116956.47,12257.35,0,5,13,0
2082.23,5236.98,1,4,21,0
10771.91,13907.18,1,2,15,0
11431.68,15261.0,0,2,6,0
1248.45,8292.32,0,3,9,0
5811.06,5627.82,0,2,4,0
85318.73,12251.72,0,5,16,0
9818.42,11211.29,0,4,13,0
20569.49,14857.27,1,4,22,0
8264.53,3351.1,0,5,21,0
12010.66,14792.17,0,7,16,0
8121.51,14090.04,0,8,5,0
19545.54,16946.31,1,3,9,0
987.15,3952.42,0,1,7,0
18749.71,15599.08,1,4,8,0
560.79,7890.56,0,2,7,0
2308.03,1979.68,0,3,11,0
76553.34,16926.8,0,2,21,0
49899.32,11119.74,0,3,9,0
4790.5,14270.27,1,2,22,0
53900.55,12877.11,1,2,11,0
3913.91,3620.86,0,3,11,0
1521.94,11363.36,0,1,14,0
3653.95,4787.93,0,2,5,0
2562.14,6350.35,1,4,17,0
84208.38,16927.25,1,11,9,1
19883.93,14984.99,1,2,1,0
12543.81,13239.11,0,7,11,0
23199.01,15428.72,0,4,3,1
972.84,14361.29,1,4,9,0
8176.09,12140.41,0,1,4,0
15613.55,13729.68,0,5,19,0
31933.7,4384.51,0,7,20,1
10098.54,5035.22,1,8,17,0
131944.91,16216.16,1,1,20,0
2787.57,7761.16,0,5,18,0
6620.11,7309.99,0,2,16,0
11470.44,17620.61,1,3,2,0
2933.42,7036.7,1,5,20,0
12117.07,9454.83,1,2,3,0
1485.08,11637.37,0,3,6,0
13881.17,13668.1,1,3,17,0
11694.21,15985.58,0,4,9,0
11926.94,12275.55,1,4,4,0
2221.74,3597.25,0,5,11,0
21656.63,17304.79,0,2,2,0
12604.15,2142.19,0,6,16,0
56837.21,11773.39,0,4,6,0
10489.4,11405.3,0,2,19,0
15646.68,7098.36,1,6,2,1
2615.95,3423.97,0,4,16,0
337.2,4742.54,0,5,8,0
2771.55,2457.45,0,2,10,0
13255.4,7629.79,0,2,1,0
1620.07,13478.98,0,3,13,0
41659.67,9428.48,1,5,12,0
7679.78,6831.62,0,3,20,0
13377.86,11286.29,0,10,13,0
29334.65,10352.03,0,2,15,0
1348.41,8001.86,0,5,20,0
6950.9,10104.54,0,3,5,0
18432.43,16284.8,0,2,9,0
5341.97,3662.45,0,10,18,0
6777.44,11966.3,1,4,17,0
5580.2,5454.81,0,6,12,0
19436.99,16445.57,0,4,22,0
8316.34,7395.6,0,1,8,0
6638.9,6913.66,0,10,20,0
17595.18,13672.61,0,6,0,0
9645.81,15781.95,0,6,17,0
15261.21,17042.4,0,2,20,0
10315.62,6654.05,1,3,18,0
9504.96,2552.98,1,3,22,0
1164.3,1561.75,1,5,1,0
30122.0,4022.31,1,3,18,0
13636.49,13861.37,0,2,8,0
57084.79,12686.54,1,1,18,0
1201.74,3576.74,0,2,18,0
2176.62,6540.43,0,1,20,0
4022.56,16810.29,0,8,15,0
1380.37,6901.85,1,2,10,0
12851.94,15951.44,0,2,11,0
8380.72,9755.39,1,4,17,0
24608.58,11241.09,0,8,11,0
20195.88,2740.79,0,5,14,1
7725.42,17660.41,0,6,13,0
47835.38,3747.1,1,1,14,0
4956.16,12807.7,1,2,3,0
833.7,2159.04,0,1,4,0
3237.38,5839.66,0,1,18,0
11278.08,2874.27,1,1,20,0
810.86,9172.21,0,3,13,0
3673.24,10893.68,0,6,4,0
46280.79,9711.5,0,2,13,0
2733.31,2486.72,0,3,9,0
162129.31,16598.32,1,3,23,1
15410.33,8425.69,0,3,10,0
4547.39,4089.99,1,5,9,1
3095.26,2270.63,0,1,15,0
8727.56,13402.44,0,7,12,0
177.83,2281.5,1,3,13,0
8040.73,11308.16,0,5,16,0
53372.42,4672.96,0,3,17,0
4567.02,4685.18,1,6,17,0
19395.98,5547.18,0,3,16,0
4129.44,7643.9,0,12,18,0
9451.94,8219.66,1,3,5,0
3922.65,7899.39,0,2,21,0
9159.98,6411.96,1,2,0,1
5053.17,6249.2,0,2,12,0
21253.95,17621.28,1,1,23,0
3468.08,17340.38,0,1,13,0
846.15,14855.21,0,3,23,0
13439.82,11599.95,1,5,5,0
2510.47,9883.03,0,3,13,0
12793.99,14429.22,0,6,19,0
3438.88,17194.41,0,2,21,0
5108.77,16808.62,0,2,12,0
49421.84,17559.98,1,1,13,0
4754.74,7363.44,0,2,12,0
6932.77,10965.07,0,3,18,0
5810.96,6120.44,1,2,10,0
8296.81,6516.05,1,4,8,0
9723.13,12378.22,0,4,8,0
14572.57,11187.55,0,7,6,0
2911.56,14557.8,0,6,23,0
9446.97,15742.0,1,13,1,0
11362.66,11969.91,1,4,5,0
9970.64,12570.5,1,4,9,1
16010.19,5047.73,0,3,12,0
23810.9,17220.94,0,2,11,0
262.16,2012.17,0,4,4,0
21436.87,16809.66,0,2,10,0
17421.06,17819.61,0,3,19,0
1959.6,17350.33,0,2,17,0
37009.65,3982.49,0,2,14,0
1445.08,1659.44,1,3,17,0
14827.23,14925.69,0,9,14,0
3483.85,1814.06,0,2,15,0
34503.74,16322.65,1,2,17,0
2960.72,4439.21,1,3,21,0
7631.81,7275.18,1,4,13,0
8290.53,15786.18,0,5,23,0
12433.58,12098.04,0,11,17,0
19851.37,15030.08,0,5,21,0
3352.42,9860.26,1,1,12,0
3292.11,2167.02,0,3,8,0
2390.74,14259.98,1,2,20,0
23632.36,17503.88,0,1,13,0
10486.79,11482.82,0,6,13,0
8343.5,9005.76,0,3,22,0
6268.99,6770.7,1,4,23,0
12769.86,12749.52,0,7,14,0
9701.97,11752.63,0,2,10,0
4701.29,17454.43,0,9,22,0
10328.04,9175.27,1,4,20,0
83550.15,13571.85,0,4,9,1
2964.54,5754.61,1,4,21,0
1664.35,8321.74,1,9,15,0
22849.97,17072.67,0,3,16,0
35587.22,7675.96,0,4,0,0
3553.16,14891.35,0,3,7,0
11301.35,12933.37,0,2,7,0
10202.01,9389.12,0,2,9,0
5171.47,8895.42,0,3,2,0
19844.36,16282.41,0,3,13,0
16709.76,13116.47,0,2,14,0
37364.28,3407.05,0,3,22,0
12305.99,12513.58,1,4,10,0
1910.32,9551.61,0,2,16,0
11037.51,7426.87,0,2,18,0
6381.8,5240.53,0,2,19,0
11235.83,8965.43,0,6,16,0
4015.68,16228.27,0,2,11,0
33784.18,9272.27,0,2,15,0
14106.39,15687.53,0,9,8,0
16508.4,17223.33,0,3,8,0
11594.96,4042.19,0,6,14,0
3406.68,3690.0,1,9,4,1
147335.59,15606.34,0,6,15,0
3982.0,6390.39,1,3,9,0
105747.01,8392.48,0,2,22,1
12825.03,8555.5,0,2,22,0
80837.02,16444.99,0,2,6,0
18687.54,7939.27,1,3,15,1
3993.81,10353.37,0,8,11,0
11466.63,2577.07,0,3,15,0
853.03,3604.74,0,5,21,0
3310.89,2333.32,1,3,12,0
4438.6,6006.7,0,4,9,0
36384.95,9216.06,0,4,11,0
20606.09,11974.86,0,2,16,0
8230.44,6662.71,0,3,21,0
8200.8,10256.18,1,4,15,0
6731.24,5374.86,0,2,7,0
577.35,7800.94,0,2,7,0
20375.1,16659.28,1,1,22,0
12571.85,12791.05,0,15,16,0
5894.09,9722.34,1,2,20,0
1995.16,2888.95,1,3,13,0
11065.32,13015.4,0,1,3,0
25991.61,14906.0,0,4,19,0
4741.13,3070.59,0,2,21,0
17335.96,15690.11,0,5,8,0
4050.65,9876.85,0,1,11,0
39086.32,12762.7,0,2,17,0
5189.36,2736.21,0,4,10,0
23280.95,15289.82,0,3,15,0
5414.9,12346.01,1,4,13,0
10114.2,15262.99,1,4,15,0
8785.09,11238.17,0,3,8,0
883.25,16165.13,0,6,10,0
16606.4,4832.82,0,9,8,1
8650.33,6604.92,0,5,21,0
3169.18,14314.82,0,5,7,0
30903.54,16909.7,1,2,6,0
1998.56,3451.84,0,5,2,0
21460.76,13982.51,1,6,13,0
2778.42,2074.83,0,1,19,0
4878.66,4033.22,0,1,6,0
10799.49,8310.46,0,5,15,0
58351.87,14137.59,0,14,2,0
15523.52,17643.92,0,2,13,0
360.29,2497.05,0,3,20,0
7242.42,6255.44,0,3,12,0
122559.17,11439.77,0,5,13,0
67680.95,17103.95,1,3,15,0
79850.44,11425.71,0,1,8,0
18022.43,16700.3,0,7,19,0
3228.06,3591.76,0,5,10,0
6119.13,4387.13,0,4,22,0
15742.2,11568.75,0,4,11,0
31544.67,7450.19,0,5,9,1
14763.78,14421.92,0,4,10,0
430.85,7629.72,0,1,23,0
15992.55,4090.69,0,5,17,1
3525.53,3155.43,0,4,17,0
14990.08,10599.29,0,3,5,0
43666.5,12572.62,0,4,9,0
9174.43,7010.88,0,2,17,0
20057.63,7100.52,0,1,1,0
24108.56,16619.72,0,2,4,0
17417.58,14722.93,0,1,7,0
5820.05,15547.58,0,2,20,0
2571.38,1990.33,0,7,10,0
20215.83,17791.63,0,8,13,0
13127.17,12731.28,1,3,18,0
153957.08,16912.59,0,4,0,0
12792.34,9296.25,1,8,5,1
1164.51,3599.23,0,2,20,0
878.03,9172.06,0,3,13,0
7353.79,10102.77,0,11,21,0
8883.24,7678.65,0,1,15,0
3401.16,8773.96,1,6,10,0
2424.08,2977.06,1,3,13,0
1101.29,1572.62,0,1,20,0
20524.62,5162.21,1,12,5,1
15262.44,10778.44,1,2,12,0
17553.48,17349.68,0,2,7,0
26368.17,10197.46,1,6,13,1
4046.61,10969.4,0,2,16,0
20351.15,15943.36,0,3,20,0
7737.39,7122.0,0,5,2,0
3544.74,4638.44,0,5,10,0
16017.56,17456.69,0,2,9,0
11519.27,12893.18,0,6,13,0
18441.67,15737.35,0,3,16,0
42770.8,12936.11,0,8,3,0
7467.06,6425.85,1,1,0,0
10855.82,7596.89,1,3,11,0
3788.86,10642.47,0,2,3,0
23071.05,12674.7,0,6,14,0
13290.52,13105.09,0,2,11,0
7844.78,12232.53,0,2,12,0
4472.67,12623.81,0,7,19,0
17030.87,6914.03,0,1,3,0
5622.1,3270.65,0,2,10,0
12861.4,15451.08,0,2,0,0
26837.19,6531.22,1,7,10,1
139655.23,17365.57,1,2,1,1
1705.01,1521.02,0,1,11,0
3462.43,4974.97,1,4,22,0
27248.06,16885.92,0,2,17,0
5535.13,11157.61,1,6,14,0
1214.24,17996.13,1,2,18,0
14338.65,12678.76,0,4,22,0
3248.84,3291.68,1,3,9,0
5194.65,5168.7,0,2,13,0
60452.37,15012.56,1,4,14,0
11190.83,11923.4,0,2,23,0
1362.71,2389.65,1,4,12,0
162915.83,15140.01,0,3,4,1
968.8,4044.15,0,5,11,0
395.7,1978.49,0,4,20,0
7589.92,10202.03,1,3,2,0
18730.64,17417.18,0,3,15,0
11639.44,13894.39,1,2,7,0
2495.36,4827.06,0,1,6,0
18826.63,15018.69,0,2,13,0
75949.43,16351.51,0,5,11,0
4172.61,4213.89,1,4,11,1
5904.86,2024.43,0,6,15,0
6406.93,15977.97,0,3,22,0
2686.62,4310.26,0,3,11,0
2544.02,4231.27,0,5,23,0
89712.95,16280.61,0,2,14,0
16711.42,11373.34,0,3,14,0
13320.11,17395.76,0,8,21,1
99330.14,13944.64,1,2,16,0
4057.85,16117.16,1,1,14,0
4458.66,5385.34,1,3,5,0
3651.33,2574.11,0,14,9,0
15977.82,12456.59,1,3,4,0
11850.96,14153.45,0,2,18,0
8045.73,6082.02,0,3,23,0
18241.74,16094.5,0,2,21,0
1680.74,16743.93,1,5,9,0
41719.97,11712.12,0,2,7,0
4895.59,7570.73,0,4,22,0
9031.78,12826.96,1,4,3,0
19845.76,12458.98,0,6,18,1
588.39,8513.85,0,4,6,0
173383.89,17496.07,0,3,19,1
7221.79,16123.3,0,7,1,0
57532.51,8352.14,0,6,15,0
65083.69,16499.57,0,2,16,0
6453.39,5128.19,0,4,0,0
6152.74,5648.78,0,2,22,0
3895.1,4433.47,1,6,8,0
14581.67,15906.22,0,2,1,0
31195.14,11046.25,0,3,5,0
18026.96,15864.29,0,4,8,0
13745.5,9180.75,0,3,6,0
17045.18,13801.91,0,2,4,0
12522.71,11830.69,1,7,5,1
5256.63,4752.23,0,1,0,0
12952.3,8892.14,1,2,9,0
14059.54,16748.06,0,12,9,0
131562.81,9246.58,1,6,10,1
3240.82,3394.77,0,8,16,0
20960.67,17227.86,1,2,13,0
14481.94,4308.8,0,8,5,0
5560.23,4543.36,0,15,5,0
4394.94,6682.27,1,4,11,0
11774.44,10572.3,0,2,1,0
6238.58,13094.77,0,1,5,0
15619.93,17034.1,1,5,16,0
168376.7,16437.48,0,11,23,1
17548.09,10261.59,0,3,15,0
41208.46,15716.74,1,7,1,1
21537.43,17769.85,0,2,21,0
5555.07,3326.39,1,3,5,1
7134.41,8050.97,1,2,19,1
21128.43,9681.3,1,4,8,0
5008.59,3165.1,0,4,17,0
2178.29,3350.03,0,3,11,0
3657.88,3237.2,1,2,18,0
8778.4,7060.83,0,11,11,0
170429.52,14959.56,0,2,8,0
11005.64,9279.5,1,4,4,0
3261.03,16161.85,0,2,3,0
9225.87,5539.14,1,6,20,0
11351.3,7721.69,0,3,14,0
872.5,16695.9,0,2,14,0
2595.85,3163.39,0,4,6,0
4688.13,7541.58,1,6,15,0
17915.23,12364.93,0,2,11,0
4002.78,5622.11,1,10,17,0
2239.9,13367.75,0,1,12,0
6451.75,6939.25,1,13,17,0
16956.04,9138.14,0,2,14,0
21727.33,14930.52,1,5,8,0
3391.91,14669.8,0,4,11,0
17733.99,13217.52,0,7,7,0
17738.22,11822.12,1,1,9,1
9328.03,11465.09,0,9,3,0
20021.26,13855.54,1,3,16,0
22284.39,11456.2,1,1,10,0
14208.48,12151.69,1,6,3,0
47520.48,13376.41,0,3,14,0
15693.39,17578.29,0,6,8,0
64929.8,13703.23,0,6,22,0
10053.03,10784.6,0,2,21,0
8415.9,4114.61,0,2,18,0
7118.11,7459.36,0,3,14,0
6392.18,8063.07,1,2,7,0
13491.23,13153.03,0,3,19,0
1629.87,7469.91,0,8,13,0
892.52,3163.87,0,5,7,0
11527.93,8542.13,1,3,10,0
7960.63,7575.83,0,4,10,0
6422.45,11170.8,0,3,21,0
34324.78,7152.94,0,1,15,0
18069.67,14993.96,0,4,22,0
13028.89,8810.36,1,4,11,1
16162.18,10363.35,0,4,9,0
2275.39,5534.28,0,2,3,0
87252.37,14508.73,0,2,16,0
8029.95,16255.77,0,2,23,0
18378.52,2267.79,0,1,16,0
15992.84,15742.51,0,3,12,0
7099.87,15684.72,1,2,11,0
7709.1,7160.85,0,3,7,0
37627.59,2685.73,0,3,6,0
2684.2,7851.06,0,5,17,0
14544.29,17163.34,1,4,17,0
18952.11,13975.24,0,8,19,0
169382.55,12378.68,0,1,22,0
519.41,3770.97,0,3,18,0
17404.77,17342.2,0,6,21,0
10012.74,6898.32,0,3,15,0
14140.58,15250.48,0,3,2,0
14960.18,11595.64,1,8,8,0
53148.3,11424.63,0,3,10,0
2773.03,2053.83,0,4,20,0
38598.38,11025.46,0,9,12,0
12786.91,16865.51,0,3,6,0
19731.88,16435.68,0,13,16,0
97391.28,14005.91,0,4,1,1
4478.55,1573.37,0,8,11,0
107317.23,9868.64,0,2,4,0
25315.45,14414.75,0,3,6,0
8447.96,10620.37,1,10,17,0
18724.61,15326.87,0,8,19,0
6899.53,6234.9,1,1,9,0
2400.14,3151.74,0,3,19,0
7276.1,16135.87,1,2,21,0
4722.75,3356.74,0,2,9,1
60526.15,16660.17,1,6,12,1
1352.61,4475.35,0,1,9,0
59700.52,12995.96,0,4,12,0
13908.15,10433.92,0,1,18,0
119315.52,15593.08,1,2,15,1
31275.76,17991.19,0,14,21,0
12347.95,17978.12,0,8,21,0
5455.91,17248.71,0,3,10,0
37242.38,8243.04,0,1,17,0
43367.95,12077.56,1,2,9,0
2979.09,14895.47,0,5,7,0
15487.74,16218.65,0,2,0,0
3340.29,4337.95,0,8,11,0
7045.35,7142.54,1,4,16,0
6192.26,6215.19,0,8,11,0
10497.38,11175.35,0,2,1,0
211480.8,14387.99,1,2,18,1
9093.72,14102.35,0,1,13,0
4906.67,5473.66,0,3,13,0
14235.88,11510.2,0,3,8,0
1024.01,9678.73,0,10,10,0
229896.73,17912.58,0,2,7,0
29791.87,13867.85,0,5,0,0
19095.77,15320.69,1,2,2,1
19597.59,15179.95,0,4,19,0
5242.35,4480.27,0,6,0,0
28400.92,13568.0,0,5,15,0
2110.88,10554.42,0,14,22,0
13878.71,11569.78,1,7,13,0
15873.59,17587.81,0,1,9,0
7579.37,6026.01,0,2,3,0
5816.09,7533.77,0,7,10,0
15117.51,11876.28,0,2,11,0
4597.41,16504.09,1,7,9,0
12739.38,14119.41,1,14,19,0
2493.49,2301.52,1,5,22,0
11463.73,3287.08,1,3,7,0
577.26,1705.98,0,3,6,0
10817.42,14049.01,1,6,17,0
4531.93,4023.64,1,6,18,0
5826.28,5259.78,0,3,20,1
6464.24,12314.45,0,3,16,0
18683.19,17412.16,0,8,11,0
14294.72,11484.38,0,3,16,0
3650.42,4955.64,0,3,2,1
79308.59,6208.68,0,3,13,0
2825.02,10645.92,1,3,4,0
4311.0,8984.7,0,6,15,0
104385.99,8775.88,0,2,17,0
49673.88,10728.8,1,6,22,0
16779.52,15951.45,1,5,17,0
90584.77,14821.7,0,10,22,0
15701.48,17195.13,0,5,0,0
17480.78,12942.84,0,2,13,0
12730.31,10803.15,0,2,16,0
5023.75,4708.42,0,1,5,0
15586.24,13234.12,0,7,4,0
12681.48,15987.48,0,3,10,0
15522.48,17692.89,0,2,16,0
3452.27,4445.98,0,3,15,0
14382.66,16771.87,0,3,21,0
1471.78,1578.23,0,4,21,0
5564.39,15719.94,0,8,11,0
8004.07,12520.73,1,3,20,0
96772.73,15437.28,1,5,14,1
9531.78,9887.82,0,1,6,0
10691.63,10861.42,1,2,11,0
1354.76,15833.65,0,4,6,0
21344.31,13787.4,0,1,22,0
7859.42,7795.0,0,3,17,0
8753.46,6640.71,0,2,11,0
22898.29,11976.92,0,1,9,0
34675.84,14267.06,0,10,6,0
2414.39,17699.8,0,3,16,0
4461.43,4140.74,0,4,15,0
2210.05,3307.37,0,9,16,0
3811.84,8354.25,0,2,16,0
10935.53,8837.35,0,6,9,0
2727.27,8103.5,1,9,10,0
1361.87,14847.39,0,9,21,0
9457.38,10498.05,0,4,12,0
19926.23,14738.61,0,3,11,0
8058.38,6526.35,0,12,14,0
2175.73,2298.06,0,13,21,1
5524.42,6757.96,0,5,21,0
2194.3,10897.64,0,1,22,0
16638.39,15104.29,1,4,17,1
73736.03,17411.35,1,3,22,1
5807.14,5861.4,1,2,9,0
24592.68,11683.55,1,4,14,1
3051.87,4605.72,0,2,18,0
12181.55,3317.65,0,2,21,0
4066.5,11563.53,1,12,12,0
25612.49,17157.17,0,7,5,1
10829.95,9240.13,0,4,12,0
2452.01,5962.76,0,1,19,0
11146.84,8637.54,0,15,17,0
10514.65,8173.39,0,2,5,0
6125.04,6129.71,0,2,22,0
695.74,8854.59,0,4,11,0
2085.34,3122.22,0,2,21,0
8841.76,8034.91,0,1,19,0
10133.93,10094.14,1,1,11,0
12924.83,14591.07,1,3,18,0
4772.49,8942.99,1,12,3,1
6562.17,8329.01,0,12,18,0
4077.65,4105.26,1,3,13,1
8727.38,6927.57,1,7,9,0
12374.83,17009.71,0,12,18,0
17004.25,16397.73,0,3,17,0
4527.39,5309.73,0,2,14,0
34559.15,2596.63,1,2,5,1
41609.29,15673.22,0,4,17,0
12395.46,8564.8,0,6,10,0
35696.7,5374.71,1,4,12,0
1962.07,5158.68,1,6,14,0
12425.9,11754.43,1,2,15,0
3101.65,3587.85,1,11,5,1
20168.47,9029.13,1,13,2,1
1413.29,1667.82,0,4,1,0
24659.36,15153.91,0,3,12,0
803.06,13188.93,0,4,9,0
80054.66,13103.45,0,3,9,0
9318.64,9028.87,1,6,14,0
7193.14,8030.15,1,3,3,1
17425.32,13655.64,1,6,12,1
49688.27,5708.27,0,2,13,0
4195.98,9408.53,1,3,18,0
14552.94,12217.86,0,2,12,0
4060.43,4763.86,0,4,10,0
108322.18,15870.91,0,4,3,1
42411.44,11897.51,0,5,1,0
3762.27,15163.65,0,2,21,0
4870.07,8052.8,1,4,8,0
13829.69,12423.6,0,4,20,0
18882.17,8608.15,0,6,14,0
4796.74,12899.1,1,6,21,0
118.73,1754.36,0,3,20,0
3451.61,12854.07,0,2,20,0
4988.27,4521.82,1,5,9,0
28414.33,4185.27,1,2,1,1
3387.2,10237.14,0,3,20,0
25932.59,11698.22,0,4,1,0
4276.5,7655.0,0,1,5,0
15631.62,13400.96,0,15,11,0
18716.98,15902.17,0,4,15,0
15174.24,5758.79,0,4,10,0
5064.51,1621.48,1,4,9,1
116247.45,17778.74,0,2,20,0
30251.46,8696.25,1,2,15,1
2013.82,3419.4,0,2,21,0
5646.4,8980.36,0,1,9,0
24412.3,13401.26,1,2,12,0
205575.45,16892.86,0,5,20,1
40510.33,3141.91,0,13,7,1
5573.69,15580.19,0,3,4,0
7895.15,2115.62,0,5,8,0
8954.95,8435.03,0,5,9,0
1881.89,17841.41,0,3,10,0
2752.57,8143.9,0,2,19,0
1710.88,3482.26,0,2,13,0
9905.74,15596.87,0,2,18,0
44247.26,12558.35,0,5,23,1
400.66,6746.74,1,3,8,0
24770.23,13684.94,0,4,20,0
1496.24,1705.75,0,2,0,0
2562.12,16827.35,0,3,3,0
9432.73,9225.82,0,2,17,0
30140.43,15692.81,0,4,3,0
3253.19,3337.52,0,4,20,0
1655.65,1720.64,1,4,11,0
23122.62,16270.21,1,4,16,0
54613.31,13596.55,1,2,11,0
16804.78,16538.47,0,5,8,0
3853.04,7652.45,0,1,8,0
25650.18,16235.01,0,2,19,0
8158.99,15292.7,0,4,1,0
111.14,1549.95,0,2,21,0
2704.62,1652.79,0,5,17,0
113348.85,11253.93,0,10,18,1
14797.19,9922.7,1,2,19,0
12345.6,17467.95,1,2,19,0
744.39,3340.1,1,6,1,0
2672.73,4340.82,0,4,11,0
10753.66,11348.75,0,14,0,0
12999.18,15978.37,0,5,21,0
18284.03,16374.35,0,4,18,0
7470.1,5904.41,0,5,6,0
14407.16,16616.17,0,1,13,0
10556.73,10735.43,1,5,21,0
11074.22,13369.09,0,2,8,0
8997.76,9595.88,1,4,0,0
8871.75,8772.65,1,1,10,0
63024.36,15909.16,0,3,7,1
14577.16,12977.68,0,7,18,0
24071.27,6136.14,0,4,14,0
14151.92,13696.34,0,2,20,0
2431.36,9392.35,0,2,23,0
3189.64,14580.39,0,4,18,0
2261.86,3537.85,0,5,6,0
7796.99,15965.73,1,3,15,0
18783.34,15608.65,0,9,20,0
9608.83,5521.23,0,7,11,0
12798.53,17892.18,0,3,10,1
12085.32,11518.99,0,5,15,0
6871.92,4719.55,1,3,7,0
7423.46,8840.86,0,5,9,0
15994.39,15594.34,0,2,23,0
99153.15,10114.74,0,4,11,0
2078.31,15525.3,0,3,15,0
32747.19,12668.44,0,11,2,1
6544.92,14127.8,0,2,15,0
9834.69,6260.13,1,3,16,0
3989.96,10658.2,0,4,14,0
15052.51,12461.17,0,10,19,0
735.26,2674.29,0,4,23,0
22401.89,17850.43,0,5,2,0
5501.46,5639.27,1,2,10,0
2872.6,12980.43,1,6,20,0
10255.37,10068.68,1,4,20,0
9110.05,7116.03,0,10,8,0
3403.39,2508.64,0,1,21,0
5032.24,14821.92,0,3,16,0
1585.64,10610.68,0,1,19,0
5444.8,7762.09,0,7,0,0
4132.62,11086.32,1,2,17,0
18594.74,17914.6,1,3,6,0
65490.77,17864.21,1,12,22,1
14943.54,13795.86,1,4,8,0
1568.11,12321.9,0,3,10,0
31721.53,10696.87,0,2,2,1
15361.32,14218.37,0,5,7,0
3516.75,1629.77,0,3,1,0
6032.39,11839.55,1,2,17,0
10537.17,13154.59,1,4,21,0
20858.64,16213.75,1,3,9,0
877.9,9360.64,1,11,13,1
11251.92,16083.8,1,1,14,0
19801.38,16025.86,1,3,12,0
3343.44,3937.93,0,1,1,0
4707.88,7910.5,0,5,8,0
2820.98,9990.1,1,6,18,0
29682.32,11317.41,0,15,13,0
7156.57,2539.81,0,3,17,0
58815.33,13534.28,0,5,11,1
11654.27,16262.64,0,5,14,0
11648.57,11442.19,0,2,23,0
8929.17,7135.38,1,9,23,1
1141.8,1800.23,0,5,12,0
7804.83,7955.95,0,3,22,0
6568.28,9531.62,0,3,18,0
7862.86,16319.58,0,8,21,0
6168.79,6981.31,0,1,18,0
7790.26,10829.69,0,4,12,0
33702.79,14812.4,0,13,13,0
9137.01,7446.3,0,4,0,0
6553.27,13491.25,1,3,19,0
1097.33,1915.03,1,4,9,0
15007.57,15710.49,0,2,8,0
9968.78,16985.82,0,7,6,0
7984.38,10590.91,0,2,19,0
3879.55,6954.91,0,8,9,0
19109.62,16263.76,0,3,0,0
14005.48,12025.74,0,1,10,0
6780.95,16965.64,0,12,17,0
3574.38,17597.33,0,3,1,0
39128.64,14778.61,0,6,16,0
19384.16,17570.92,1,15,3,1
9636.8,9172.73,1,2,15,0
10831.47,9527.47,0,2,16,0
48145.68,11270.95,0,2,1,0
62062.68,11503.94,1,4,13,1
2798.91,17560.82,0,1,16,0
5850.32,6455.27,1,7,1,0
3258.28,12006.79,0,4,20,0
2124.52,10622.62,0,2,11,0
4437.74,5123.06,0,4,21,0
79751.19,15779.63,0,15,3,1
3574.74,7795.72,0,3,9,0
26598.74,15369.51,1,9,8,1
1964.81,2362.65,0,2,3,0
5698.87,4147.11,0,8,6,0
94222.93,8565.21,1,4,15,0
7999.53,9291.13,1,4,3,0
3892.85,7826.77,0,2,1,0
1750.31,5059.23,0,3,19,0
8546.21,11262.04,0,1,3,0
14321.28,14484.53,1,2,13,0
6297.95,9898.9,1,2,11,0
1988.27,3577.69,0,11,19,0
12690.64,15341.57,0,3,8,0
8712.74,13874.72,0,2,16,0
5004.66,5258.43,1,2,7,0
49741.57,13899.17,0,2,18,0
2032.22,4271.15,0,1,8,0
1139.99,6097.7,1,4,12,0
13796.15,17079.65,1,1,10,0
13440.35,15176.5,1,8,10,0
14058.91,9479.47,1,3,13,1
12968.23,9349.13,0,2,22,0
180760.22,16507.61,0,4,22,0
14263.25,12470.91,0,6,11,0
15177.16,17842.3,0,1,8,0
6429.08,16392.14,0,3,19,0
16526.88,13002.22,0,3,14,0
36286.25,14363.52,0,5,10,0
35586.35,3783.44,0,5,22,1
30756.46,12881.07,0,5,16,0
1846.47,2101.13,0,3,10,0
32505.85,6531.77,1,3,9,1
20086.99,16696.02,0,9,16,0
1127.81,3292.65,0,15,16,0
14931.85,11429.28,0,3,12,0
879.79,2458.79,1,3,10,0
18889.92,6925.83,1,1,19,0
5570.86,4150.28,0,3,7,0
6806.1,4749.83,1,10,7,0
6670.09,17279.61,0,2,22,0
1957.06,5606.52,0,3,9,0
11141.77,15877.33,0,4,9,0
8500.35,12195.56,0,5,16,0
23691.74,16469.57,0,10,12,0
4603.06,4931.54,1,11,22,0
4052.7,3300.88,0,4,14,0
1208.9,3153.63,0,3,15,0
178234.57,12510.37,1,6,17,0
4073.22,3740.47,0,15,8,1
4293.8,4395.13,0,6,15,1
845.81,2754.85,1,6,9,0
1078.05,15705.17,1,3,8,0
1261.26,1858.44,0,6,21,0
70756.03,13899.6,1,3,21,1
1461.59,4528.77,0,7,13,0
9873.04,8310.68,0,7,11,0
951.69,8103.41,0,3,19,0
27722.42,11234.76,1,3,8,0
3767.93,12511.61,1,3,18,0
7122.72,3204.83,0,2,8,0
108644.4,10105.48,1,4,14,0
1377.7,2899.82,0,3,8,0
62959.51,16278.59,0,8,20,0
24425.33,17753.26,0,2,4,0
30787.79,10816.79,0,3,14,0
14352.91,14854.3,1,3,4,0
9810.51,13649.84,0,2,17,0
38290.97,9147.18,0,3,10,0
831.72,14315.45,1,5,9,0
10026.61,13374.79,1,8,7,0
14309.89,12848.95,0,3,18,0
17357.65,12794.7,0,2,19,0
16749.81,5918.56,0,3,1,0
3737.4,14650.27,0,10,20,0
30466.13,12019.08,0,2,15,0
22578.26,8808.08,0,5,9,0
2880.55,2397.3,0,4,20,0
55845.38,8542.11,0,5,15,0
5160.72,9675.86,0,2,7,0
2562.58,7298.8,0,8,17,0
8516.93,10451.98,0,4,22,0
6587.29,9979.84,1,2,13,0
5296.53,5965.08,0,4,19,0
21693.17,2268.7,0,6,19,1
10938.51,8605.41,1,3,12,0
2938.91,3365.48,0,4,8,0
5442.54,11417.33,0,4,11,0
3700.8,4226.31,0,4,19,0
4666.94,4485.72,0,1,4,0
2195.52,1950.18,1,2,20,0
10091.58,9179.06,0,6,15,0
8545.61,16393.78,0,6,12,0
22664.53,16516.55,1,1,12,0
17895.1,15394.16,1,11,8,1
3013.29,5213.76,0,4,11,0
1220.05,2269.67,0,3,7,0
15323.3,13974.8,1,7,14,0
2615.49,16791.69,0,3,17,0
11211.07,7752.34,0,4,14,0
1026.27,3116.2,0,8,9,0
5534.01,3827.16,1,1,5,1
14028.9,10211.67,1,4,13,0
1982.49,2966.38,0,4,9,0
2654.13,8657.35,0,4,5,0
6018.33,7104.78,0,12,8,0
9982.59,10503.83,1,2,21,0
5984.14,6818.28,1,3,22,0
13465.13,17232.21,0,1,1,0
4259.79,12323.23,0,5,21,0
76438.02,11703.64,0,4,16,0
7832.76,12465.57,0,3,13,0
34547.08,7016.93,0,5,17,1
10635.02,12159.19,0,2,15,0
4843.2,17706.81,1,4,0,0
3597.56,17987.79,0,2,12,0
10459.93,9609.97,0,6,10,0
6210.16,8795.45,1,9,10,0
3398.6,11434.97,1,3,16,0
4697.27,8572.62,0,8,14,0
22834.42,8741.17,0,6,2,0
2473.27,2466.25,0,2,18,0
10046.37,7615.26,1,6,15,0
2270.99,3337.85,1,3,14,0
5970.0,6761.42,0,2,10,0
10799.68,5187.28,1,4,19,0
8592.26,14193.94,1,4,21,0
8832.82,8932.19,1,4,19,0
3906.03,6848.41,0,4,11,0
3320.16,8513.59,0,4,6,0
1626.27,1817.08,1,1,11,0
12236.48,8634.16,0,6,3,1
8410.65,7188.77,0,3,5,0
9765.16,10453.5,1,4,10,0
12337.1,9537.29,1,3,18,0
2406.67,17829.22,1,2,9,0
16298.36,17452.63,1,2,18,0
8126.89,12632.31,1,4,10,0
854.83,7742.25,0,3,18,0
5036.11,4228.22,0,4,22,0
48109.32,16113.23,0,2,23,0
6817.54,5042.91,0,1,11,0
14545.1,12720.79,0,3,21,0
10401.8,10110.96,0,5,22,0
33060.13,11821.38,0,2,2,0
4363.94,4459.2,0,15,14,0
842.2,3266.66,0,2,18,0
13538.73,15326.67,1,2,20,0
6030.08,6090.58,0,4,15,0
7866.39,14347.03,0,3,17,0
87693.47,6556.07,0,1,21,0
2912.11,4386.01,1,4,5,0
63655.58,10257.7,0,8,2,1
899.6,2266.0,0,2,13,0
11382.36,8914.46,0,5,3,0
569.66,7277.95,0,3,2,0
12841.98,3121.7,0,3,20,0
16304.32,12996.03,1,4,18,1
3270.04,4678.63,1,3,12,0
16198.91,17444.27,0,7,11,0
33514.97,7783.36,0,2,18,0
9703.24,6391.33,1,4,12,0
30849.92,3523.61,1,1,20,0
7627.02,6810.18,0,15,7,0
105489.91,7154.24,1,5,4,1
2543.62,1560.13,0,6,0,0
58900.98,14451.87,0,3,17,1
7902.58,6706.36,0,11,6,0
3670.55,3478.01,0,5,16,0
9915.08,5810.73,0,2,14,0
7056.9,4792.92,1,14,15,0
5248.89,5358.02,0,3,19,0
1131.6,4052.29,0,3,14,0
2438.2,3734.05,0,5,15,0
12245.55,8476.75,0,8,8,0
2190.37,3588.6,0,1,22,0
2916.11,2479.49,0,3,12,0
3873.31,10135.76,0,7,10,0
13776.94,12770.31,0,2,8,0
35571.56,9625.64,1,7,9,1
33636.26,9751.12,0,4,21,0
37252.43,11109.11,0,2,22,0
45988.59,4157.25,1,1,9,0
12305.68,11057.69,1,2,9,0
2864.08,5563.01,1,3,13,0
6689.28,4310.56,0,1,8,0
11589.68,12339.71,0,2,21,0
5841.3,5869.32,0,5,18,0
42881.75,3743.49,1,2,18,0
1750.3,8901.86,0,1,18,0
32718.11,11534.08,0,2,10,0
3297.27,13751.07,0,3,18,0
4030.43,3090.45,0,2,11,0
1885.15,12390.72,1,3,11,0
12135.42,9742.99,0,4,7,0
147600.78,15624.54,1,1,14,1
4017.68,2397.93,0,5,19,0
52207.65,13778.36,1,1,21,0
6103.24,17468.27,1,3,11,0
63081.51,4507.71,1,5,23,1
9981.71,7429.09,0,6,4,0
2305.53,6459.26,0,7,20,0
15013.1,12913.35,1,5,3,0
346.91,1634.3,0,4,15,0
3090.27,2660.45,0,3,16,0
47155.84,10073.17,1,2,9,1
78493.81,10135.25,0,5,15,0
704.02,2308.12,0,5,7,0
11324.14,9422.35,0,2,13,0
3836.46,10372.15,0,2,4,0
8110.78,15957.75,1,2,20,0
77490.26,12438.31,0,3,3,1
2482.94,2277.56,1,4,10,0
9069.67,4893.51,0,4,1,0
20928.51,16628.0,0,7,22,0
5257.93,11651.3,0,2,15,0
41724.69,12853.02,0,1,18,0
7698.09,8717.84,1,4,4,1
4290.68,4851.97,0,10,8,0
1854.79,1713.96,0,2,15,0
3353.72,5385.9,0,1,17,0
12469.43,10522.42,1,4,7,0
15274.33,4441.06,1,3,21,0
7273.54,10218.06,0,5,9,0
8660.76,10566.89,0,3,8,0
102124.83,13493.86,0,14,20,1
1317.08,3281.16,1,7,19,0
10507.19,7618.17,0,8,16,0
21274.07,14679.37,0,2,13,0
1072.54,13038.04,0,4,18,0
3744.3,2980.93,0,1,11,0
8261.85,11551.04,0,6,0,0
410.94,5263.31,0,7,13,0
10781.69,2643.07,0,1,8,0
11188.68,10409.32,1,12,13,0
6836.5,5862.37,0,3,11,0
135934.21,12541.46,0,3,12,0
789.01,10111.65,0,5,8,0
11083.43,11059.22,0,2,9,0
16903.5,16663.97,1,4,4,0
13059.97,17436.37,0,3,19,0
7882.3,8045.1,1,2,10,0
11103.86,17657.3,0,2,11,0
8412.82,10334.67,0,2,17,0
15778.77,17705.38,0,2,3,0
69064.16,11137.05,0,1,20,0
2850.57,6125.64,1,3,16,0
4986.1,6363.77,1,2,13,0
16855.04,15118.98,0,4,8,0
9978.45,12191.4,1,3,22,0
2086.74,8618.4,1,2,12,0
2054.68,1875.23,0,2,13,0
3301.85,14001.44,0,4,12,0
5243.99,4554.75,1,5,4,0
5371.31,7224.84,1,10,23,0
6504.18,11990.11,0,15,18,0
10720.92,8747.0,0,6,8,0
1328.52,2432.85,0,2,13,0
2267.86,4830.01,0,2,20,0
10784.17,3449.16,0,2,8,0
8900.7,9507.35,0,13,1,0
3683.19,4672.96,1,5,9,0
5768.05,6839.26,0,5,0,0
13864.9,7874.63,0,5,6,0
2175.64,8940.67,0,3,18,0
4092.02,14973.38,0,2,2,0
52624.09,8748.57,1,6,4,1
9754.13,6632.09,1,2,10,0
993.8,10141.92,1,3,11,0
3925.07,12010.11,0,2,8,0
11820.97,16944.68,1,2,14,0
10557.83,13831.56,0,1,19,0
6478.98,9699.68,0,3,19,0
15612.36,9981.97,0,3,7,0
14144.05,15763.43,0,2,16,0
11137.79,8356.77,1,1,13,0
8460.24,9955.93,0,7,22,0
10116.62,12478.14,0,1,8,0
2475.28,4725.53,1,4,22,0
15067.7,13085.59,0,2,12,0
3594.12,4405.61,1,3,15,0
8854.8,9766.22,0,7,14,0
4197.27,11724.53,0,2,7,0
58065.35,8230.76,0,7,18,0
1149.78,5748.89,0,4,10,0
5627.62,4034.62,0,4,17,0
6342.24,7743.67,0,4,16,0
17639.84,9288.62,1,2,19,0
10015.06,8213.62,0,12,9,0
3455.81,2661.7,0,2,10,0
15451.31,16933.25,0,2,8,0
20389.59,16657.97,1,2,15,0
34041.32,9093.37,0,5,22,0
9518.19,7000.48,0,1,19,0
13934.89,8578.93,0,1,2,0
4911.71,6214.72,0,3,10,0
617.17,8178.53,1,2,5,0
1613.58,9862.18,0,2,19,0
9064.33,16879.87,1,4,7,0
611.62,2361.17,1,4,21,1
3264.72,3359.82,0,5,21,0
18261.53,13965.27,0,1,21,0
5420.64,5155.72,0,2,4,0
30566.99,14326.16,0,3,3,0
58908.53,12581.61,0,8,14,0
17525.07,16165.47,1,2,19,0
8749.19,9238.89,0,10,21,0
7808.98,8256.79,1,3,12,0
4590.34,3032.82,0,2,16,0
1603.46,11268.05,1,9,18,0
2280.9,2422.6,0,3,16,0
67404.49,5151.31,0,1,19,1
56571.61,15687.59,0,3,3,0
4261.91,3906.23,0,2,14,0
1985.4,5094.44,0,15,15,0
17008.57,11797.04,0,2,10,0
23832.49,5257.74,0,2,5,0
20843.5,16196.47,0,3,17,0
1241.45,16694.54,0,12,6,0
2493.1,14968.78,0,7,18,0
10104.36,17746.61,1,2,12,0
1000.85,5130.8,1,6,7,1
5162.76,6292.5,0,3,12,0
3507.84,1750.02,1,14,10,0
997.56,4666.72,1,6,2,0
8654.05,2720.03,0,2,14,0
19624.38,13653.46,0,5,11,0
32550.18,15162.71,1,2,4,1
15047.34,16138.74,0,12,16,0
2509.96,4200.85,1,5,21,0
1671.53,10703.96,0,2,12,0
2800.23,2778.59,0,5,22,0
56230.85,13699.94,0,1,2,0
11642.45,13256.41,1,9,11,0
5160.16,5212.89,0,1,18,0
6339.7,6657.4,1,1,14,0
12229.37,17666.26,0,4,6,0
8511.69,14334.94,0,11,17,0
12524.82,8893.95,0,2,12,0
54262.19,13697.38,0,12,18,0
5526.54,11986.75,1,3,10,0
3135.83,7950.85,0,6,13,0
47352.89,11263.39,0,2,8,0
16636.11,10700.81,0,7,0,0
4173.81,12106.26,0,5,0,0
25066.62,2121.88,1,4,20,1
22981.81,8747.99,0,6,19,0
33439.03,11131.09,0,2,16,0
3179.95,3205.34,0,1,3,0
5064.57,15986.29,0,1,4,0
25949.16,7958.9,0,4,9,1
9462.4,4877.91,0,3,23,0
17022.0,10438.69,1,1,1,0
2460.02,2371.32,0,3,10,0
2070.53,2265.9,0,9,9,0
7131.66,6876.12,0,5,14,0
10736.07,2992.56,1,1,18,0
18639.88,12684.38,1,7,0,0
6077.44,4595.55,1,2,15,0
50145.63,10941.91,1,4,13,0
13501.68,15826.6,1,4,0,0
14636.53,16841.57,0,3,13,0
49623.7,16015.66,0,1,8,0
6171.04,5675.07,1,3,15,0
3711.47,3156.53,0,1,12,0
3826.3,12995.65,1,3,9,0
26999.49,16389.1,0,7,17,0
7860.51,14562.85,0,15,20,0
1458.05,10027.22,0,8,18,0
1209.71,17918.43,0,2,4,0
6006.74,9576.78,1,3,17,0
8989.8,6609.26,0,2,8,0
11070.34,13447.72,0,14,17,0
79398.68,8121.55,0,2,8,0
61871.65,5521.0,1,1,7,0
3395.2,8832.04,0,1,12,0
3991.29,5307.31,0,4,3,0
21940.49,13988.11,0,3,21,0
1192.77,8432.69,1,3,18,0
49022.07,12984.68,0,1,6,0
54365.49,5540.1,1,5,14,1
80008.0,9614.91,1,3,8,0
333.96,1901.11,0,3,19,0
8352.86,14285.98,1,3,15,0
5450.66,3259.17,0,5,17,0
3593.26,10041.42,0,3,11,0
2081.96,10066.26,0,5,21,0
2585.67,2173.79,0,10,10,0
32118.71,5535.29,1,2,4,1
4097.21,4172.04,0,10,18,0
1753.57,3390.81,0,8,16,0
5749.34,4217.65,0,3,16,0
1500.43,13651.58,1,3,1,0
7909.81,7242.52,0,2,20,0
852.08,3500.62,0,2,9,0
2963.17,2125.52,0,2,4,0
10235.51,7724.66,1,2,10,0
66618.17,14368.83,0,4,21,0
44262.26,12106.37,1,4,4,1
67079.63,14730.11,0,2,17,0
38685.88,12438.25,1,2,17,0
20369.3,14654.83,0,3,9,0
6970.75,4811.0,0,11,12,0
9273.16,9605.29,0,4,16,0
20941.98,17597.16,0,4,2,0
1434.11,3487.15,1,4,3,0
3341.83,3616.91,0,8,1,0
56019.04,12270.26,1,8,17,0
4178.15,6219.78,0,6,15,0
15393.71,12549.21,1,2,11,0
1401.64,8471.17,0,7,12,0
17478.68,8427.03,1,4,11,0
11899.61,2359.46,0,3,8,0
374.46,3080.07,0,4,22,0
20594.02,6731.19,0,5,12,0
37065.86,15664.17,1,4,9,0
15276.12,14467.79,0,9,11,0
2981.37,5617.54,1,3,21,0
15217.7,10058.58,0,1,11,0
3071.02,15852.64,0,3,20,0
2615.05,4157.94,0,6,22,0
31826.05,7320.12,1,15,14,1
7802.97,5849.86,0,2,11,0
3041.95,6344.3,0,5,7,0
3713.4,11920.03,0,7,2,1
95642.15,15434.93,0,7,16,1
2845.21,9376.38,0,4,10,0
10656.24,14420.96,1,3,10,0
8905.83,6739.66,0,1,4,0
14479.42,13022.25,0,9,16,0
24822.41,10115.06,1,3,18,0
9464.78,14150.58,1,3,11,0
177710.58,14481.47,0,2,10,0
2152.46,7786.85,0,2,7,0
23074.88,17141.53,0,3,14,0
4089.45,4015.7,0,5,4,0
3914.24,10997.5,0,3,17,0
3813.13,5547.97,0,2,20,0
3636.12,2879.49,0,1,3,0
15791.69,10038.84,1,8,9,0
3507.05,5745.96,1,2,12,0
9778.66,12729.18,1,4,13,0
11721.14,10485.05,1,2,18,0
7003.44,10867.8,1,3,17,0
10933.6,8036.42,0,2,15,0
5182.46,6956.17,0,3,7,0
5163.5,10228.67,1,5,15,0
22803.77,7401.69,0,3,9,0
3720.73,2472.1,1,2,0,0
40573.99,12903.68,0,12,7,0
7702.28,5665.45,0,3,18,0
82288.68,13392.02,0,4,21,0
32917.25,6733.3,0,1,11,1
8739.07,10164.04,0,4,20,0
7420.72,16385.11,1,7,13,0
13242.4,7435.26,1,3,12,0
3405.73,9929.47,0,2,12,0
3835.76,2138.92,1,10,15,1
31077.23,10009.97,0,1,9,0
13994.91,12712.2,1,2,23,0
13058.76,16063.6,1,4,7,1
9144.87,7363.51,0,2,5,0
19902.74,11788.99,0,2,8,0
2451.8,13906.47,0,3,13,0
12018.34,17329.76,1,4,16,0
9947.3,13611.27,0,2,9,0
6989.07,17632.84,0,2,21,0
6485.92,17583.53,0,2,9,0
5645.55,11669.1,0,4,21,0
9148.06,10819.67,0,4,19,0
21327.23,14093.94,0,6,17,0
26401.15,6078.93,0,2,2,1
13335.6,14107.25,0,1,7,0
1786.22,2330.71,1,4,21,1
5881.6,4304.65,1,2,8,0
3683.42,5424.28,0,3,19,0
8127.99,5259.82,1,11,12,0
8159.94,2614.05,0,2,5,0
11939.62,8151.86,0,12,15,0
9176.79,2465.91,1,4,16,1
13120.24,11349.63,0,3,8,0
5574.88,2009.73,0,4,4,0
2111.32,2951.4,0,3,16,0
31833.91,17864.49,0,3,15,0
32402.55,15267.67,0,1,18,0
11133.49,12824.65,1,2,12,0
4898.16,3763.44,0,6,12,0
2475.18,2353.83,0,1,8,0
11503.61,10062.35,1,11,8,0
11052.14,10191.34,0,2,17,0
9885.62,15180.98,1,2,7,0
8681.43,17619.71,0,1,17,0
15204.32,11272.54,0,2,11,0
6367.75,4771.92,0,8,12,0
48609.11,5337.12,1,4,17,1
7989.51,7355.15,0,5,21,0
21487.79,13595.42,0,2,1,0
12588.93,14235.51,1,6,14,0
7635.25,7309.37,0,4,15,0
7043.63,10803.73,0,2,0,0
25952.93,8041.2,0,2,6,0
35538.08,3367.94,1,2,10,0
124185.34,11011.32,1,3,13,1
16740.97,14448.22,1,13,3,1
12978.37,11820.84,0,5,13,0
10561.52,13762.41,1,5,23,0
4044.72,4091.94,0,8,6,0
1348.07,3605.85,0,3,20,0
442.01,5154.99,0,8,15,0
12073.19,8066.08,1,7,0,1
8487.04,5873.78,0,4,16,0
2738.62,4722.07,0,3,14,0
9248.48,12615.15,1,2,12,0
5667.33,5878.55,0,8,10,0
25434.5,17796.07,1,4,17,1
4419.85,14419.71,0,7,20,0
4612.82,7563.89,1,2,18,0
539.55,2697.76,0,6,17,0
2314.62,14659.03,0,4,12,0
595.84,2340.58,0,14,18,0
9441.9,7712.89,0,3,15,0
25021.35,7141.4,1,2,16,0
61243.08,12272.38,0,5,21,1
22574.77,7685.99,0,2,3,0
16977.79,12087.4,0,2,1,0
2285.65,3724.88,0,6,15,0
29352.52,16022.56,0,1,8,0
3630.77,3593.17,0,15,18,0
1497.89,2685.12,0,4,17,0
10124.11,14687.02,0,1,19,0
3212.03,3969.52,1,11,8,0
10054.73,8092.65,0,4,22,0
11193.05,5935.65,1,4,20,0
14516.64,12384.93,1,5,16,0
17383.77,5011.06,1,3,13,0
16730.42,13948.11,0,4,23,0
427.1,7449.69,0,2,16,0
21686.0,16604.05,1,4,11,0
1783.9,12742.93,0,5,10,0
12675.16,11526.94,1,2,11,0
3037.89,4300.28,0,1,22,0
52193.64,14679.02,0,10,12,0
10170.77,16581.33,0,2,21,0
8932.99,9039.05,0,4,19,0
16549.29,17352.66,0,4,21,0
613.66,3068.31,0,1,10,0
28302.0,15721.03,1,9,13,1
971.7,10862.21,0,7,12,0
7257.44,7979.72,0,1,20,0
13481.88,13054.37,0,13,9,0
1346.61,6733.03,1,2,17,0
6395.79,9492.34,0,5,14,0
2353.8,7723.18,1,2,8,0
18017.87,15002.08,0,7,14,0
6270.99,1837.31,0,8,21,0
6510.24,6196.73,0,12,9,0
4790.35,5219.17,0,4,21,0
11137.42,7623.6,0,4,9,0
22338.33,11200.4,0,1,2,0
3628.81,11841.76,0,3,3,0
5576.06,5464.27,0,2,16,0
1699.02,1517.13,1,2,9,0
20052.8,3473.9,0,3,12,0
15330.45,15387.34,1,6,17,0
15620.8,15849.79,0,1,17,0
6263.73,4188.79,0,6,16,0
11407.64,2685.07,1,5,21,0
2622.55,10563.75,0,5,1,0
3218.17,1571.05,0,2,10,0
5798.84,15929.14,0,3,20,0
4773.35,9914.5,0,7,21,0
15074.01,3056.63,0,6,10,0
3219.33,5969.24,0,2,18,0
16190.32,4484.59,1,1,17,1
1861.75,12957.32,1,3,2,0
5754.33,2301.73,0,13,21,0
53088.27,14468.45,1,4,10,0
575.66,1725.7,1,2,21,0
9993.66,10854.33,0,3,23,0
827.58,3218.36,0,3,21,0
762.04,5134.64,0,2,12,0
6782.84,3967.2,0,4,13,0
11305.47,8998.55,0,3,8,0
32545.29,8563.87,0,1,12,0
3987.39,4253.37,0,2,10,0
13269.66,6650.97,1,6,16,0
11883.83,14413.9,0,2,20,0
13765.14,4843.26,0,2,20,0
6849.63,6266.07,0,13,11,0
1779.49,3529.02,0,2,1,0
2271.88,14572.47,1,2,20,1
9128.02,16930.83,0,2,12,0
2093.75,13892.84,0,4,18,0
1082.77,1515.28,0,2,11,0
11272.74,14208.08,0,2,4,0
5683.64,6249.71,1,5,11,0
16384.33,14672.79,0,2,15,0
953.77,12278.2,0,2,11,0
17266.51,17374.92,0,6,19,0
1672.75,1829.67,0,13,20,0
6064.01,5456.87,0,3,20,0
527.93,2168.7,0,7,21,0
25423.32,16094.22,1,13,14,0
2251.52,2048.35,0,4,5,0
4850.94,2306.19,1,2,19,0
13471.58,15846.08,0,2,9,0
1973.01,13972.97,0,1,11,0
940.95,10917.06,1,6,6,0
214260.19,14688.24,0,4,10,1
2696.53,10477.62,1,4,22,0
3991.65,3236.75,0,1,12,0
14664.48,17450.46,0,4,22,0
9318.41,11376.4,0,13,18,0
11982.52,13788.2,0,10,16,0
18452.8,15179.36,0,11,22,0
13145.7,11156.94,0,2,9,0
3540.39,3463.9,1,5,15,0
879.98,9013.31,0,3,3,0
3388.39,2869.35,1,1,10,0
2613.39,10080.81,0,3,14,0
2484.14,5989.95,0,3,8,0
1670.6,2208.8,1,3,12,0
4074.2,3652.71,1,2,21,0
3863.16,3931.49,0,4,18,0
9609.81,6361.83,0,4,15,0
4984.3,15099.94,0,7,7,0
9770.75,8228.22,0,4,10,0
16790.99,17881.33,0,5,20,1
26414.84,16625.47,0,11,19,0
4711.37,4803.4,0,8,19,0
67820.51,7298.17,1,3,1,1
3443.99,4750.17,1,8,8,1
5957.22,4932.88,0,4,17,0
24487.98,17758.52,1,3,22,0
3009.46,3173.78,0,2,0,0
2763.66,2769.97,0,4,10,0
2667.3,2870.87,0,6,15,0
2910.33,2504.23,1,8,14,0
11878.88,11869.86,0,2,15,0
9329.58,8406.48,1,8,11,0
805.43,4027.13,0,4,19,0
603.34,1758.84,0,4,7,0
13136.51,15543.66,0,6,16,0
3073.49,3105.87,1,1,17,0
9034.57,16727.6,0,5,19,0
4768.99,5119.2,0,2,15,0
2530.42,13495.76,1,2,1,0
8700.36,10188.48,1,1,11,0
223588.92,17030.34,0,1,3,0
9392.39,10625.94,1,6,10,0
5828.27,4337.35,0,3,23,0
1143.1,1623.15,0,2,8,0
18313.64,12267.36,1,4,19,1
14655.08,14731.46,0,2,19,0
19594.63,12942.84,0,3,21,0
17273.23,16622.95,0,4,14,0
6196.56,6913.29,0,3,8,0
16534.28,11529.66,0,2,18,0
5750.14,7791.57,0,3,17,0
1219.55,8552.58,1,10,20,0
26392.94,3123.76,0,1,2,1
10198.06,13427.96,0,5,19,0
25936.54,7198.83,0,2,9,0
11668.91,12121.72,0,11,19,0
4714.83,3601.0,0,3,13,0
15239.16,10680.33,0,14,20,0
16415.04,17341.66,0,3,3,0
16736.79,15985.79,0,3,22,0
21745.62,15676.44,1,3,13,0
10281.86,10624.39,0,1,19,0
13615.5,11854.28,1,2,7,0
2153.04,17462.32,1,2,19,0
4735.41,9985.32,1,6,8,1
4070.19,11390.47,1,2,20,0
2769.9,5475.55,0,1,9,0
9234.12,12527.46,1,2,17,0
9553.29,10657.67,0,3,5,0
3729.99,1867.44,0,6,4,1
15239.86,9323.19,0,3,18,0
3715.08,6307.77,0,2,13,0
213497.76,17982.99,0,4,7,0
14343.82,11456.5,1,4,21,1
9860.14,8419.68,1,1,10,0
6453.53,4240.67,1,1,6,0
10827.28,17586.96,1,3,12,0
3162.16,3446.36,0,4,19,0
7682.64,7360.87,1,3,2,0
184371.89,13083.91,0,1,4,0
7522.22,8733.89,1,4,19,1
16264.84,3919.78,1,2,10,1
66229.83,16517.65,1,8,9,1
2804.94,3701.43,0,3,16,0
23620.87,14635.93,0,1,21,0
7455.45,5693.51,0,4,12,0
30695.93,8891.13,0,3,11,0
8333.43,10964.49,1,5,5,0
9002.34,4846.04,0,3,12,0
33997.37,17573.95,0,3,13,0
6192.17,15462.23,0,5,17,0
33593.71,4147.99,1,13,16,0
4099.29,4220.47,0,8,11,0
2600.28,5712.59,1,4,4,0
1489.55,13896.84,0,2,17,0
13040.21,14118.49,0,5,7,0
3173.7,3248.04,0,10,15,0
10665.82,4449.03,0,6,4,0
4853.35,15735.62,0,4,19,0
12294.36,12956.1,1,4,20,0
15473.66,11438.07,0,1,0,0
51509.65,14331.63,1,15,12,1
13949.72,5515.36,0,3,23,1
78180.04,12154.26,0,5,8,0
3043.16,15215.8,1,1,16,0
1979.84,9076.74,1,3,12,0
3068.2,2167.13,1,7,8,0
48308.76,17205.63,0,1,16,0
55419.25,8327.7,0,9,15,0
2866.56,2559.45,0,2,14,0
2274.66,11373.29,1,4,16,0
11899.77,6665.38,0,3,2,0
117.25,1944.44,0,2,13,0
109124.51,14261.08,0,9,7,0
16970.61,16784.65,0,5,4,0
8551.27,7349.46,0,3,15,0
15200.98,13409.53,1,3,2,0
44499.04,6744.04,1,2,8,1
2741.22,3944.71,0,3,20,0
17661.58,9748.05,1,5,10,1
19196.16,5079.12,0,3,22,0
2222.61,3824.7,1,3,16,0
28774.71,6496.03,1,6,11,0
12411.03,13891.76,0,3,4,0
4993.18,4006.62,0,3,11,0
10743.71,14016.91,1,2,9,0
4880.07,4943.99,1,2,11,0
12434.81,10904.75,0,1,3,0
11527.13,9363.03,0,3,17,0
19412.89,14538.26,0,2,5,0
8873.34,6110.48,0,2,15,0
16076.7,13803.64,0,2,13,0
2748.82,16236.5,0,3,17,0
2668.83,4383.77,0,4,20,0
11254.14,9848.41,0,5,13,0
6686.37,17136.62,0,3,19,0
2208.7,1871.75,0,3,23,0
13600.57,12409.97,0,4,19,0
212068.35,17101.08,0,3,9,1
47194.57,13728.17,0,4,7,0
10009.06,10411.33,1,2,10,0
11268.23,8633.53,0,3,18,0
2218.18,11412.11,0,2,21,0
5422.29,6687.35,0,4,15,0
3490.67,11694.42,0,3,15,0
26846.81,17464.61,0,3,19,0
347.51,4647.0,0,5,8,0
86445.23,5898.99,0,2,20,0
1552.07,5340.08,1,1,21,0
5318.77,12227.69,1,3,17,0
71542.86,16602.07,0,8,5,1
2357.94,10658.45,0,6,11,0
64880.49,10940.69,0,1,14,0
477.0,7743.4,0,3,9,0
4688.8,5535.54,1,4,10,0
12144.09,11992.51,1,3,14,0
20035.15,15139.7,0,8,13,0
74754.01,17601.54,1,2,16,1
11416.06,11649.74,0,1,22,0
3186.67,4070.0,0,13,8,0
14901.51,14483.71,0,3,16,0
3598.3,3926.51,0,3,21,0
17860.83,14271.4,0,3,20,0
88134.91,8375.05,0,3,12,0
10413.08,9203.98,0,5,10,0
13738.79,13814.59,0,5,9,0
11734.07,8477.95,0,1,15,0
6648.36,8442.11,0,4,15,0
775.33,14251.62,0,4,13,0
1588.94,2548.28,0,3,11,0
13194.91,8549.95,1,4,18,0
3331.58,13572.6,0,7,19,0
11405.78,4900.5,0,3,4,0
1758.67,1625.64,0,6,6,0
16880.33,11544.95,1,5,21,0
85253.87,10598.79,0,6,6,0
19847.82,17336.93,0,3,18,0
10221.48,9931.6,0,2,18,0
9177.71,6766.37,1,3,7,1
5191.58,13329.67,1,2,16,0
4010.43,4792.16,1,5,20,0
3425.33,10725.98,0,2,3,0
10015.88,6829.04,0,3,6,0
15674.15,14941.53,0,2,7,0
2610.03,13050.17,0,7,4,0
1248.19,3927.85,0,3,21,0
11207.86,12481.09,1,11,11,0
1156.26,7253.7,0,1,8,0
7280.26,11673.52,0,15,22,0
2048.67,10222.85,1,2,0,1
12758.14,7379.33,0,8,9,0
593.29,3004.3,1,3,0,0
5521.77,5298.49,0,2,17,0
16993.91,17883.46,1,7,9,0
123857.66,9587.51,0,4,14,0
11999.93,6122.28,0,6,11,0
5179.11,17052.38,0,4,13,0
11914.47,9042.01,1,12,13,0
7577.59,7088.48,0,1,21,0
4584.03,2588.59,1,4,19,0
25027.39,6981.51,0,4,19,0
1428.7,4159.67,0,3,9,0
38038.17,8989.3,1,4,21,0
25655.1,17626.22,1,6,0,1
14981.83,3544.98,0,3,9,0
4862.08,4256.13,0,3,9,0
3179.47,15897.36,0,3,19,0
666.42,11578.61,0,3,14,0
27097.34,17012.23,0,9,18,0
19331.01,17833.9,0,14,5,1
18593.57,8351.85,1,3,19,0
57994.04,11497.91,0,10,3,0
11397.55,10322.83,0,7,23,0
9532.02,14577.03,0,2,6,0
2762.31,15701.01,0,5,14,0
9556.34,9976.36,0,6,23,0
9255.69,7759.87,0,4,7,0
4432.37,4098.47,0,6,19,0
9121.81,13870.57,0,3,21,0
5754.94,12860.88,1,2,20,0
22306.39,12502.75,0,6,19,0
71579.12,15084.32,0,2,16,0
9771.88,12316.66,0,7,2,0
4122.14,4138.47,0,9,19,0
2176.28,4334.63,0,5,6,0
2609.01,3449.08,0,8,11,0
7409.28,7662.24,1,10,15,0
3468.4,15858.74,0,2,23,0
5251.01,15227.71,1,2,19,1
73012.19,17618.81,0,8,22,0
22260.9,15178.75,1,15,3,1
2272.84,10242.19,0,8,8,0
31619.81,9072.11,0,2,1,0
107461.89,9934.35,0,2,13,0
2597.18,13325.76,0,6,20,0
22347.11,17002.49,0,2,1,0
22863.59,15459.83,0,3,8,0
1285.1,2501.67,0,2,11,0
4727.92,3200.96,0,1,11,0
16792.31,15010.92,1,4,9,0
10955.41,10484.78,0,9,11,0
5048.17,3921.28,0,6,23,0
3240.77,11580.66,0,2,20,0
7416.2,10955.25,0,3,16,0
1974.39,1882.14,0,3,7,0
10287.04,11925.65,0,1,20,0
4204.0,5910.99,1,11,12,0
1949.47,9075.54,0,9,7,0
12307.86,4580.98,1,10,9,0
11466.33,12190.35,0,5,0,0
2992.86,4092.18,0,2,9,0
6718.74,5681.95,0,2,7,0
5115.4,5846.91,0,3,19,0
67579.64,13690.91,1,3,18,0
22088.04,13339.07,0,3,9,0
18449.21,10424.14,0,1,13,0
4597.33,5220.16,1,4,11,1
4609.59,4816.13,0,2,5,0
3238.98,1734.51,0,4,6,0
21225.01,6945.4,0,4,10,0
5656.78,15148.36,0,2,15,0
1072.69,7582.28,0,1,9,0
14422.51,13979.07,0,2,20,0
114379.91,15250.54,0,10,6,1
18469.18,15001.19,0,6,6,1
41495.13,16113.44,0,4,21,0
4966.74,6837.15,0,2,12,0
8256.65,7263.81,1,6,16,0
3434.81,10660.77,0,7,7,0
28319.5,12390.85,0,13,22,0
6344.97,6576.53,0,3,4,0
1268.72,4906.0,1,3,21,0
16908.82,13741.17,0,2,11,0
3425.42,13025.49,0,4,9,0
23323.12,11957.93,0,5,17,0
4202.75,5534.58,1,2,1,0
8040.21,6483.49,0,3,15,0
93004.17,13410.3,0,2,17,0
11476.83,8216.82,1,13,16,0
5481.28,17783.01,0,13,14,0
6769.56,6794.03,1,3,13,0
7528.32,6130.09,0,15,20,0
12014.58,13301.34,1,2,17,0
7568.24,9268.95,1,11,16,0
14303.35,11223.64,0,3,17,0
11869.33,11946.08,0,2,21,0
35442.53,8522.28,1,3,17,0
296.93,1506.88,0,2,8,0
5188.66,8222.48,0,1,17,0
10035.45,8284.15,0,1,7,0
7053.77,6533.57,0,3,13,0
23901.82,1938.4,0,8,10,0
24969.36,5154.58,0,9,11,0
5897.06,5527.96,1,4,18,0
11401.55,15296.52,0,4,13,0
6928.92,8244.92,0,5,23,0
4352.33,13221.09,0,7,19,0
9554.65,7968.56,0,3,0,0
19078.03,15672.94,1,5,19,0
10244.83,9894.55,1,4,9,0
219.39,3560.42,0,3,0,0
854.19,10635.34,1,3,15,0
13652.39,10648.42,1,3,22,0
19586.76,17014.72,0,5,21,0
17196.28,15116.31,0,2,14,0
12109.68,9739.3,0,9,23,0
15114.43,17154.75,0,13,21,0
5301.72,4666.7,0,3,11,0
11344.98,11732.89,0,15,22,0
1744.34,6632.55,0,2,16,0
16000.15,14777.01,0,7,22,0
1585.02,3453.58,0,3,13,0
9504.04,12455.29,0,3,13,0
4547.76,3974.29,0,11,2,1
3847.31,2791.27,0,1,21,0
2107.78,2867.43,0,3,22,0
129991.61,11526.01,0,7,22,0
14462.85,14327.81,0,10,13,0
19316.73,17168.45,1,1,17,0
18257.28,16666.29,0,1,10,0
21154.2,17644.48,0,2,8,0
15906.39,13160.7,0,6,12,0
8038.59,9024.34,0,2,16,0
34180.07,3158.61,1,4,7,1
16169.5,14256.27,1,8,3,0
818.23,3618.24,0,1,22,0
3098.84,3060.16,1,5,19,0
3408.07,6483.85,0,5,6,0
10835.46,9769.95,0,7,2,0
210.71,2626.81,0,1,17,0
1571.32,5597.16,0,2,16,0
25898.98,16555.41,1,4,0,0
13415.37,17483.19,0,3,7,0
23732.25,16226.05,1,5,21,0
14709.33,10764.58,0,3,4,0
17111.71,8017.44,0,2,20,0
16307.64,16893.4,1,3,12,0
20484.95,7666.3,1,2,8,0
2058.91,1822.57,1,3,2,0
4732.55,5968.62,1,3,11,0
61653.1,17726.47,0,9,5,0
4396.93,10495.88,0,6,16,0
6049.22,3910.69,1,1,23,0
296.99,4090.92,0,6,1,0
18880.12,16942.82,0,7,22,1
20778.79,15632.18,0,3,9,0
595.53,8032.56,0,2,20,0
13567.27,13715.95,0,4,6,0
15863.13,11333.35,0,4,10,0
21318.84,17534.76,1,4,22,0
22609.89,15346.37,0,3,23,0
13997.27,10685.05,0,3,22,0
3989.61,4654.04,1,7,16,0
10453.98,6898.9,0,4,7,0
11355.44,12623.37,0,5,3,0
6629.11,12109.47,1,6,21,0
17162.48,15591.92,1,1,20,0
93556.08,10967.38,0,4,13,0
5898.55,6578.57,1,3,5,0
5138.29,6341.51,0,5,1,0
10989.61,7785.52,1,3,7,1
4849.77,17829.37,0,3,8,0
20461.68,9247.67,0,4,22,0
296.78,2635.65,1,7,15,0
1389.69,6473.52,0,7,12,0
16372.72,10683.17,0,2,5,0
6302.82,8100.91,0,4,12,0
28577.25,9048.95,0,3,13,0
9778.01,7668.57,0,3,22,0
16054.33,14929.61,0,7,20,0
3125.82,8723.18,0,2,3,0
13573.84,16042.91,0,3,9,0
8991.84,5859.16,1,3,21,0
17046.5,13583.66,0,2,17,0
3978.89,5608.87,0,2,7,0
9957.1,9965.97,0,1,16,0
2865.18,8180.07,1,2,7,0
6103.61,16759.89,1,3,20,0
10860.15,12222.15,0,15,9,0
1446.16,16964.45,0,3,8,0
10820.41,8546.03,0,4,10,0
4414.33,3704.8,0,6,10,0
22575.56,11754.06,0,2,19,0
8653.14,17400.35,0,3,2,0
4549.95,2362.99,1,3,22,0
8318.67,9897.09,0,3,16,0
14552.8,14296.42,0,10,10,0
63506.92,15545.15,0,9,14,0
9737.71,11959.03,1,1,6,0
8745.51,8746.77,0,3,3,0
16272.38,13767.09,1,14,21,0
991.16,1544.67,0,6,2,0
20695.31,13342.08,0,2,5,0
33699.87,13374.85,1,3,12,0
10946.89,6331.73,0,1,20,0
113783.36,16217.18,0,3,19,0
10995.62,7497.22,0,2,11,0
3990.13,5857.0,0,3,22,0
8267.28,10189.52,0,4,11,0
12892.68,12651.68,0,2,12,0
19375.99,6836.83,0,1,19,0
16560.96,2139.4,0,5,22,0
107350.73,14039.75,1,7,8,0
1240.47,1536.88,1,2,23,1
1032.85,15974.45,0,5,9,0
1988.85,2172.1,0,1,21,0
2339.71,2228.39,0,4,8,0
2542.5,1654.02,1,4,7,0
5395.73,8725.41,0,3,21,0
13104.08,14104.74,0,3,9,0
6541.28,1645.59,0,2,20,0
18699.61,13372.32,0,4,16,0
6404.16,1864.72,0,9,8,0
15935.84,15751.37,0,1,12,0
6979.99,12588.26,1,2,0,0
67468.14,17726.38,0,6,14,0
6389.92,6197.88,0,6,17,0
1701.72,9572.88,0,1,17,0
2923.9,5006.18,0,3,14,0
666.95,2795.83,0,13,3,0
16860.35,9381.2,0,1,12,0
9736.6,8730.87,0,3,21,0
2835.6,4336.49,0,5,20,0
46071.97,13952.84,1,4,16,1
37955.15,16789.36,0,2,15,0
11626.78,17264.74,1,3,13,0
687.3,1900.41,0,3,14,0
13784.36,11329.28,0,4,20,0
15826.52,11465.6,0,2,18,0
10153.69,10257.48,0,7,5,0
6581.83,5216.5,1,5,18,0
11800.9,10679.86,0,4,22,0
1010.43,9818.99,0,6,20,0
5959.35,2310.44,0,3,7,0
9423.25,8260.07,0,2,3,0
3462.44,4349.23,1,1,19,0
9220.03,9700.93,0,4,21,0
2237.55,2068.59,0,4,22,0
8052.0,9130.16,0,1,5,0
9890.55,8791.37,1,8,23,0
11760.93,12795.27,0,14,10,0
8396.32,8005.05,0,6,23,0
10836.99,11871.26,0,4,8,0
821.94,15326.19,1,2,8,0
12018.64,4034.07,0,3,14,0
3933.66,4684.62,0,3,17,0
10835.15,11578.34,1,3,8,0
4499.96,4763.16,1,2,13,0
9376.84,12821.69,1,15,16,0
6015.69,13654.74,1,5,7,0
9072.79,13317.39,0,3,9,0
23887.83,15977.23,0,6,16,0
6302.33,11496.24,0,5,16,0
4145.93,6003.59,1,3,12,0
1472.34,4152.03,1,4,8,0
6386.59,4569.07,0,2,22,0
19161.92,4409.87,0,1,10,0
1874.37,9371.87,0,7,1,0
10290.12,5953.67,1,4,22,0
4031.29,3276.14,1,2,11,0
1909.85,13436.62,1,13,16,0
14708.5,17007.89,1,9,21,1
8285.14,10115.92,1,3,15,0
57760.19,6330.7,0,2,19,0
1098.24,11087.51,1,1,11,0
12860.15,12203.69,1,1,15,0
2096.54,12326.27,0,3,9,0
10909.86,13391.48,0,1,0,0
1577.17,1871.56,0,2,13,0
4986.29,8231.36,0,1,14,0
8123.83,12820.59,0,10,21,0
666.3,1803.99,1,2,13,0
2116.66,2096.32,0,5,11,0
15733.51,8440.51,0,4,12,0
2915.27,3201.14,0,4,3,0
626.92,3791.05,0,2,19,0
5582.2,10363.59,0,4,4,0
25913.5,16550.26,0,3,9,0
724.0,3705.73,1,3,13,0
6500.63,9464.4,0,5,17,0
11453.64,10649.19,0,3,17,0
14269.18,4702.05,0,2,15,0
7749.3,5068.44,1,1,2,1
468.1,4847.71,1,3,7,0
4930.63,4210.18,0,5,21,0
22619.91,1906.96,0,9,3,1
32899.64,7968.7,0,5,9,1
2612.82,4662.17,0,4,19,0
8157.5,9205.8,0,1,22,0
11102.34,4189.41,1,3,23,0
999.99,4487.68,0,2,23,0
8223.95,16654.29,0,6,3,1
11497.02,15967.85,0,9,14,0
22688.42,12583.72,0,3,15,0
14006.53,16898.44,0,1,20,0
9023.04,2543.46,0,2,19,0
8739.24,12270.29,0,3,3,0
9213.9,17077.9,0,3,6,0
4620.32,13081.05,1,4,2,0
10634.34,9575.96,0,3,8,0
15053.53,16468.76,0,3,16,0
14093.2,14242.65,1,4,13,0
8758.57,9149.82,0,2,18,0
7025.42,15502.16,0,4,14,0
748.23,4854.11,0,2,11,0
5562.83,6198.38,1,4,16,0
6163.35,17892.44,1,3,22,0
31965.82,15304.12,0,3,14,0
5985.38,7927.79,0,8,16,0
4898.79,11419.26,1,4,14,0
2276.94,3099.42,0,4,13,0
12992.26,4685.05,1,8,14,0
506.87,7579.73,1,2,4,0
3661.42,5164.06,0,1,10,0
5594.15,3388.35,0,4,16,0
16493.58,12097.59,0,2,20,0
124369.57,9761.9,0,7,10,0
7564.71,15275.07,0,1,7,0
4353.62,3015.81,0,4,10,0
10294.96,12716.46,1,4,22,0
3648.87,12830.95,0,4,20,0
504.93,2062.22,1,4,13,0
20071.37,1985.26,0,2,8,0
318.75,1521.74,1,8,6,1
9751.01,17864.28,0,8,16,0
2599.49,7269.81,0,5,17,0
10845.92,12403.07,0,3,9,0
23285.68,17886.13,0,14,7,0
735.64,6445.26,0,3,8,0
7873.71,6591.15,1,2,14,0
6401.91,11118.59,0,6,19,0
56094.38,4717.99,0,4,13,0
10096.42,11759.89,0,1,13,0
8160.21,7308.84,0,5,7,0
157966.63,13052.9,0,12,17,1
1712.21,4945.51,0,2,6,0
1919.58,6405.94,0,6,7,0
3216.69,9250.43,0,2,2,0
22424.94,14231.53,1,2,12,0
6225.53,16317.99,1,2,23,0
77072.55,16014.44,0,13,9,1
435.49,5158.8,0,1,5,0
2310.2,16229.65,1,2,17,0
7349.4,5799.28,0,1,21,0
13782.46,16820.71,0,4,20,0
28199.68,12556.88,1,3,13,0
8621.74,9485.59,0,3,14,0
34537.41,16911.68,0,12,20,0
14472.61,10863.33,1,2,7,0
106544.81,8381.24,1,2,19,0
9739.42,7637.01,0,5,20,0
17532.19,6865.66,0,3,17,0
21313.7,10477.8,0,1,9,0
5930.22,7141.79,0,4,19,0
34960.48,16837.52,1,2,15,1
16123.4,13154.76,0,5,6,0
483.07,7000.77,0,2,10,0
4194.77,16114.14,1,1,8,0
39192.89,4701.0,1,8,20,1
684.79,11228.81,0,1,3,0
23059.9,9373.81,0,3,19,0
3079.03,17109.4,0,2,5,0
2023.06,1520.35,0,1,8,0
4702.37,12437.26,0,5,22,0
4446.27,3570.81,0,2,17,0
8928.6,5422.29,0,4,15,0
28470.97,5051.52,0,2,13,0
4533.61,8952.81,1,3,23,0
9094.65,8291.0,1,2,10,0
18284.63,14471.0,0,5,11,0
11644.0,10485.96,0,2,16,0
1314.41,1593.05,1,13,9,1
5313.15,5737.97,0,3,19,0
8965.9,14413.3,0,7,16,0
25140.5,15697.09,1,3,8,0
5549.05,5639.97,1,7,18,0
16169.88,12707.38,1,3,17,0
11761.79,11932.67,1,5,9,0
26480.16,1834.27,1,2,23,1
6321.32,8433.67,0,3,1,0
6552.87,17670.45,1,1,6,0
51159.98,11149.18,1,3,19,1
7744.49,13794.77,1,4,9,0
4018.12,2660.13,0,10,20,0
26062.28,17333.34,0,5,8,0
15488.54,16230.92,1,2,8,0
262.52,4540.74,1,1,12,0
2649.1,2229.82,1,3,6,0
18407.39,3857.35,0,2,22,0
1198.41,6283.44,0,8,5,0
149393.66,14599.93,1,5,20,1
530.69,3425.61,0,2,20,0
12157.1,11363.29,0,5,12,0
17684.73,17384.45,0,2,20,0
45247.39,10408.61,0,4,13,1
30544.15,6980.69,0,4,15,1
10959.87,10083.8,0,7,3,0
3121.16,5370.94,0,6,23,1
15798.79,12447.84,0,5,21,0
223939.59,15511.03,0,2,20,1
3674.09,10457.43,0,3,22,0
3012.25,9133.4,0,15,8,0
26690.72,3962.26,0,4,22,0
6372.43,5455.38,1,5,5,0
6723.9,7737.25,0,2,7,0
16114.65,14542.11,0,13,1,1
1530.97,7527.83,0,13,13,0
5745.4,12264.27,0,13,3,0
31730.42,6520.78,0,4,17,0
3112.74,9814.92,1,5,2,0
24120.44,15814.18,0,2,17,0
7711.37,6524.39,1,1,17,0
10897.28,10700.38,0,4,6,0
2915.01,14575.04,1,3,12,0
19080.04,7447.99,0,10,6,0
2944.05,3771.43,1,5,18,0
8467.79,13632.98,0,3,7,0
7552.41,7937.99,0,4,14,0
48380.69,11749.52,1,5,1,1
5626.79,7054.02,0,2,18,0
2919.66,2721.7,0,5,23,0
7186.15,6444.17,0,7,14,0
12147.63,6912.65,1,6,23,1
28202.16,14269.28,0,4,8,0
20414.09,16687.45,0,2,22,0
7122.34,4142.93,0,10,9,0
3618.51,6149.76,0,2,22,0
29124.57,13348.44,0,3,16,0
196629.21,17763.42,0,4,13,0
7691.89,7005.02,0,10,19,0
39417.92,12708.18,0,7,19,0
4157.94,2932.21,0,7,12,0
4449.54,14630.51,1,2,10,0
778.29,8808.87,0,1,8,0
2453.61,5345.15,0,3,19,0
14051.7,11011.09,1,5,3,0
638.78,2103.66,1,5,20,0
14529.18,16904.55,0,5,2,0
13079.77,9234.19,0,2,8,0
11906.14,16059.98,1,3,15,0
8366.45,8725.61,0,3,11,0
2058.9,3075.82,0,4,19,0
1791.08,5132.61,1,3,16,0
14969.85,13402.1,0,2,15,0
7335.8,3897.0,1,3,12,0
10684.69,17452.53,0,3,20,0
6527.4,5849.75,1,3,22,0
10164.14,13669.0,1,4,11,0
1221.3,14404.02,0,14,7,0
37446.65,14247.39,1,7,9,0
6924.74,9823.86,0,9,5,0
12645.34,12547.4,0,5,17,0
2715.78,10052.02,1,2,17,0
12031.88,11390.54,1,1,8,0
5161.95,7580.33,0,1,14,0
12696.17,9656.19,0,4,20,0
3767.58,17376.3,0,4,22,0
6103.57,5680.83,0,7,13,0
18970.78,7452.52,1,2,15,0
4490.25,4735.99,0,3,11,0
5113.17,5513.86,0,14,21,0
38006.29,8662.59,1,2,11,0
18174.26,11601.93,0,3,20,0
2835.65,5596.69,0,3,0,0
29093.11,6155.69,0,5,22,0
123777.53,9988.81,0,2,13,0
5165.91,4202.25,0,1,10,0
16091.56,13524.56,0,4,15,0
7519.62,6384.89,0,2,6,0
447.07,5617.12,1,2,4,0
3104.61,17433.55,0,3,3,0
10427.83,14884.57,0,4,12,0
7936.42,7461.22,0,1,17,0
5077.1,12884.01,0,1,15,0
11285.07,15403.96,0,13,8,0
1657.78,1615.74,0,2,5,0
24206.18,14116.53,0,4,22,0
4743.15,4092.35,1,3,21,0
6439.99,5121.31,1,3,7,0
749.67,5318.4,0,2,8,0
11925.55,15804.03,0,2,5,0
14291.04,16259.44,0,3,1,0
8825.6,10879.22,1,10,21,0
11843.62,9819.62,1,5,21,0
152579.79,17500.86,1,1,4,1
10846.73,11027.79,0,4,7,0
47412.68,10397.13,1,4,15,1
2543.18,7475.02,0,2,2,0
20721.12,11410.24,0,3,18,0
1144.01,3411.64,0,5,17,0
11812.36,14536.3,0,5,18,0
4072.29,5132.16,0,3,11,0
14589.92,14379.59,0,4,20,0
10229.86,9904.93,0,2,13,0
73371.99,17945.17,1,2,5,0
58274.07,9859.08,0,4,1,1
21848.29,15533.59,0,9,16,0
9624.79,12630.86,0,3,17,0
16443.93,16133.49,0,4,14,0
3327.5,2510.05,0,8,13,0
5674.87,4748.37,0,3,14,0
12536.61,12280.51,1,4,5,0
15582.68,9721.28,0,5,20,0
14280.65,13668.24,0,2,3,0
4505.76,3485.16,1,1,21,0
4414.67,8698.07,1,7,5,1
4733.19,5180.1,0,4,18,0
8928.28,9610.84,1,3,16,0
13001.2,15329.9,0,7,9,0
40677.74,6284.35,0,4,3,1
14693.77,16653.99,0,10,13,0
14535.54,11257.23,0,7,11,0
88702.47,9276.16,0,2,19,0
6430.56,3401.97,0,4,15,0
3132.0,2561.76,0,2,9,0
17079.09,14336.02,1,4,11,0
3148.75,4539.88,0,1,14,0
21978.7,14349.39,0,2,15,0
1497.06,16511.64,0,11,9,0
127720.19,13132.64,1,4,10,1
2347.63,17788.57,0,3,13,0
24029.39,15965.48,0,1,9,0
18104.49,12322.61,0,3,18,0
2895.23,12400.87,0,13,20,0
12019.27,9958.12,1,1,15,0
7905.73,2706.35,0,6,19,0
8938.58,8086.72,0,1,16,0
2666.89,4796.3,0,2,20,0
9913.9,17306.55,0,4,11,0
3941.79,5799.39,0,5,11,0
18174.86,9925.9,0,2,18,0
10074.59,16577.18,1,4,21,0
9327.56,12636.3,0,4,15,0
4166.98,17212.9,0,6,18,0
41206.7,4195.96,1,3,4,0
2627.46,3679.7,0,4,9,0
65150.6,5501.7,0,2,19,0
2026.98,6479.59,0,3,15,0
3610.32,11665.44,0,11,13,0
42618.46,6740.99,1,3,20,1
10954.21,11334.7,1,1,19,0
13535.95,10776.75,1,1,15,0
2469.42,2812.26,0,2,13,0
8757.08,6788.1,1,2,19,0
1228.72,9854.44,0,2,21,0
50768.27,15487.31,0,7,13,0
7173.93,7916.37,0,4,3,0
1064.53,5217.2,1,5,5,0
13166.7,10966.89,1,2,0,1
13265.74,15627.22,0,2,18,0
7461.42,5708.77,0,1,16,0
11345.48,10367.72,0,4,20,0
3372.5,9498.03,0,8,12,0
7777.93,4901.53,1,3,10,0
3275.12,3733.61,0,1,7,0
1117.58,4077.7,1,3,20,0
24513.07,1881.81,0,2,11,0
24166.82,17152.65,0,3,11,0
13563.36,17902.28,0,3,8,0
13720.35,17168.98,0,2,22,0
13577.14,10690.94,0,2,20,0
3740.76,9537.4,0,2,20,0
59673.1,7112.53,1,1,12,0
13455.42,12449.71,0,4,13,0
15361.5,17886.34,0,4,17,0
1923.27,1517.61,0,5,20,0
61551.88,16314.71,0,6,8,0
17062.46,2676.52,0,3,5,0
44650.49,12328.22,0,5,15,0
166934.22,16145.57,0,4,14,1
2662.2,1893.36,1,5,11,0
10732.13,8865.43,0,4,7,0
75755.07,13199.22,0,4,1,1
3197.03,10887.41,0,1,14,0
19907.99,14544.92,1,3,13,0
4965.83,4023.87,0,1,16,0
19908.65,2338.75,0,1,22,1
6283.4,8128.03,1,9,11,0
11770.76,11831.63,0,2,16,0
1798.81,2067.15,0,4,21,0
97853.31,9901.95,0,3,17,0
11478.01,11545.33,0,2,20,0
11756.87,13712.41,0,2,12,0
610.22,7269.73,1,3,18,0
3684.04,16803.83,1,1,18,0
15633.19,16618.98,0,1,12,0
424.67,4808.15,0,2,13,0
18997.29,6781.73,0,2,9,1
379.56,1692.18,0,1,22,0
18788.17,9910.86,0,4,7,0
66277.02,14944.35,0,2,20,0
1471.41,2446.07,0,6,19,0
1973.2,5960.63,0,3,11,0
8999.38,7217.13,1,2,20,0
1892.2,2122.44,0,3,18,0
34191.92,12336.45,1,9,22,0
11144.86,14569.09,1,2,12,0
12212.46,10583.01,0,3,18,0
29833.04,6441.92,0,2,20,0
3872.72,7895.15,0,5,15,0
51239.13,14286.36,0,5,7,0
10966.33,8514.19,0,3,12,0
12357.86,12127.43,0,3,9,0
3708.4,3286.97,1,15,10,0
17397.08,10473.63,0,4,8,0
3408.81,3412.33,0,5,20,0
19444.35,15182.8,0,5,9,0
10714.61,12101.68,0,4,23,0
3467.37,3028.36,0,4,11,0
1442.84,1682.04,0,6,21,0
4578.23,12314.23,1,2,18,0
17859.29,14393.48,0,3,10,0
14077.26,3906.03,0,4,22,1
5122.04,17684.9,0,4,2,0
14639.82,11706.93,0,4,8,0
3272.08,2283.31,0,5,22,0
12481.2,8403.25,0,3,3,0
17302.01,12039.06,0,4,19,0
3227.97,3912.14,1,9,22,0
8576.62,6016.49,0,4,22,0
3771.59,4346.45,0,5,20,0
20854.08,1576.21,0,6,8,1
212892.34,14648.71,1,2,4,1
13773.3,10267.25,0,4,9,0
873.57,8478.96,0,8,3,0
14020.19,17951.64,0,8,15,0
78646.1,17027.72,0,5,19,0
47004.6,5504.12,0,2,9,1
499.93,4277.64,0,2,19,0
16865.06,14416.83,0,4,11,0
44282.13,6636.96,0,4,7,0
11803.77,8970.39,0,1,18,0
22092.54,14307.23,0,2,7,0
11233.53,11580.73,0,6,3,0
7996.53,8158.08,0,3,21,0
1477.65,15844.47,0,3,16,0
748.58,4722.24,1,2,22,0
7747.13,12588.38,0,3,11,0
14013.86,17963.07,0,7,17,0
18355.63,17612.06,1,4,8,0
18440.45,17979.44,0,10,11,0
14922.87,17208.5,1,3,4,0
71474.96,17438.27,0,5,18,0
11356.93,11950.39,1,2,1,0
10326.01,9924.55,0,6,7,0
13374.81,12684.76,0,3,2,0
27219.53,8560.26,0,2,3,0
10502.7,12676.49,1,4,17,0
1886.03,1733.06,1,10,21,1
8305.88,11877.01,1,2,14,0
4027.95,5472.43,1,4,18,0
51470.73,4085.69,0,4,8,0
5288.18,9036.3,0,2,20,0
3895.48,3446.42,0,3,16,0
26637.57,5093.67,0,15,4,1
33899.18,15489.41,0,4,8,0
80292.53,8545.85,0,1,23,0
6091.38,2512.32,0,3,7,0
9892.48,8349.49,0,3,7,0
2046.71,5222.55,0,3,9,0
4173.86,7594.94,0,3,15,0
1235.93,3437.38,0,3,18,0
21978.36,15633.04,1,4,13,0
19296.05,17558.22,0,2,14,0
4916.39,14667.71,1,3,17,0
11023.07,8770.04,1,5,1,0
51666.2,12891.83,0,2,19,0
9677.49,6273.78,0,3,17,1
11877.16,14637.84,0,4,22,0
20772.1,15494.35,1,6,14,0
61561.28,17029.36,1,10,8,1
12145.34,12044.14,0,12,8,0
27544.54,17360.8,0,3,10,0
12407.24,17252.63,0,6,13,0
22148.66,4677.75,1,6,10,1
4342.84,15856.57,1,6,3,0
2419.97,12099.85,0,2,11,0
6366.65,8760.83,0,3,9,0
526.45,5570.92,0,15,0,0
68366.59,14008.45,1,4,14,0
13019.81,15300.67,0,1,10,0
1876.32,3339.81,0,5,19,0
20495.79,15383.63,0,8,2,0
9715.54,7417.65,0,1,20,0
16923.95,14243.82,1,2,15,0
3463.04,2878.81,0,5,18,0
1632.81,5464.7,0,9,18,0
12627.27,12529.13,0,12,13,0
25862.98,5250.73,0,2,11,0
14890.89,7246.55,1,1,19,0
14325.29,10161.21,1,7,8,0
8358.53,8588.03,0,7,7,0
9459.1,9453.33,0,4,8,0
73204.23,5062.76,0,7,16,1
21205.08,15596.46,0,1,0,0
13123.65,5520.51,1,4,6,1
23783.11,5623.01,0,2,7,0
3863.96,9889.44,0,2,8,0
2074.62,7299.29,0,3,6,0
15210.51,15081.6,0,4,5,0
956.28,2990.47,0,2,17,0
2124.01,5879.74,0,6,21,0
2283.07,5484.39,0,12,22,0
7101.26,8313.57,0,3,7,0
5822.46,9393.68,0,2,19,0
10074.65,5475.27,1,4,4,0
3186.13,14017.02,1,8,1,0
19846.21,11305.86,0,15,14,0
21855.1,16499.71,0,3,13,0
8820.79,3806.65,1,2,16,0
17673.19,14349.27,1,1,21,0
8494.89,17975.63,0,2,9,0
14569.3,14340.69,0,2,7,0
15218.31,5484.57,1,4,7,1
11518.27,13185.04,0,2,16,0
443.57,2534.63,1,3,20,0
8983.42,11627.8,0,12,20,0
49721.94,8337.83,0,5,19,1
12579.95,12759.3,0,1,23,0
11023.14,12561.02,0,4,16,0
17234.7,12981.04,1,3,11,0
185146.2,14744.89,0,2,13,0
5092.56,6171.17,0,3,6,0
2060.36,4190.3,1,6,7,0
7890.67,4270.98,1,3,5,0
5999.9,16426.62,1,3,9,0
2677.03,16286.01,1,14,11,0
15827.07,11218.29,1,4,8,0
2845.52,10829.36,0,3,10,0
1191.79,1540.61,0,2,9,0
798.26,8099.2,1,2,11,0
12464.42,9453.99,1,7,22,0
13994.8,13453.79,0,9,16,0
1651.17,17890.58,0,1,18,0
23175.32,17480.26,0,3,8,0
4361.66,5367.05,1,13,21,0
4816.29,7615.37,0,3,4,0
40229.41,9340.36,1,1,16,0
15418.07,16421.9,0,1,8,0
40685.98,10382.96,1,15,18,1
169.44,2450.42,0,1,18,0
18518.47,12821.74,0,2,18,0
19779.78,12403.72,0,5,13,0
702.65,4048.34,0,3,5,0
58787.04,16481.1,0,4,9,0
15992.63,10692.32,0,1,7,0
15117.68,17224.49,0,2,7,0
37921.36,13299.71,0,2,21,0
5709.95,14291.35,1,14,2,1
10398.18,12576.5,0,3,11,0
2122.11,1681.78,1,2,6,0
13906.56,9297.17,0,2,20,0
5752.42,6215.88,0,7,9,0
50992.07,16311.43,0,1,14,0
2339.52,6372.91,1,4,23,1
10680.06,13474.31,1,1,18,0
3597.09,6111.54,0,4,12,0
9589.6,8432.92,0,8,0,0
933.99,13395.15,0,1,3,0
54980.9,16581.14,0,10,22,0
50942.01,16835.52,0,1,14,0
1889.73,1862.62,1,8,17,0
27777.77,17525.81,1,2,13,0
10313.58,10718.13,0,3,3,0
4955.05,5600.32,0,7,12,0
167060.57,16722.81,0,4,16,0
4084.99,9849.42,0,5,0,0
7876.25,6450.16,0,8,19,0
4477.62,12320.94,0,3,13,0
3362.28,4607.31,1,2,15,0
9839.56,16894.17,0,1,10,0
2140.66,1594.75,1,14,11,0
1304.39,8374.99,0,2,16,0
24273.83,4341.61,0,3,1,1
22537.26,9132.9,0,6,21,0
7820.12,7283.59,0,3,6,0
3223.97,15400.51,0,1,17,0
17126.91,8338.05,0,2,2,1
3742.05,5002.57,0,2,18,0
8008.08,6475.98,0,3,7,0
60077.44,12426.51,0,5,16,0
2614.49,14562.78,0,4,23,0
1376.57,7882.58,0,5,7,0
19703.99,10900.56,1,13,11,1
13594.81,13947.65,1,5,13,0
13943.23,16105.31,0,4,7,0
10244.41,9327.31,0,5,10,0
10182.25,12290.56,1,14,12,1
8723.46,6761.24,0,2,20,0
12887.45,14039.45,0,3,4,0
16223.28,14962.16,1,2,22,0
21753.51,11031.14,1,5,14,1
12619.05,10565.99,0,9,20,0
28259.55,15519.34,0,3,19,0
5263.36,3529.04,1,4,9,0
1857.53,8249.08,1,6,0,0
2484.25,2101.1,0,1,21,0
2227.9,6894.17,0,5,8,0
9003.08,13076.23,0,2,14,0
12826.68,11878.1,1,4,22,0
7538.54,6893.48,1,7,15,0
211026.56,17853.26,0,2,7,0
13619.86,2198.71,0,5,20,1
11395.62,7578.7,1,3,8,1
64365.58,5983.95,0,3,8,0
18121.8,16944.78,0,13,9,0
10762.09,7746.78,1,1,14,1
6616.61,14119.97,1,3,17,0
6230.63,8975.85,0,2,8,0
98040.08,17082.09,1,2,7,1
3916.33,15944.73,0,1,22,0
20331.13,14499.69,1,4,4,1
14032.96,12981.54,0,2,20,0
29218.29,5967.52,0,5,1,0
3722.02,10908.19,0,7,17,1
1492.15,7754.37,1,4,7,0
17402.02,15209.53,0,1,14,0
6783.18,6479.46,1,11,8,0
42986.79,11964.02,1,2,15,0
18131.15,14634.47,0,12,6,0
6901.83,13887.12,0,3,23,0
1320.98,4030.94,0,2,1,0
16696.67,12981.8,0,8,17,0
1529.37,7228.94,1,1,10,0
11258.03,16742.42,0,3,23,0
8014.75,8768.11,0,2,19,0
4988.04,5559.94,0,2,19,0
16037.91,5393.95,1,4,14,0
22045.81,17276.04,1,1,4,0
4678.2,7588.31,1,1,11,0
5099.25,1698.86,1,1,17,0
4104.7,12118.33,1,5,15,0
340.87,2854.95,0,3,11,0
4215.25,8581.75,0,2,5,0
1011.37,3716.71,0,3,8,0
3113.26,3096.42,1,8,6,0
1331.57,3962.98,0,6,1,0
7503.78,5299.95,0,2,9,0
44266.08,12112.26,0,5,16,0
12517.4,17628.85,0,3,8,0
10804.36,10930.9,0,6,7,0
5017.65,17172.55,1,2,23,0
161259.36,16128.21,0,2,10,0
895.54,5040.44,0,1,17,0
7706.5,6481.8,0,15,9,0
48327.53,3988.09,0,6,0,0
6831.09,8749.81,1,2,18,0
19386.38,13929.61,0,5,6,0
8913.65,8723.53,0,2,17,0
6333.11,10055.6,0,13,18,1
7035.46,10268.33,0,2,0,0
45241.6,9407.17,1,4,4,1
14661.52,15490.01,0,1,19,0
1956.27,7226.63,0,9,15,0
1293.83,15303.1,0,2,12,0
11542.73,12498.98,0,1,21,0
2825.09,2940.21,0,5,10,0
1989.7,6162.84,1,6,5,0
61303.79,15164.03,0,5,9,0
61660.32,16885.79,0,4,3,0
994.31,4539.43,0,2,10,0
2223.18,11115.9,0,1,12,0
2097.97,7672.5,0,2,18,0
11906.31,13321.05,0,1,21,0
8972.36,7596.27,0,3,19,0
79598.58,11298.2,0,4,7,0
4256.24,3659.69,0,4,8,0
3574.26,9108.14,0,3,2,0
8202.62,5376.85,0,7,22,0
12583.48,12592.51,1,2,18,0
3281.55,10238.82,0,4,12,0
18177.91,17398.1,1,6,3,0
9234.8,10667.64,1,6,17,0
12738.72,12675.24,1,9,19,0
15350.52,15079.78,0,2,22,0
5534.22,6742.42,0,1,15,0
7250.38,8297.58,0,3,18,0
7645.86,6605.26,0,2,20,0
6420.8,4773.19,1,8,12,0
1118.62,11214.99,0,2,5,0
1044.4,9243.89,0,2,10,0
9094.73,12622.72,1,9,22,0
129866.09,15287.95,0,6,16,1
4760.68,1961.78,0,1,16,0
25528.24,16076.52,1,10,20,0
9916.82,11088.42,0,4,14,0
2014.09,7694.29,1,1,22,0
15813.1,15067.23,0,2,12,0
63154.59,14643.43,0,4,0,1
1865.56,9327.81,0,2,9,0
4472.55,5216.59,0,2,21,0
6561.03,6030.64,1,5,12,0
18294.1,16946.92,0,2,1,0
7659.42,15304.57,0,1,12,0
6208.35,16856.73,1,3,18,0
18825.8,13005.02,1,3,11,0
31714.83,17981.71,1,1,20,0
73754.12,6024.79,0,6,5,1
25183.29,5813.69,1,3,3,0
16440.31,13288.48,0,6,11,0
1571.9,5660.76,0,2,21,0
2027.52,2135.94,0,6,20,1
52499.15,11595.07,0,3,9,0
16130.94,9245.84,1,2,1,0
5107.49,4893.04,0,2,10,0
3171.02,12254.96,1,1,12,0
52642.99,12123.77,0,5,18,0
177673.64,14475.44,1,4,20,1
11926.18,11759.57,0,3,8,0
5882.53,5074.45,0,10,22,0
17003.25,4483.38,1,3,15,1
2769.48,2789.46,0,3,22,0
4395.88,4356.61,0,4,1,0
841.68,5570.23,0,10,17,0
12113.98,11621.23,1,7,17,0
7932.19,5207.38,0,1,16,0
20218.15,16388.0,1,2,4,0
3215.72,4611.2,0,2,19,0
7251.61,13795.56,0,4,18,0
25577.94,9001.58,0,1,11,0
72439.79,17322.5,0,3,4,1
18976.52,15405.73,0,5,8,1
5245.03,16727.26,1,2,18,0
6673.01,8626.29,0,7,16,0
3337.71,5864.91,1,8,13,0
28133.68,5636.57,1,5,3,0
8513.74,7930.4,0,2,13,0
12054.96,12505.71,0,2,2,0
41247.58,13082.39,0,1,13,0
2292.76,2206.69,0,4,18,0
3166.78,2748.82,1,2,17,0
2376.06,12200.45,0,13,19,0
17635.85,7550.76,0,15,21,0
5957.97,17518.74,0,3,12,0
1973.35,8995.1,1,5,16,0
20683.61,8842.76,1,4,11,0
12792.26,6116.48,0,2,11,0
64907.03,13788.58,0,7,16,0
5250.89,9456.18,0,3,14,0
2109.75,1868.27,1,3,9,0
16105.25,10930.01,0,9,14,1
29417.59,17960.07,0,2,7,0
24898.31,6374.22,0,6,4,0
119804.73,8169.8,1,4,15,1
3476.36,3313.39,0,6,7,0
9778.72,8935.49,0,2,22,0
2238.59,14636.45,0,3,11,0
6253.64,5446.87,1,13,10,0
47590.5,9764.04,0,4,10,0
10841.04,15006.06,1,6,5,0
55095.81,17977.06,0,5,8,0
2758.71,5434.64,0,3,6,0
5612.63,12358.57,0,5,21,0
1631.28,9477.94,0,4,16,0
12557.4,10648.59,0,14,19,1
113941.11,17045.99,0,5,4,1
24243.55,14201.57,0,3,23,0
7530.36,6635.18,1,2,22,0
14574.11,12774.94,0,7,22,0
801.05,3090.49,0,3,21,0
4227.59,6982.03,0,4,15,0
17497.7,14397.66,0,4,12,0
6082.47,7934.66,1,3,18,0
42667.43,14461.67,0,4,14,0
16266.36,17175.03,0,11,10,0
2933.93,2737.48,0,2,4,0
29034.95,16442.28,0,5,6,0
3666.99,5439.96,0,3,10,0
1204.17,5149.16,1,4,14,0
48760.61,8183.71,0,5,2,0
15519.32,16492.04,0,2,3,0
10215.36,16748.36,0,4,16,0
7625.99,5875.84,0,2,17,0
202814.6,17406.23,0,5,6,0
17690.62,16374.92,0,4,8,0
24019.21,17012.2,0,5,20,0
10208.07,9678.29,0,5,21,0
16558.84,13055.0,0,7,7,0
3340.11,2459.93,1,2,6,0
1469.39,13596.24,0,4,4,0
1656.74,9140.27,0,2,22,0
19571.23,16629.78,0,4,19,0
8522.73,6793.81,0,6,4,0
13588.35,8818.9,0,5,8,0
36261.71,7653.5,1,4,11,0
55194.35,6320.09,1,3,21,1
19387.82,16842.4,0,14,9,0
12314.52,11436.22,0,4,19,0
245496.44,16729.74,0,4,10,0
15516.99,9302.63,0,5,21,0
3266.27,6417.57,0,3,23,0
14007.06,14517.05,1,3,10,0
69897.32,9459.2,0,6,13,0
75059.76,6230.42,1,2,19,1
14058.35,14856.27,0,8,9,0
753.33,2061.69,1,3,22,0
3747.22,5457.81,1,4,15,0
3738.62,4499.4,0,5,9,0
3994.26,10298.62,1,5,13,0
3465.89,13631.17,0,4,20,0
9538.25,11594.01,0,1,15,0
3056.62,16033.97,0,1,3,0
9227.27,9530.09,1,4,13,1
5945.72,4719.48,1,1,19,0
9626.64,12607.23,0,3,18,0
45616.79,11046.11,0,1,2,1
10495.34,7792.26,1,5,15,1
42068.52,8466.04,0,2,22,0
66294.85,6340.12,0,1,21,1
11674.54,6898.08,0,3,7,0
5401.27,8675.59,0,2,18,0
658.58,4045.78,0,8,20,0
161391.21,13999.48,0,1,20,1
6961.91,7102.95,0,12,14,0
2269.25,1653.19,0,4,7,0
1289.97,4171.86,0,2,7,0
4927.74,10123.42,1,3,12,0
13738.98,8860.2,0,3,18,0
7445.82,5160.45,0,6,8,0
87168.87,6311.97,1,3,20,1
19834.59,15953.74,0,6,20,0
10233.44,9070.18,1,3,7,0
10037.44,11735.44,0,5,21,0
18136.95,12964.17,0,7,18,0
11584.24,7696.73,0,3,5,1
3628.8,4333.96,1,1,8,0
11291.18,7937.18,1,5,1,1
3352.07,5380.26,0,3,10,0
1671.63,5103.79,0,3,5,0
16124.81,17212.12,0,3,17,0
13716.26,13456.42,0,1,19,0
4747.5,11137.62,1,8,0,0
106409.1,14002.32,1,12,5,0
12712.19,15830.24,1,2,11,0
16042.11,13910.28,1,2,8,1
8742.47,7245.59,0,3,17,0
16313.89,16396.5,0,11,11,0
15839.58,14594.03,1,5,14,0
2004.04,2054.56,1,8,1,1
14016.73,9126.76,0,3,22,0
7359.4,8585.49,1,2,10,0
9908.49,10204.49,1,4,9,0
9809.49,11471.01,1,7,12,0
7570.07,10053.96,0,1,17,0
7479.26,5160.08,0,7,1,1
4012.29,11792.2,0,1,14,0
16451.36,5735.91,0,3,23,0
4265.64,3782.37,1,4,8,0
27067.89,16165.0,1,4,14,0
10427.28,5085.97,0,2,17,0
12310.36,8407.83,0,3,1,0
11066.21,16884.83,0,2,21,0
2662.15,3738.29,0,2,19,0
6363.48,10425.57,1,2,13,0
50443.45,14545.72,1,8,4,0
6988.48,8993.95,0,3,14,0
1345.64,9045.94,0,1,6,0
99624.19,9213.49,0,2,0,0
10241.22,7539.87,1,2,4,0
12030.99,16060.01,0,3,13,0
19148.6,13377.49,0,3,10,0
2386.1,14818.79,0,4,12,0
2144.14,8222.94,0,1,22,0
25926.94,17170.48,1,6,4,1
2171.3,1673.36,1,4,22,0
25420.01,11813.68,1,2,12,0
5750.48,5546.77,1,6,22,0
108026.49,9251.7,0,2,21,0
279.69,2663.08,0,6,18,0
5466.14,5857.39,1,3,18,0
3470.19,6901.84,1,3,22,1
7020.47,12375.1,1,2,11,0
23275.21,16165.42,0,5,23,1
3839.3,2049.15,0,2,18,0
10400.87,10282.79,0,3,23,0
39022.1,16985.44,0,2,19,0
2447.57,2845.34,0,15,10,0
15878.34,11623.02,0,3,10,0
4610.04,5081.67,0,1,14,0
21938.22,14161.63,1,1,15,0
6330.16,2933.28,1,3,0,1
17866.56,11378.35,1,7,13,0
17338.96,13159.65,1,4,15,0
2995.11,10223.4,1,5,8,0
426.86,1988.93,0,4,10,0
6159.05,5801.61,1,4,8,0
1398.83,4230.08,0,6,0,0
9705.44,12298.66,0,10,23,0
1652.94,8264.71,0,4,18,0
4087.54,11142.48,0,6,19,0
15086.05,13014.82,1,7,10,0
11944.22,16381.28,1,2,7,0
40347.14,8447.41,0,1,3,0
512.06,7378.78,0,7,16,0
1946.76,9699.12,0,4,7,0
7150.22,9518.5,0,3,19,0
2495.01,3878.59,0,2,18,0
5791.29,3438.82,1,2,0,1
6457.6,4357.75,0,6,9,0
16394.86,15430.85,1,2,15,1
8109.55,5500.97,1,2,1,0
2246.29,7815.92,0,3,7,0
4832.08,13458.15,0,3,20,0
3423.47,2958.16,0,3,16,0
3202.64,16817.04,0,3,17,0
48977.4,13840.38,0,1,10,0
874.34,4230.55,1,8,19,0
82056.82,11898.06,0,9,20,0
13988.58,8881.98,1,2,16,0
7798.56,9755.21,0,4,18,0
125000.44,11073.96,0,8,1,0
4836.0,4560.3,1,2,19,0
19801.09,12830.79,1,4,11,0
65078.65,14155.76,1,5,8,0
420.19,1947.81,0,6,18,0
1449.83,8661.08,0,3,15,0
7093.69,9325.0,0,2,20,0
2644.94,10684.88,0,4,18,0
10676.33,7963.17,0,2,8,0
16182.11,14074.2,1,5,4,1
3635.85,2915.62,1,5,19,0
4125.11,3716.42,1,1,16,0
9422.89,9254.83,1,3,9,0
2913.25,15937.19,0,15,12,0
2124.75,9951.08,0,1,23,0
15694.0,15161.55,0,3,16,0
14052.17,16514.62,0,4,19,0
9734.56,10823.04,0,7,19,0
9657.65,4881.18,1,3,18,0
5462.82,17925.16,1,1,20,0
66623.9,14276.3,0,4,21,0
47026.96,12032.72,0,2,0,0
10000.3,7300.39,0,13,13,0
14265.08,12816.81,0,3,12,0
6129.21,6171.73,1,8,9,0
9925.79,3388.34,0,3,8,0
21380.61,17226.95,0,4,7,0
96731.23,6821.12,1,2,16,0
14153.87,17686.19,0,5,15,0
2377.85,7157.45,0,9,18,0
7169.6,9584.68,0,5,22,0
3189.12,11414.01,1,11,21,0
12103.75,9372.6,0,5,13,0
76952.33,5269.2,0,2,21,1
3992.72,4404.41,0,3,14,0
47038.9,8801.71,0,4,16,0
11060.62,13431.38,0,12,20,0
17883.18,17177.37,1,4,10,0
1871.77,6192.55,0,4,7,0
10722.33,12786.0,1,12,8,0
9182.88,10442.11,0,1,0,0
9770.39,9930.34,0,3,11,0
7996.77,6932.83,0,6,3,0
761.26,3040.21,1,4,20,1
9739.36,17362.78,0,2,10,0
2482.5,3199.6,0,1,11,0
2723.46,4517.9,1,3,0,0
2494.4,7476.07,0,2,16,0
508.05,2281.84,0,2,18,0
9274.73,8777.78,0,5,12,0
37148.51,10050.05,0,12,9,0
857.25,4232.95,0,4,3,0
3305.49,2805.68,0,4,9,0
4525.65,11038.0,0,4,23,0
12348.19,8554.27,0,6,22,0
222405.0,15144.75,1,1,10,1
20661.37,17905.44,0,1,2,0
15262.94,17061.88,0,4,8,0
8208.32,9228.69,1,1,16,0
19863.11,4927.56,0,3,19,0
60757.66,15688.46,0,1,18,0
943.44,1760.75,0,2,12,0
1227.46,4831.6,0,4,19,0
26475.73,17955.41,0,3,19,0
7544.86,7456.11,0,1,20,0
23340.86,17560.09,0,3,13,0
5213.32,3446.62,0,1,23,0
26116.31,10106.88,0,5,1,0
324.63,1566.13,1,6,7,0
1241.26,17175.65,0,2,13,0
10372.86,8439.37,0,2,14,0
3443.53,8011.84,0,3,16,0
3614.53,5337.4,0,4,11,0
19339.31,15615.34,0,2,19,0
2652.87,13466.75,0,2,15,0
18476.91,12781.2,1,15,13,1
59023.06,10269.29,1,4,22,0
1544.78,7723.9,0,5,22,0
17055.46,17914.45,1,4,15,1
13785.61,14122.9,1,1,10,0
101758.88,16972.16,1,4,8,0
57807.39,17981.38,0,4,4,1
4307.99,4019.39,0,1,3,0
43230.08,17849.29,0,3,15,0
2010.13,1791.53,1,3,6,0
7004.11,11731.33,0,1,8,0
10178.79,17746.57,0,3,2,0
19292.09,13781.61,0,3,10,0
8462.61,6985.34,1,4,16,0
38954.08,10884.23,1,2,15,1
4214.53,13313.66,0,12,12,0
2350.88,3293.46,0,4,19,0
12148.13,12107.66,1,9,20,1
17521.61,10661.72,0,4,15,0
3160.4,2457.66,0,2,15,0
2327.72,11638.62,0,6,21,0
9803.06,10059.71,1,4,9,0
831.58,16288.63,0,2,11,0
11098.51,10748.86,1,2,21,0
11413.32,13411.46,0,3,20,0
68512.74,16529.73,1,2,5,1
9597.53,10503.65,1,2,10,0
8381.53,8166.57,0,2,0,0
29860.17,17820.02,0,4,7,0
2345.55,7362.15,0,1,10,0
7545.25,6875.56,0,3,19,0
19829.14,15525.9,0,4,12,0
14388.83,14364.49,1,5,19,1
933.46,5763.54,0,2,21,0
27425.19,17155.93,1,13,7,0
2455.77,10705.13,0,4,18,0
11195.49,15758.29,0,1,5,0
57850.2,17407.91,0,7,5,0
8452.27,7975.5,1,4,19,0
1415.54,1592.39,0,1,13,0
16448.63,15236.56,0,2,15,0
7804.33,9206.2,0,2,17,0
10788.22,10622.03,0,3,6,0
2995.01,2354.82,0,4,8,0
45620.78,9812.81,0,1,12,0
3572.59,3587.97,0,2,21,0
17824.19,4636.52,0,3,20,0
7469.07,11187.88,0,2,12,0
9649.58,10246.07,0,7,8,0
2488.95,12391.94,0,4,22,0
83138.21,12633.15,0,3,22,0
30769.35,4603.72,0,3,13,0
8151.34,9825.99,0,11,12,0
6365.97,7091.75,1,4,13,0
7236.7,8559.91,0,1,10,0
853.13,5202.86,0,1,2,0
29614.6,9136.55,0,2,8,0
4023.25,3507.89,0,12,10,0
1854.83,2524.27,0,10,15,0
1555.98,1870.61,0,2,14,0
7356.78,6816.56,0,9,8,0
3138.11,2649.07,0,4,12,0
5478.35,7154.35,0,3,0,0
14836.5,4212.25,0,1,3,0
1548.93,8632.86,1,1,16,0
1074.3,10944.82,0,9,13,0
5029.94,5689.2,0,2,6,0
8708.96,2516.8,0,2,20,0
1281.09,2097.29,1,4,2,0
25359.82,10688.31,0,3,4,0
6226.6,6991.61,0,4,17,0
18080.95,16511.57,1,8,7,0
19503.6,15758.26,0,5,22,0
3340.77,3038.97,0,3,15,0
22806.96,17156.16,0,5,20,0
12841.84,17872.45,0,3,17,0
6306.37,7483.97,0,14,5,1
30831.65,9374.34,1,4,8,0
11809.24,10868.92,0,2,15,0
6452.03,5795.75,0,1,3,0
57605.32,11572.32,0,14,19,0
6533.57,7969.44,0,2,13,0
4719.38,3372.88,0,3,22,0
10118.51,13453.82,0,3,23,0
13470.54,13077.9,0,4,5,0
1953.37,1915.88,0,7,10,0
9769.59,10156.46,0,1,11,0
6726.04,6435.8,0,5,11,0
65297.27,5572.41,0,5,23,1
4939.09,4872.97,0,6,19,0
18548.81,16740.68,0,7,5,0
716.61,3621.28,0,4,21,0
57165.53,11919.48,0,3,18,0
10979.35,12316.53,0,2,22,0
5072.3,12098.24,0,8,5,0
66803.47,6040.02,0,12,0,0
15735.01,7414.52,0,3,9,0
8137.23,15038.35,1,9,17,0
10313.04,8730.11,0,2,9,0
1417.56,12971.04,1,3,13,0
56898.48,11977.63,0,6,20,0
618.48,5227.83,0,5,10,0
3159.1,5412.21,1,2,8,0
4044.93,3475.6,0,2,12,0
6953.65,11349.85,0,2,12,0
21803.54,12082.08,0,5,1,0
71205.99,8519.44,0,3,16,0
848.82,2642.88,0,4,13,0
9199.07,12051.66,0,1,20,0
6425.25,10798.9,0,4,2,0
31724.47,6487.74,0,3,10,0
5049.53,14697.86,0,2,19,0
1927.42,1794.4,0,5,0,0
7481.0,8389.41,1,3,5,0
54251.17,5904.91,1,9,19,0
52788.75,13731.56,0,2,8,0
4790.08,17999.13,0,6,8,0
4350.23,5350.58,0,4,17,0
15257.93,17820.69,1,5,5,0
3544.36,4335.84,0,7,15,1
7136.88,8100.41,0,4,13,0
45166.85,10345.02,0,3,17,0
5892.16,4505.35,0,4,6,0
13655.44,5692.4,0,4,15,0
5129.41,6400.11,1,3,15,0
11329.78,12773.76,0,3,8,0
4858.77,6624.71,1,2,20,0
71482.92,12238.11,0,4,23,0
3898.89,7105.33,1,3,20,0
14205.77,4519.32,0,3,19,0
2508.39,2068.77,0,2,14,0
39322.33,6059.73,0,9,18,0
23145.82,6331.97,0,4,7,0
17126.9,4953.69,0,3,21,0
3063.07,9395.46,0,7,3,0
10419.0,9383.55,0,3,14,0
189994.6,16788.7,0,2,17,0
14061.05,16491.58,1,6,13,0
2119.55,5617.47,0,8,8,0
5084.62,8165.7,0,4,13,0
2115.4,2906.16,1,3,14,0
12001.08,3846.07,0,2,14,0
15874.81,12370.48,1,1,23,0
16713.33,15504.09,0,4,12,0
2320.65,3970.61,0,2,7,0
16380.81,13131.24,0,1,19,0
9533.63,14063.64,0,5,12,0
9685.18,8796.53,1,3,15,0
14911.04,8619.15,0,2,6,0
1850.12,14887.79,0,3,9,0
15227.77,17780.75,0,2,9,0
5647.41,4495.28,0,2,17,0
12878.41,13352.78,0,3,20,0
57506.86,15044.3,1,14,12,0
208.23,1826.15,1,2,23,0
975.14,7780.91,0,3,13,0
18132.86,9715.88,0,15,7,0
6670.65,8146.85,0,3,7,1
128226.51,9238.58,0,1,10,0
4651.37,14000.64,1,7,9,1
110110.02,12984.15,0,3,5,0
3369.67,4349.31,1,1,15,0
16451.61,11760.54,1,3,18,0
71106.39,16806.53,0,7,17,1
20520.47,11820.16,0,1,1,0
10923.67,11237.3,0,5,6,0
179.21,1515.76,0,4,10,0
15586.26,13915.74,0,3,8,0
10184.4,12443.43,0,14,14,0
7783.3,9902.99,1,11,12,0
4224.99,3543.85,0,6,5,0
14204.69,11792.71,0,7,19,0
7755.0,10847.64,1,5,13,0
57182.37,5689.07,0,3,12,0
703.11,9101.52,0,2,15,0
2220.1,2733.9,1,3,10,0
14826.01,16569.21,0,4,16,0
15683.9,10597.57,0,3,0,0
52465.39,8061.55,0,6,13,0
21747.36,5015.74,0,2,21,0
9176.69,16152.97,1,4,19,0
3548.02,11480.06,0,3,8,0
6539.62,6199.33,0,2,16,0
55400.93,4491.8,0,3,9,1
160053.14,15138.57,0,2,21,0
3853.15,14337.37,0,3,9,0
22556.52,17831.19,1,4,9,0
9786.87,14529.36,1,1,9,0
4468.93,3486.79,0,1,11,0
5744.82,6232.85,0,3,9,0
12322.7,9475.03,0,5,13,0
8283.15,9882.69,0,6,16,0
3323.75,7974.09,0,3,18,0
6566.87,7692.09,0,7,7,0
25615.74,3460.65,0,5,7,1
7362.16,12282.59,0,11,2,0
4222.05,4475.84,0,2,16,0
4875.47,5381.45,0,7,10,0
9873.9,3487.95,0,12,12,0
28619.36,12874.78,1,3,7,0
8372.73,2241.03,1,6,20,1
6779.48,7099.64,0,4,7,0
9074.69,4078.81,0,8,12,0
56740.73,5225.34,1,5,23,1
4086.21,4486.0,1,2,8,0
3928.51,2042.54,0,3,10,0
4113.39,3610.06,0,3,21,0
76538.88,15692.25,0,1,11,0
9293.01,10254.17,1,3,8,0
1679.14,9922.22,0,4,14,0
5605.79,5679.58,0,4,5,0
5384.55,5603.13,0,2,5,0
13762.06,17662.92,0,2,22,0
31459.61,9762.64,0,3,18,1
583.06,2965.37,0,5,23,0
4374.59,4472.28,0,6,19,0
1887.14,2141.7,1,2,6,0
7629.91,4146.42,0,1,2,0
3788.96,6818.8,1,2,0,0
4004.41,3544.12,0,5,10,0
1492.66,1590.31,0,3,11,0
13543.64,14938.82,0,3,13,0
671.95,13037.97,1,4,0,0
5674.98,4013.23,0,4,7,0
6305.57,6179.19,0,14,19,0
10905.99,11171.59,1,4,20,0
4042.4,14520.84,0,2,22,0
5278.64,7204.56,0,2,22,0
21758.16,12237.87,0,2,11,0
1533.96,3751.76,0,6,19,0
16447.03,6049.37,0,2,11,0
10020.73,13541.76,0,5,4,0
1738.53,11873.74,0,2,9,0
12677.72,14832.15,1,7,3,0
172400.58,12177.46,1,6,15,1
8339.14,9085.21,0,3,0,0
1360.85,4019.24,0,10,18,0
18539.8,15808.34,1,3,11,0
113082.16,17136.12,0,1,10,0
3880.51,12666.19,0,2,21,0
604.2,5087.57,0,12,7,0
22969.23,17435.53,1,2,8,1
85441.95,17227.03,0,2,2,0
131599.57,14481.85,1,2,8,0
1399.57,1509.37,0,4,13,0
49636.65,13229.65,0,2,6,0
1874.37,8474.69,1,5,18,0
11173.12,6352.94,0,1,14,0
15997.23,14297.46,0,1,0,0
3642.09,15926.52,1,4,13,0
113488.04,10228.06,0,2,6,1
2358.03,7051.71,1,5,10,0
29706.71,2264.27,0,3,11,0
592.26,3321.46,1,2,19,0
113354.48,8014.87,1,6,9,0
4729.23,11605.35,0,3,15,0
19510.6,16101.11,0,4,19,0
3407.79,3447.54,0,3,10,0
16943.05,12466.56,1,9,20,0
1808.85,12066.19,0,3,21,0
34941.47,7993.85,0,2,18,0
2578.54,3136.09,1,3,7,0
6061.66,8023.95,0,4,22,0
1286.27,7207.64,1,3,8,0
12652.05,14856.24,0,13,10,0
955.08,9936.83,1,2,15,0
11220.62,12247.9,1,3,17,0
66412.92,14235.7,1,3,1,1
33313.53,6490.92,1,6,10,1
12499.1,8384.65,1,10,11,1
12156.06,10530.91,1,8,10,0
28502.86,6637.82,0,8,2,1
14989.44,11830.25,1,4,14,0
17899.25,17747.45,0,3,7,0
9423.36,10630.66,1,1,21,0
3219.12,3317.81,0,8,14,0
2938.54,7563.94,0,3,12,0
1832.47,12642.54,0,3,8,0
9044.25,13597.88,0,4,13,0
24552.15,17188.4,0,6,18,0
1709.49,5284.12,0,10,1,0
13561.61,12298.39,1,2,3,0
36190.48,8189.39,1,1,23,0
182045.44,17002.99,0,1,1,1
2089.29,3603.7,0,3,8,0
1178.55,16396.67,0,10,19,0
17543.47,9240.7,1,2,9,0
27260.35,1921.74,0,2,22,0
1379.59,1564.25,0,5,8,0
6242.44,1738.66,1,5,6,1
235.77,2148.77,0,5,1,0
1389.38,15653.35,0,4,11,0
10394.2,12234.22,0,3,12,0
10026.95,8056.01,1,7,17,0
6872.18,15597.73,1,4,20,0
15273.89,11642.22,0,5,1,1
2989.5,3532.15,0,5,14,0
12335.71,10551.11,1,3,10,0
563.06,2815.31,1,4,7,0
8756.05,10173.28,0,12,1,0
14844.02,15116.02,1,2,4,0
48925.16,14913.32,0,1,16,0
5548.39,14835.05,0,9,22,0
3183.08,2030.46,0,9,8,0
1242.95,3656.04,0,13,20,0
90276.23,14558.95,0,8,3,0
8550.24,7206.53,0,4,8,0
5016.87,3221.45,0,4,19,0
2874.88,16537.78,0,2,1,0
10178.11,10161.02,1,3,2,0
9111.79,17615.42,0,4,21,0
7094.43,1705.68,0,3,13,0
513.6,3519.75,0,3,10,0
22594.32,13950.41,0,7,9,0
4094.1,14592.04,1,9,8,0
14310.49,2211.83,0,1,14,0
12627.55,15462.0,1,4,7,0
13106.23,8868.59,0,8,4,0
13532.21,11808.61,0,1,18,0
142968.79,15186.32,1,4,4,1
24246.4,7215.71,0,3,1,0
11926.92,12762.6,0,8,9,0
6349.35,5765.88,0,6,20,0
13683.02,10585.58,0,2,20,0
13144.93,6554.71,1,4,2,0
113805.8,8417.99,1,4,20,0
3248.4,3326.47,0,3,4,1
10051.6,14167.98,1,3,11,0
3218.78,9821.03,0,3,17,0
14873.24,14815.52,0,3,13,0
7198.28,4499.95,0,6,14,1
57253.05,14665.91,0,8,17,0
541.36,10467.68,0,4,2,0
12463.37,13669.84,0,4,17,0
5992.14,4206.0,0,4,14,0
41125.72,5398.42,0,5,21,0
9159.9,17392.99,0,3,17,0
4501.38,5832.37,0,2,19,0
18896.03,16825.38,1,7,4,1
22696.66,6473.11,0,7,14,0
15081.38,15681.71,0,2,17,0
2643.74,2799.26,1,4,5,1
6560.26,6807.85,0,2,19,0
14540.75,5365.88,0,4,8,0
1407.85,4600.41,0,1,4,0
16420.67,15553.42,0,5,21,0
15410.19,17466.0,0,9,9,0
5907.28,4231.27,0,3,7,0
7881.95,6620.34,1,2,7,0
30365.14,8688.88,0,8,0,1
27036.08,8403.6,0,13,5,1
29204.35,17334.74,1,4,22,0
2211.73,2657.64,0,2,19,0
229051.19,16454.17,0,3,16,0
59218.95,17271.7,0,1,7,0
11326.07,12774.06,0,5,22,0
2872.64,11155.2,1,3,7,0
17620.1,12968.55,0,4,4,0
2934.22,10677.6,0,5,22,0
17535.03,12397.46,0,13,20,0
1617.03,1500.22,0,2,3,0
31687.43,4831.47,1,1,10,0
11735.17,13024.63,1,1,9,0
3180.75,4804.47,0,2,23,0
6143.77,16263.02,0,4,3,0
1933.03,1641.98,0,1,17,0
11203.75,13205.34,0,1,11,0
5002.77,15468.87,0,8,1,0
2546.51,2340.74,0,2,16,0
2133.55,10763.6,0,7,8,0
7987.62,7334.96,0,4,19,0
4476.59,3474.6,0,9,12,0
1192.36,14225.0,1,3,13,0
793.68,4720.81,0,7,5,0
28150.07,15547.02,0,2,15,0
3069.31,17357.64,0,2,7,0
583.61,3339.12,0,2,9,0
13658.15,15317.03,1,8,20,0
56140.51,7418.1,0,8,12,1
5448.91,3413.39,0,2,15,0
3829.69,2893.33,0,1,16,0
10297.95,9343.0,0,15,7,0
3055.5,2193.51,0,2,7,0
10374.0,8545.75,0,3,12,0
3405.31,2340.79,0,3,20,0
15288.87,9282.06,0,2,16,0
22159.2,17631.77,1,2,22,0
14490.52,14055.32,0,8,10,0
5253.23,15693.32,1,1,16,0
17537.95,12982.9,1,1,13,0
7398.45,9560.76,0,1,15,0
83382.53,7983.3,0,4,8,1
6872.79,8943.9,0,1,13,0
18466.58,17559.89,0,5,9,0
13739.63,9426.97,0,6,8,0
5758.75,7273.03,0,7,13,0
6971.5,9676.32,0,11,8,0
14491.29,15702.1,1,1,7,0
36922.38,13374.81,1,1,16,0
225337.32,17848.36,0,3,10,1
159938.34,16125.65,0,3,17,1
1498.03,1561.37,1,7,2,1
2409.21,2828.99,1,3,8,0
6427.2,6170.04,0,1,6,0
8238.96,8761.98,0,5,23,0
839.91,3247.31,1,4,2,0
10271.68,16966.16,0,1,6,0
102846.85,7392.41,1,2,20,1
67833.57,17007.06,0,2,7,0
3505.23,4122.99,0,1,21,0
110754.38,7537.83,0,1,16,0
6711.08,8874.58,1,12,18,0
5336.98,3327.38,0,1,20,0
16956.29,16811.73,1,3,16,0
25185.34,16560.16,0,2,21,0
1772.41,1732.56,0,2,16,0
2921.53,3572.81,1,4,8,0
18533.39,13112.34,0,10,16,0
18141.56,17173.73,0,6,16,0
6201.69,5217.41,1,5,8,1
15348.05,3832.08,0,4,6,0
26612.92,17286.35,0,3,12,0
14826.89,13439.32,1,7,18,0
1594.6,6179.42,0,5,20,0
5933.73,17873.24,1,2,18,0
12882.38,15640.88,0,8,8,0
845.88,1700.32,0,1,12,0
9462.81,11154.94,1,2,18,0
18228.6,15765.87,0,1,16,0
41875.93,10598.61,0,2,12,0
13001.93,7542.58,0,7,8,1
6524.12,5720.68,0,4,3,0
3828.02,6260.82,0,2,10,0
11233.56,14704.1,0,7,20,0
25567.99,2080.06,0,6,21,1
14479.51,11579.68,1,5,10,1
1318.74,6123.8,1,3,8,0
6803.34,11139.22,0,14,10,0
5948.74,16324.98,0,3,10,0
1029.01,12684.89,0,12,6,0
884.36,5794.79,0,6,18,0
10245.19,15495.05,0,2,12,0
1087.82,15753.11,0,3,21,0
20880.58,7503.47,0,14,13,0
35137.12,7769.95,0,1,21,0
14240.86,11121.11,1,1,3,0
3249.79,3630.54,0,5,14,0
6855.33,17458.85,0,2,19,0
24802.33,6608.61,0,3,3,0
77550.6,16452.56,0,3,20,0
4910.05,5424.76,0,2,9,0
4833.5,4307.67,0,3,15,0
2511.07,15459.12,0,2,1,0
80243.94,16421.38,1,2,2,1
863.58,2552.33,1,7,16,0
7100.04,7454.68,0,8,17,0
1139.48,1804.22,0,1,5,0
4487.58,11666.73,0,2,20,0
3342.61,3519.52,1,4,18,0
8610.02,9752.52,0,1,11,0
18927.17,17267.78,0,1,15,0
89695.79,7582.26,0,8,19,1
2840.2,13074.76,0,2,21,0
2542.19,2611.35,0,6,12,0
14642.92,9602.02,1,3,16,0
16095.3,16393.03,1,14,16,0
3188.11,2058.98,0,4,3,0
3158.19,7620.2,0,3,17,0
18993.32,16843.34,0,2,7,0
8722.95,12210.96,0,2,12,0
3575.85,8127.42,1,5,15,0
8531.44,6285.79,0,4,1,0
10934.55,10835.54,0,3,22,0
9502.82,3079.25,1,3,17,1
693.63,10213.4,0,6,12,0
8378.6,13739.07,0,3,15,0
497.12,2094.41,1,1,13,0
1210.83,4552.04,0,2,21,0
5127.85,5294.14,0,2,15,0
2075.48,3104.07,1,1,23,0
15845.33,13206.53,0,2,9,0
478.49,5544.15,0,3,16,0
3736.88,6567.3,0,4,8,0
10566.59,17100.33,1,5,9,0
6948.88,7972.19,0,2,19,0
13958.14,14622.84,0,3,21,0
11499.59,17414.94,0,2,13,0
4508.51,3577.19,0,1,1,0
20718.66,4626.61,1,9,19,1
20770.4,17320.06,0,2,11,0
7669.41,8780.06,0,4,14,0
23624.83,14393.72,0,2,7,0
14986.31,11310.37,1,4,19,0
3835.54,2996.58,1,3,17,0
38295.8,5316.06,0,5,20,0
1209.28,2719.56,0,3,16,0
9567.52,8205.38,0,3,11,0
66265.17,7331.22,1,3,11,1
3963.42,15331.76,0,2,8,0
9025.45,7185.38,0,3,14,0
17526.06,11386.16,1,3,15,0
152.8,2030.47,0,9,5,0
9879.75,10633.42,1,3,9,1
49521.04,15503.03,0,15,14,1
5078.84,5967.23,0,8,13,0
16262.11,10764.64,0,3,17,0
20736.5,14148.19,0,5,12,0
21530.48,16609.79,1,7,2,0
6995.18,17705.67,1,3,11,1
20531.7,15135.77,0,2,23,0
14069.37,10312.32,0,4,14,0
57672.88,17138.62,0,2,7,0
29430.24,17295.15,1,13,14,1
17045.53,14684.91,0,3,12,0
9534.2,8651.6,0,8,8,0
102560.51,13278.07,0,2,9,0
736.43,12761.18,0,5,6,0
1469.58,9115.7,0,6,18,0
7996.38,11541.29,1,7,0,0
13588.2,11809.65,0,9,4,1
20795.7,4459.61,0,7,22,0
4051.76,7058.2,0,2,15,0
14798.24,16378.57,0,3,2,0
25396.92,2796.19,1,1,6,0
4102.14,17055.62,0,2,18,0
6052.45,6832.92,0,3,4,0
5564.06,9933.87,0,4,20,0
10982.39,12283.41,0,5,20,0
15048.67,3544.87,1,4,16,0
8862.93,6474.12,1,7,21,1
25994.0,8944.61,0,1,17,0
25768.01,17663.76,1,9,18,0
6450.83,5639.07,0,1,17,0
210486.6,15487.7,1,2,5,1
17567.0,4221.1,0,5,16,0
10313.47,13419.74,0,11,11,0
7967.99,12623.53,0,13,8,0
2305.16,6195.18,1,1,7,0
69790.57,5148.39,0,6,2,1
16753.26,16254.84,1,2,20,0
8904.38,6373.99,0,2,16,0
4207.33,3328.54,0,4,11,0
22364.34,16782.01,0,2,22,0
2304.76,13299.04,0,2,9,0
18351.42,14712.26,0,5,15,0
10036.73,13338.38,0,3,13,0
112763.15,11568.95,0,2,22,0
7415.56,10527.2,0,4,9,0
3487.91,2866.96,0,2,12,0
3011.98,11911.96,0,3,22,0
16771.21,8021.54,0,9,9,1
13933.66,11128.83,0,3,22,0
570.85,3218.5,0,4,19,0
14548.97,11844.21,0,2,4,0
57158.01,16048.37,1,12,3,1
4082.7,5414.87,0,4,15,0
8788.19,10570.2,0,7,13,0
3471.09,16010.29,0,5,12,0
3779.86,1899.78,0,1,22,0
8129.03,11090.45,0,4,13,0
5293.03,17294.8,1,9,16,0
27800.3,12260.5,1,3,8,1
6125.19,6679.24,0,2,8,0
1052.0,16168.49,0,4,20,0
6013.64,4004.05,0,1,21,0
84740.75,5742.84,0,8,5,1
7353.49,5723.42,1,4,8,0
10589.22,15780.03,0,4,0,0
853.37,16776.66,0,2,7,0
10761.24,17315.24,1,3,2,0
5485.6,6123.2,0,7,17,0
161.48,2023.33,0,4,7,0
7431.44,9963.75,1,3,21,1
95951.68,15050.31,0,2,23,1
25122.75,14636.67,0,5,7,0
3928.42,6518.99,0,2,16,0
1699.77,9843.25,0,2,15,0
15532.35,15012.63,0,2,7,0
6090.03,8934.51,0,2,7,0
7656.19,11767.37,0,3,6,0
46356.1,15578.25,0,14,8,0
3208.76,7242.21,1,8,19,1
9107.45,6641.38,1,2,13,0
131341.15,15090.63,1,9,18,0
16645.89,13645.67,0,3,21,0
3435.16,15180.27,1,3,20,0
19343.53,15783.84,1,5,7,0
2394.36,13963.63,1,4,19,0
13911.97,16742.77,0,7,19,0
17018.33,13475.2,0,3,0,0
11735.24,14246.35,0,2,8,0
14191.97,4927.86,0,2,1,0
1875.14,5741.66,0,6,7,0
21134.64,15896.85,0,4,9,0
3908.99,2308.97,0,7,1,0
15252.84,13623.11,1,6,4,0
5215.68,16134.14,1,2,14,0
4156.74,3832.99,0,3,15,0
54671.9,14945.89,1,1,11,0
12617.61,10634.06,0,3,14,0
11953.93,9619.46,1,2,14,0
12038.42,15117.62,0,2,8,0
4011.79,3904.61,1,4,19,0
11958.62,9033.03,0,10,6,0
18001.89,17762.75,1,3,12,0
6874.73,9188.76,0,2,9,0
11067.73,12135.99,1,2,11,0
912.88,2721.95,0,1,10,0
16989.76,13926.27,1,15,18,0
8963.25,13732.36,0,2,4,0
8734.01,13450.0,0,3,12,0
15044.14,16712.41,0,6,16,0
4149.25,3923.25,0,7,18,0
15635.16,15132.13,0,4,22,0
235.87,2758.47,0,6,9,0
73347.49,16794.35,0,2,16,0
3212.23,4266.63,0,3,23,0
6501.31,12555.95,0,5,22,0
82959.42,10637.07,0,3,23,1
24130.45,7152.15,0,2,10,0
4695.32,3626.48,1,1,10,0
9116.32,12379.12,0,4,15,0
185740.9,13438.33,0,2,1,1
3658.99,3806.18,0,2,14,0
12584.93,17706.38,1,2,8,0
13520.3,9032.4,0,3,2,0
32432.66,6992.72,0,4,9,0
2303.96,11519.82,0,3,7,0
39532.87,3918.47,0,2,11,0
186087.06,16225.94,1,4,15,1
9153.7,5538.02,0,3,19,0
8123.86,10488.87,1,4,16,0
13419.43,6454.13,1,3,10,0
11613.4,9489.52,0,1,12,0
5207.3,3737.83,0,5,1,0
5461.52,4711.37,0,2,19,0
2155.88,3242.75,0,3,3,0
7697.7,4169.41,0,9,6,0
10840.23,9877.2,0,2,8,0
5050.32,5779.51,0,9,16,0
8315.46,9563.62,1,4,9,0
8914.78,8369.17,0,15,9,0
214029.16,15501.25,1,4,17,0
129526.56,11823.77,1,4,13,1
3975.63,8670.97,0,1,13,0
444.33,1639.62,0,1,8,0
4285.48,3073.33,0,4,10,0
36208.18,16812.95,1,2,15,1
42194.31,12530.16,1,15,6,1
14016.94,10267.76,1,1,6,0
10295.35,10647.58,0,10,12,0
1539.11,2293.79,0,5,10,0
23424.54,15980.04,0,3,14,0
465.57,1600.52,0,3,3,0
5803.96,4388.16,0,3,16,0
15110.41,12948.68,1,2,0,0
10492.27,11835.6,1,2,16,0
4878.47,3281.89,0,1,4,0
28147.83,11218.84,0,3,17,0
16447.6,9082.53,0,2,11,0
5772.12,5733.05,1,5,16,1
22269.44,14502.73,1,2,20,0
4390.69,3658.11,0,3,7,0
2423.76,2252.22,0,1,9,0
21769.25,16750.78,0,4,19,0
16847.06,4475.14,0,3,18,0
8411.74,7046.14,1,3,15,0
1696.33,1543.38,0,9,20,0
10903.31,7423.05,0,1,18,0
19301.1,17797.05,0,11,7,0
20613.51,17527.42,0,5,22,0
17292.21,4196.58,0,3,16,0
919.65,7943.0,0,5,13,0
22617.91,16776.4,0,1,12,0
4630.56,9358.25,1,3,17,0
9314.01,8629.54,0,7,22,0
2084.25,1727.33,0,4,21,0
5970.91,6969.15,0,4,9,0
1316.79,14657.3,0,3,22,0
25441.61,6243.69,1,2,19,0
10117.14,15011.81,0,4,19,0
17840.87,3466.68,0,1,17,0
2345.57,8530.96,0,7,7,0
2520.02,7523.28,0,3,9,0
2234.47,13553.92,1,2,12,0
105113.16,15286.19,0,3,2,0
114608.43,12820.08,1,2,4,0
253.78,1573.41,0,3,12,0
6609.89,4763.98,1,2,23,0
19242.4,15788.9,0,14,22,0
8646.42,2268.26,0,1,10,0
8583.22,12857.43,1,3,10,0
6501.73,11011.39,0,1,9,0
4471.85,4249.5,0,15,9,0
9156.38,9960.6,0,4,12,0
13434.16,4875.4,0,4,22,0
9334.75,9281.98,0,6,19,0
16594.77,15730.89,0,13,17,0
3810.68,7782.42,0,4,15,0
90560.22,7978.95,0,1,18,0
5117.41,15452.92,0,11,16,0
9706.75,11964.29,1,2,14,0
1143.91,11937.43,0,4,22,0
1579.96,6454.09,0,14,18,0
19921.33,8699.22,0,5,17,0
14315.97,3012.81,1,2,18,0
15569.85,13907.78,1,6,3,1
3066.69,9120.97,0,2,3,0
6036.05,10617.01,0,2,11,0
24721.58,16719.43,0,1,14,0
1639.41,7245.07,0,3,10,0
5681.95,5347.69,0,1,12,0
786.85,3324.71,0,1,23,0
15099.63,13404.65,1,5,6,0
2285.51,2042.32,0,2,22,0
4176.69,2888.67,0,7,10,0
13045.86,16444.52,1,4,9,1
6379.11,4989.69,0,2,13,0
4071.53,6307.94,0,3,16,0
3112.9,2500.41,0,1,22,0
113174.61,9509.25,1,2,12,0
115584.9,15357.93,1,4,7,1
201858.75,16240.7,1,6,7,1
2678.59,3829.53,0,3,9,0
9656.79,4086.77,0,5,10,0
57842.22,7544.54,0,4,14,1
2687.16,13793.83,0,4,21,0
6128.64,4440.41,0,5,2,0
58283.16,4680.26,0,2,16,0
5883.98,11194.11,0,2,3,0
12318.64,13521.8,0,3,19,0
13273.48,4198.02,1,5,8,0
47389.07,5827.8,1,2,14,1
986.9,15791.39,1,3,0,0
3638.18,7450.83,1,3,0,0
22708.01,5350.63,1,2,16,0
13512.02,11933.86,0,4,9,0
4603.17,7148.78,0,4,21,0
10415.13,10095.18,0,2,20,0
14374.52,14879.42,0,3,4,0
2234.9,11227.25,0,6,21,0
15242.42,7959.86,0,5,18,0
8889.36,6814.75,1,6,7,0
7652.22,6493.94,1,4,19,0
37226.42,17693.02,0,2,11,0
11531.63,7620.05,0,1,19,0
6695.87,6897.39,0,3,8,0
135780.85,10333.51,0,2,19,1
11193.44,8849.91,0,3,13,0
5106.45,3302.91,0,1,22,0
35061.29,4014.25,0,4,2,1
9397.69,6984.85,0,4,9,0
1003.11,3717.05,0,4,7,0
5876.66,8678.92,0,13,12,0
68898.17,15749.4,0,2,3,0
12604.27,14633.59,1,4,20,0
17513.87,6609.59,1,3,3,1
29346.1,2320.69,1,5,9,1
8427.46,12576.13,1,2,9,0
12714.31,7772.51,0,13,17,0
16453.43,8394.18,0,3,5,0
5744.07,3484.71,1,7,7,0
10334.5,8904.07,1,13,3,1
1337.1,5306.21,0,3,14,0
2704.48,2233.55,1,2,22,0
8944.56,15939.28,0,10,11,0
18304.99,11777.18,1,10,14,0
39229.52,12313.36,0,4,19,0
1301.96,17330.1,0,2,11,0
5524.11,9835.03,1,8,23,1
4217.36,7317.82,0,4,19,0
26363.28,17572.81,0,3,17,0
43209.0,4267.04,0,4,9,1
54420.06,16083.31,0,11,17,0
9856.04,13324.61,0,5,10,0
5562.9,12033.69,0,2,0,0
7324.53,4770.37,0,2,10,0
2040.23,5226.55,0,8,12,0
20027.56,8265.83,1,3,2,1
11548.17,10335.65,1,3,10,0
21643.71,16837.95,0,10,7,0
6416.41,17041.39,0,1,10,0
11828.24,10157.01,0,4,21,0
17418.0,13536.67,0,5,1,0
14168.7,12697.65,0,2,1,0
2587.26,1890.41,1,2,21,0
34144.25,5079.74,1,3,9,1
4954.14,3510.24,1,3,17,0
6951.48,7264.41,0,4,11,0
9991.82,8524.26,0,5,10,0
14012.19,4423.91,0,8,22,0
6519.62,6911.4,1,5,2,1
6458.72,5477.3,1,1,15,0
16292.34,14239.73,0,5,10,0
24192.69,7172.81,0,4,7,0
11141.05,15615.61,0,6,18,0
4907.3,2091.41,0,2,19,1
9318.83,11389.74,1,1,19,0
982.56,8698.28,1,6,21,0
1384.6,11697.15,0,2,22,0
21820.91,11110.34,0,3,5,0
1996.64,6368.79,0,5,14,0
12125.53,6485.38,1,2,11,0
14461.64,13011.2,0,3,20,0
13254.72,3640.74,0,5,8,0
818.47,7105.64,0,11,17,0
11966.36,15141.58,0,4,18,0
9526.12,5098.02,1,1,8,0
18246.35,13277.85,0,8,21,0
3094.48,5669.45,0,4,7,0
5579.04,7866.29,0,2,7,0
1648.77,3674.9,0,3,0,0
9609.69,14565.48,1,5,18,0
3145.97,8153.48,0,2,21,0
3095.74,9778.31,0,2,16,0
10644.75,2319.52,1,2,13,0
3329.28,6082.32,1,2,19,0
1219.7,11237.4,0,13,15,0
10717.7,8442.08,0,3,19,0
1782.63,5412.86,0,4,16,0
12230.8,13884.45,0,2,7,0
76221.82,14092.59,1,2,23,0
18950.46,13298.66,0,1,8,0
3810.27,5011.42,0,3,15,0
4098.86,5251.95,0,1,10,0
12645.97,2844.49,0,2,8,0
16911.44,11578.06,0,2,0,0
44902.46,16378.42,0,5,8,0
1592.17,3237.09,0,3,18,0
116244.68,8594.3,0,6,18,0
5514.06,9040.72,1,2,16,0
1354.33,4458.42,1,4,7,1
6462.0,4436.72,0,8,11,0
14518.07,13430.67,0,2,6,0
4941.2,4721.56,1,2,20,0
7766.47,10638.86,1,3,19,0
5418.59,10750.77,0,3,10,0
1138.22,4064.79,0,2,6,0
29530.79,6257.26,0,4,19,0
91508.01,9809.94,1,8,11,1
13854.92,12039.12,1,1,19,0
4348.33,12598.61,0,4,21,0
2387.28,14895.96,0,3,19,0
7416.79,1913.16,0,3,14,1
43198.94,3964.67,1,2,20,1
3152.83,7904.54,0,13,15,0
10436.92,8767.46,0,4,14,0
18450.49,14716.95,0,2,6,0
102804.6,7509.17,0,1,15,0
228126.24,17994.91,0,2,8,0
27385.69,16646.05,1,3,14,0
11223.0,9694.54,1,5,9,0
3954.63,3862.45,0,7,13,0
85285.78,7034.86,0,3,13,1
11713.89,10528.24,0,2,14,0
48056.97,12210.18,0,4,10,0
37650.47,8584.97,0,2,14,0
3425.1,2576.79,1,3,9,0
17623.43,12628.78,0,4,21,0
12156.84,9911.82,0,2,17,0
16737.25,13811.34,0,2,15,0
5970.87,12211.95,0,3,7,0
2072.54,1538.09,0,12,8,0
262.51,2615.73,0,8,1,0
23149.54,4049.5,1,2,2,1
1238.23,9167.21,0,3,18,0
3798.39,3087.45,0,2,5,0
5563.54,3986.1,0,9,23,0
21354.38,16002.33,0,8,16,0
8650.71,8328.53,0,3,6,0
3378.04,9948.69,0,15,12,0
11329.78,14011.94,0,4,22,0
4059.32,15839.29,1,1,12,0
20494.75,9500.26,0,2,15,0
12399.98,10706.45,1,5,21,0
1792.7,3055.72,0,3,2,0
9619.24,11348.18,0,4,8,0
319.43,4867.59,0,5,20,0
676.26,4669.88,0,3,11,0
135304.35,14565.19,0,9,15,1
4547.7,4049.49,1,3,18,0
7197.98,4418.01,0,7,9,0
18522.42,13226.21,0,4,9,0
11029.69,7855.34,0,3,21,0
10307.77,14359.4,0,1,14,0
13155.79,13061.38,1,5,21,0
66977.46,9306.65,0,4,16,0
2129.82,6868.16,0,4,17,0
2355.12,1771.96,0,8,22,0
28533.77,10274.35,0,3,3,0
9207.11,7511.97,1,3,21,0
3829.14,13736.64,0,5,16,0
10057.11,13003.66,1,5,7,1
5575.3,14965.91,0,4,13,0
6638.1,17299.66,0,3,19,0
8881.03,7018.64,0,9,0,0
22297.76,12989.29,1,3,13,0
86630.57,11247.77,0,3,18,0
20337.1,13900.07,1,1,18,0
4337.01,4296.14,0,3,19,0
32443.94,7519.76,0,5,20,1
13232.26,5629.73,1,3,16,0
16005.97,13348.7,0,3,13,0
198642.98,15106.96,0,8,6,1
19123.73,5650.23,0,15,10,1
6255.79,16071.59,0,2,14,0
932.55,6553.28,0,2,14,0
18972.13,16153.34,0,2,17,0
5731.54,5635.05,0,2,18,0
17069.03,16105.19,0,3,10,0
6259.05,4668.71,0,6,8,0
17002.36,13213.43,0,13,19,0
56332.26,14326.98,0,5,19,0
5377.64,11600.47,0,2,9,0
5611.85,5470.78,1,2,20,0
28649.75,14685.27,0,3,3,0
4238.68,11364.62,0,1,15,0
11601.97,13497.54,0,2,19,0
1462.47,3680.36,0,3,10,0
9561.67,17225.39,0,4,15,0
20433.01,12182.28,1,3,22,0
19673.08,14936.43,0,2,14,0
15315.95,10689.41,0,2,1,0
108512.28,16571.66,0,5,23,0
7198.87,12697.07,0,14,15,0
12142.73,8759.96,0,5,19,0
1425.51,17160.65,1,4,21,0
11995.89,13171.81,1,10,19,1
12428.68,15016.8,0,2,20,0
1664.76,9327.86,0,11,13,0
83740.22,6067.25,0,2,4,1
1794.23,1874.75,0,5,20,0
9330.06,4532.57,0,2,5,0
5070.06,6148.64,0,3,3,0
9083.75,8250.81,1,3,2,0
3400.57,10176.78,0,1,14,0
10256.01,14310.59,0,6,14,0
1007.61,4332.02,0,12,10,0
462.48,2061.79,0,4,17,0
11341.89,12002.97,0,3,21,0
42423.9,5272.65,0,1,22,0
11258.9,14454.79,0,2,18,0
197334.84,14650.03,0,2,8,0
13067.69,11186.58,0,3,0,0
7741.25,10207.51,0,4,14,0
49868.47,13208.04,1,2,19,0
11791.3,2470.22,0,3,4,1
10001.81,9429.24,0,3,13,0
5016.84,2622.11,0,2,8,0
64718.87,15623.52,0,4,23,1
20623.7,11986.43,0,2,20,0
38080.54,9116.8,1,8,1,1
2366.08,11728.36,1,14,22,0
6560.24,6357.28,1,1,16,0
2197.83,4113.83,0,2,21,0
40897.0,5513.14,1,1,11,0
9985.95,7119.75,1,4,19,0
4959.95,4538.31,0,12,22,0
8307.53,10285.92,0,3,16,0
13187.86,8738.96,0,3,12,0
9784.94,7413.55,1,9,13,0
5065.22,4473.2,1,2,17,0
17364.64,13745.58,0,4,21,0
13949.82,11314.28,0,2,11,0
3013.79,1836.96,0,3,20,0
6057.91,6361.25,0,3,11,0
5970.23,7200.95,1,3,7,0
17227.32,11292.03,0,4,22,0
972.07,2672.94,0,6,10,0
10535.18,12865.34,0,3,6,0
10174.13,9545.24,1,2,22,0
2195.98,16301.05,0,2,14,0
19702.17,14391.35,1,4,11,0
7337.52,5408.2,0,9,9,0
57895.57,12634.41,1,2,18,0
5391.44,4002.45,0,2,1,0
5937.02,11578.73,1,1,6,0
9797.97,4231.94,0,1,5,0
3577.9,4313.86,1,2,21,0
4058.25,10655.07,1,7,15,0
1292.16,1688.58,1,1,19,0
10396.83,6980.3,0,5,5,0
13220.91,15841.98,1,4,13,0
59518.24,17955.63,0,8,8,0
2879.3,10320.59,0,5,18,0
1952.37,11395.96,1,7,0,0
26142.76,3179.47,0,3,19,0
6516.68,5392.61,0,4,18,0
8864.21,5284.1,0,4,20,0
726.68,9702.0,0,13,18,0
2188.79,7620.44,0,2,21,0
16908.03,12085.76,1,2,5,0
2936.41,2909.41,0,3,10,0
2731.72,17399.07,0,4,22,0
1963.56,10300.74,0,3,2,0
5376.11,4464.72,0,4,15,0
18358.76,13701.7,0,5,13,0
15834.49,14510.65,0,2,3,0
6422.21,9417.75,0,3,7,0
2522.11,7669.71,0,1,16,0
1040.44,7862.82,1,3,8,0
9280.48,7957.85,1,2,1,0
1671.73,9873.83,1,15,12,0
4946.11,6469.95,1,15,22,0
13352.91,14567.58,0,2,18,0
6106.18,1540.89,1,2,23,1
11832.8,10658.87,1,4,3,0
4569.86,7711.34,0,5,13,0
8359.91,7509.21,0,3,14,0
14180.17,15648.89,0,13,17,0
29197.58,3563.56,0,4,19,0
11608.07,13021.0,0,10,6,0
48216.72,9580.58,1,3,11,0
2767.51,13084.73,0,3,22,0
12126.08,11375.72,0,1,21,0
5464.4,4285.2,0,6,1,0
40194.84,5123.15,0,11,9,0
155769.21,11660.56,0,1,8,0
3463.48,6012.6,0,5,16,0
638.06,6695.49,0,6,20,0
1822.94,15933.45,0,13,12,0
4102.63,15590.74,0,2,9,0
37153.01,4303.27,0,10,11,0
16079.28,14980.69,1,1,9,0
1646.46,1616.91,1,1,21,0
10312.09,12042.38,1,5,1,0
5671.93,16035.38,0,3,2,0
1004.97,3861.05,0,1,14,0
13978.71,13996.27,0,3,10,0
51618.98,11451.27,1,8,13,0
15009.63,7939.27,0,3,5,0
8154.38,10581.2,0,2,11,0
1115.99,11381.16,0,10,9,0
63024.46,6313.68,0,5,15,1
10729.14,9063.21,0,4,10,0
5195.0,5821.29,1,2,5,0
3402.5,10854.47,0,2,12,0
11623.19,16711.7,0,6,14,0
715.47,10720.09,0,4,17,0
187261.45,13018.99,1,3,16,1
6499.04,3841.55,0,2,18,0
10724.7,13913.43,1,3,9,0
15211.24,11988.65,1,2,12,0
3685.07,6684.26,0,3,17,0
14240.26,13673.77,0,5,19,0
2787.73,16054.4,0,10,14,0
565.12,7173.03,0,2,12,0
12493.4,11539.43,1,2,12,0
3087.6,6089.42,0,7,12,0
112428.93,9487.23,0,6,18,1
5106.52,5418.61,0,10,19,0
3106.42,12256.86,0,4,22,0
4508.66,4368.9,0,3,10,0
9387.61,12001.63,0,1,16,0
6200.5,7919.28,0,4,21,0
12209.72,10683.71,0,5,7,0
47684.95,16131.12,1,4,1,1
8941.38,6961.87,1,7,15,0
5858.13,5180.25,0,4,21,0
7266.17,5653.23,1,6,15,1
18993.01,16232.93,1,1,21,0
13792.95,6056.97,1,3,18,0
3393.52,8902.38,0,5,22,0
54088.08,15326.67,1,3,9,1
10824.24,12146.17,0,8,17,0
9438.47,6165.39,0,6,8,0
24541.85,15049.66,0,4,3,0
14106.56,12918.48,0,1,10,0
5464.91,5295.01,0,5,16,0
8583.91,12082.49,0,2,20,0
7072.7,5287.05,1,4,5,0
15223.27,12680.24,0,5,23,0
4547.86,16952.95,1,13,3,0
4895.33,14500.47,0,2,12,0
68017.2,6510.36,0,6,7,1
231730.71,15555.82,0,3,7,1
4984.95,14373.96,0,1,23,0
41668.74,9461.87,1,4,18,1
51985.39,10352.05,0,5,17,0
9374.73,3245.17,0,1,13,0
1599.93,4464.75,1,4,1,0
2728.56,3438.41,0,3,9,0
5500.25,2544.92,0,2,7,0
989.31,4321.56,0,2,13,0
66297.02,17414.33,0,4,13,0
3783.98,10085.86,0,3,7,0
9406.11,9299.33,0,3,17,0
18429.84,14574.53,1,2,14,0
83829.18,17583.86,0,5,19,0
4035.17,2685.28,0,3,16,0
17657.38,2734.53,0,4,9,0
12834.31,13071.02,0,1,20,0
20858.22,12122.54,0,3,12,1
8754.2,13489.48,0,10,5,0
3291.08,17926.66,0,8,13,0
8839.51,9708.91,0,2,12,0
5693.47,15636.16,0,7,0,0
6596.4,4985.15,1,5,18,0
2192.43,1920.47,0,2,16,0
5721.36,5012.0,0,4,3,0
2246.73,2309.72,0,2,10,0
19998.76,16951.44,1,3,7,0
44147.83,16856.36,0,8,21,0
59162.04,17488.09,1,7,2,1
152129.07,14044.54,0,11,6,0
1966.27,8381.37,0,5,10,0
28041.01,15276.57,0,2,22,0
3440.66,2704.54,0,2,16,0
78529.66,13227.57,0,4,9,0
27282.42,12163.8,0,2,23,0
1676.51,1847.22,0,2,17,0
69727.55,10317.24,1,2,22,0
9065.64,1820.2,0,3,9,0
12492.77,3836.33,0,3,10,0
1170.5,1938.53,1,9,21,0
16863.05,15331.61,0,2,15,0
2911.21,15746.66,1,7,14,0
14083.76,16795.01,1,5,19,0
17354.74,13109.19,0,9,7,0
4442.52,4953.08,0,5,1,0
1816.84,11858.01,0,9,0,0
10593.46,12958.21,1,2,21,0
5637.87,4996.32,0,2,6,0
10698.37,6392.0,1,2,13,0
7672.23,8325.39,0,2,9,0
6833.39,8726.23,0,1,14,0
17058.68,13732.46,0,2,15,0
59372.14,6765.69,0,1,8,0
45516.8,16760.0,1,3,12,1
80819.33,11389.82,0,1,3,0
2918.29,3877.05,0,13,3,1
11754.2,10687.73,0,2,3,0
575.36,1932.45,0,2,6,0
9149.53,8071.15,0,12,16,0
12310.12,6109.83,0,2,19,0
4059.45,4966.44,0,3,4,0
8968.75,10525.77,0,3,16,0
12928.18,10700.13,0,2,7,0
4335.63,7671.76,0,3,18,0
13520.35,11047.05,1,14,1,0
8795.48,8792.62,1,5,15,0
11595.18,11528.78,0,4,14,0
14827.65,8709.48,1,3,3,1
28611.88,15941.53,0,2,10,0
4085.11,2561.85,1,1,14,0
4703.57,14911.23,0,2,13,0
17197.03,10884.47,0,2,11,0
16950.31,11750.35,0,7,16,0
3844.57,3082.32,1,4,7,0
11221.55,9779.78,0,1,15,0
8355.78,7236.59,0,3,20,0
5383.64,5557.81,1,1,12,0
4665.38,8039.94,1,1,8,0
18526.87,16667.23,1,3,15,0
1360.29,1905.26,0,2,22,0
14686.97,13992.68,0,7,7,0
13187.85,10058.74,1,2,3,0
2856.42,4032.62,0,4,20,0
4530.65,15953.58,0,4,21,0
623.12,10284.85,0,1,8,0
58403.09,9563.34,0,8,22,0
4795.89,3664.06,0,3,7,0
1222.87,1550.51,0,14,12,0
3214.75,6163.0,0,1,8,0
2117.15,10585.75,0,14,2,0
15729.16,11328.02,0,3,7,0
4832.18,7869.55,0,2,20,0
11663.57,10334.85,0,2,11,0
5825.48,7396.6,0,7,13,0
63506.76,4260.31,0,3,13,0
7439.71,11333.35,0,1,11,0
11196.66,10539.27,0,12,7,0
18190.91,14670.5,0,2,5,0
43136.7,11923.61,0,2,10,0
14775.1,5188.48,1,3,18,0
14793.2,5038.3,0,4,11,0
2989.27,6546.18,1,3,14,0
2139.92,5940.65,0,1,1,0
9726.8,7184.39,0,2,14,0
1556.97,4055.26,0,3,9,0
7582.56,5404.93,0,1,20,0
7975.87,5719.24,0,2,16,0
3241.49,10009.55,1,2,4,0
13948.73,9250.68,0,8,11,0
13688.99,6479.19,1,2,16,0
23528.92,16298.53,1,2,8,0
11644.8,11974.66,1,6,8,1
11795.28,9102.7,1,12,10,0
2029.34,1505.19,1,2,14,0
10456.14,15570.89,0,4,3,0
39766.49,5483.27,1,1,8,1
12975.51,16130.25,0,4,16,0
21200.02,12703.67,0,2,10,0
1418.34,6567.67,1,11,12,0
160689.52,11691.39,0,5,7,0
9696.4,15267.98,0,4,22,0
10516.62,17137.02,0,5,16,0
4560.41,5832.45,0,1,22,0
145056.48,13129.83,0,3,11,0
63300.16,13867.0,0,1,15,1
1652.77,5162.24,0,1,1,0
1125.03,5625.15,1,4,14,1
12794.41,11943.14,0,3,18,0
25133.21,17573.45,0,3,8,0
6375.52,5589.35,0,3,18,0
3392.29,2731.39,1,1,11,0
8167.28,9066.63,1,4,9,0
24377.64,16869.73,0,2,19,0
1632.49,2179.03,0,3,13,0
18159.2,12333.09,0,2,4,0
2165.27,2083.69,1,13,16,1
61361.87,4721.49,0,7,13,1
4241.95,3693.28,1,5,4,0
6522.0,7170.51,0,1,8,0
64775.65,16350.18,1,2,9,0
2576.72,13406.06,0,2,15,0
1871.82,5372.09,1,8,10,0
1075.44,7736.81,0,1,21,0
10482.92,9922.02,0,3,12,0
9630.59,9162.63,0,3,12,0
1172.32,7333.08,0,1,11,0
18582.78,17378.02,0,2,9,0
43428.38,10021.58,0,5,11,0
589.93,6881.68,1,2,19,0
26286.65,8401.58,0,4,6,0
1298.51,2445.3,0,3,4,0
5679.67,15406.11,0,5,22,0
1972.34,5491.69,0,2,17,0
8999.06,9575.27,0,3,12,0
5753.98,7170.57,0,5,18,0
1828.79,5558.69,0,1,22,0
6288.46,9924.65,0,4,4,0
4243.14,5070.59,0,1,17,0
3996.48,4151.26,0,1,17,0
55722.9,11708.79,0,11,14,0
39552.34,5771.07,0,4,16,0
29744.36,9697.49,1,2,21,0
5831.0,7221.42,1,1,18,0
14937.05,13136.46,1,1,6,0
5262.18,16538.48,0,4,13,0
21288.03,16676.33,0,3,9,0
20173.06,13392.2,1,3,13,0
13618.61,15633.79,1,3,10,0
7926.9,7195.18,0,3,9,0
20628.33,13930.58,0,2,9,0
55832.47,12930.23,0,11,14,0
4914.96,16287.03,0,8,3,0
22118.69,8997.05,0,1,14,0
6180.63,10056.1,0,4,8,0
3926.13,4170.84,1,4,13,0
33814.87,4774.25,0,1,5,0
21614.71,15793.55,1,6,8,0
4624.92,10313.48,1,4,0,0
17180.56,13966.4,0,3,2,0
2917.11,2929.2,1,3,1,1
11301.53,13280.08,0,11,9,0
4486.57,5509.27,0,3,23,0
23437.19,2715.98,0,4,10,0
5275.83,5878.15,1,2,17,0
15539.22,9385.86,0,9,10,0
13156.95,11281.12,0,1,9,0
14341.16,14095.89,1,14,5,1
11480.23,11795.36,0,2,20,0
12696.67,11322.89,0,14,5,0
4925.94,4461.62,0,3,3,0
2552.71,8568.89,0,7,7,0
1312.41,3687.01,0,3,10,0
65511.34,16246.34,0,8,22,1
6707.79,6594.35,1,2,9,0
8945.87,9945.19,0,10,19,0
11422.81,10080.69,1,4,0,0
8596.39,8679.1,0,13,7,0
965.88,4829.4,0,6,11,0
7827.83,9131.69,1,4,8,0
71020.8,6312.85,0,10,12,1
3150.79,5896.64,0,3,19,0
1131.0,9105.37,0,7,10,0
10633.68,7190.29,1,2,8,0
56146.94,6039.66,0,1,11,0
61264.23,10275.09,0,5,11,0
15849.88,15640.68,0,2,21,0
3359.05,4196.86,0,3,13,0
17366.85,12967.67,0,4,18,0
7068.37,1851.68,0,1,21,0
7596.28,4936.62,0,3,11,0
1990.42,2752.33,0,1,3,0
14905.0,6430.26,0,3,9,0
8682.5,6087.36,1,4,21,0
15137.0,13682.26,0,12,9,0
145185.51,10677.14,0,8,15,1
909.06,6509.11,0,5,22,0
8945.5,9649.7,0,7,8,0
17629.45,11777.04,0,5,8,0
10967.38,11297.8,1,3,17,0
6089.95,5571.48,1,6,12,0
1631.5,2481.69,1,2,17,0
12703.31,13927.11,1,8,20,0
331.8,2805.97,0,5,7,0
5194.43,16875.1,1,3,14,0
22055.99,17162.9,0,3,0,0
16066.14,4185.37,1,3,17,0
7680.72,6882.48,1,6,13,0
8398.47,8452.19,0,3,8,0
29268.65,8415.39,0,4,5,0
16541.15,13852.03,0,1,22,0
10279.16,6935.3,0,10,0,0
82074.33,6484.18,0,4,23,1
2598.43,8189.43,0,2,14,0
6934.06,6464.15,1,2,6,1
195695.6,17511.47,1,7,12,1
4923.05,6848.05,0,1,21,0
8346.09,6979.94,1,3,8,0
15581.88,15523.72,0,11,6,0
5605.86,10912.97,0,2,8,0
7917.68,9733.96,0,2,19,0
2392.73,1923.6,0,3,20,0
61351.7,16392.94,0,5,13,0
29368.09,8340.04,0,5,12,0
18129.01,4375.14,0,2,17,0
2140.6,9185.0,1,3,19,0
2570.6,10618.91,1,2,13,0
14395.99,13937.22,0,3,4,0
1635.65,1702.05,0,1,12,0
4422.77,5266.17,0,1,8,0
6542.99,6818.31,0,1,11,0
16861.1,10852.98,0,4,19,0
1875.12,2158.11,0,2,13,0
13990.57,16618.74,0,3,12,0
4911.14,13686.58,0,4,21,0
3892.01,7025.88,0,3,7,0
8126.26,7361.09,0,2,14,0
10304.61,9862.64,0,5,21,0
5388.95,9847.68,0,4,15,0
16566.14,3937.72,0,3,22,0
8555.24,8705.84,0,3,4,0
23495.08,14437.0,1,1,15,0
15123.87,10925.11,0,3,1,0
29925.54,9225.87,1,5,9,0
5321.77,4600.21,0,3,17,0
1472.48,4359.59,0,2,11,0
12033.04,14270.98,0,1,22,0
6632.18,5140.86,0,11,21,0
11969.51,12653.44,0,2,18,0
3803.7,13321.15,1,5,7,0
18408.27,13788.72,1,2,10,0
12150.8,17899.58,1,1,18,0
10413.18,8725.42,0,3,15,0
3794.17,4286.41,0,7,9,0
85697.72,17282.44,1,1,17,0
1998.17,4067.33,0,6,4,0
13184.58,13932.1,0,3,20,0
3521.23,3601.87,0,1,17,0
18906.23,16705.2,0,5,4,0
1845.52,11214.65,0,2,19,0
11005.55,17288.73,0,5,23,0
45553.9,7200.41,0,1,12,0
32843.08,16357.31,0,2,16,0
7074.09,8058.32,0,3,8,0
226.25,2164.5,0,15,13,0
787.22,9915.17,0,2,2,0
5640.88,17607.31,1,7,17,1
14015.82,13426.69,0,2,23,0
3751.13,5175.85,0,3,20,0
21737.6,16614.96,1,2,4,0
6933.69,14447.7,0,7,6,0
37452.99,11581.29,0,1,14,0
6542.8,4149.71,0,4,14,0
16559.1,13112.33,1,5,5,0
40090.89,10963.18,0,2,9,1
1360.31,1828.0,0,4,14,0
8588.76,11245.46,0,5,17,0
2515.29,4056.99,0,3,11,0
1663.61,6992.56,1,2,19,0
1217.57,6821.09,0,3,20,0
1542.44,1885.02,0,4,18,0
19777.22,17156.42,0,3,17,0
11397.31,9368.31,0,5,22,0
1938.06,7722.89,0,3,18,0
1705.41,14840.24,0,3,21,0
12610.84,11259.38,0,15,18,0
3924.27,5028.0,0,1,0,0
32154.92,6629.75,1,3,20,0
3229.62,3603.1,0,2,0,0
4512.86,4146.55,1,8,16,0
9088.57,7968.99,0,2,14,0
6833.27,8374.06,0,1,14,0
24744.38,17942.81,0,1,2,0
25821.67,11114.26,0,7,0,0
1554.38,15331.9,0,1,9,0
5344.98,5501.16,1,4,0,0
1668.35,5057.14,0,3,10,0
10778.19,6562.76,1,4,15,0
10640.6,6728.11,0,3,23,0
7845.5,10666.13,0,2,8,0
8611.26,7661.78,0,2,17,0
2952.53,6823.56,1,4,17,0
2796.7,10465.3,0,7,16,0
4503.17,7178.58,0,4,17,0
10791.29,8533.03,0,2,15,0
5404.82,4799.8,0,6,14,0
11810.3,15489.85,1,1,20,0
11995.93,15515.68,0,13,11,0
25240.58,14933.16,0,13,21,0
4642.96,7351.34,0,2,14,0
7139.58,5745.53,0,5,16,0
2032.99,10164.94,1,2,10,0
13482.75,14714.38,0,5,19,0
17227.17,13276.98,0,3,11,0
1178.02,15875.77,0,2,6,0
5705.29,7427.04,1,4,3,0
11256.53,12214.98,1,9,0,1
14177.85,10975.48,1,8,23,0
3868.1,11852.86,1,3,11,0
6608.45,4307.05,0,2,17,0
1822.92,7747.51,1,8,22,0
19004.8,16415.56,0,11,15,0
4278.8,4404.71,0,13,17,0
894.25,2671.54,0,3,17,0
11825.48,13889.61,1,3,17,0
5129.1,5132.78,1,3,3,0
107014.53,9893.88,0,7,10,0
118059.42,10825.05,1,2,19,1
2581.09,2772.45,1,3,0,0
13616.04,10757.31,0,3,9,0
20675.65,8519.05,0,6,21,0
3669.54,3673.95,0,7,8,0
4623.47,15423.65,1,6,11,0
14663.39,8637.4,0,4,19,0
51586.63,13866.52,0,2,22,0
77808.54,10940.03,0,3,7,0
9005.07,8657.39,1,4,22,0
71670.38,15125.54,0,1,10,0
2960.29,2680.81,0,4,6,0
19342.55,16246.76,0,5,16,0
8872.31,2947.2,0,5,15,0
15649.5,12887.56,0,3,15,0
22900.84,8617.43,1,4,14,0
50307.08,13694.73,1,3,17,0
7978.07,9382.91,0,1,8,0
21525.69,17866.84,0,1,8,0
6793.33,16066.98,0,6,15,0
1932.42,14770.57,1,10,20,0
7311.87,7977.45,0,12,5,0
18064.0,17779.33,1,1,4,0
4408.89,9323.78,0,7,9,0
2176.29,3113.5,0,2,14,0
1745.67,6050.39,0,3,21,0
28219.19,6323.58,0,3,18,0
10985.04,15556.92,1,4,0,1
4565.26,5747.96,0,2,20,0
4795.41,14146.42,0,5,19,0
11978.01,12426.34,0,5,13,0
18298.77,15685.22,1,4,4,1
10429.41,9915.27,0,3,20,0
10022.41,14706.22,0,4,12,0
722.32,2668.72,0,1,18,0
1425.3,1537.27,0,1,20,0
5786.82,16664.09,1,5,21,0
10426.88,14486.74,0,1,8,0
9033.79,6692.55,0,3,3,0
3446.71,3348.43,1,4,20,0
23443.58,17510.55,0,4,23,0
12018.39,8495.31,0,4,22,0
6769.14,4140.98,0,7,1,1
15545.41,15195.32,1,7,16,0
10933.09,10790.69,1,5,9,0
22568.2,16293.77,0,2,5,0
18740.9,14802.64,0,5,9,0
20527.25,8470.97,0,2,22,0
8541.64,17904.46,1,1,10,0
13160.55,15935.04,1,1,23,0
3214.22,16305.49,0,1,16,0
3318.98,16594.9,0,6,6,0
26953.19,16512.85,1,1,7,0
16488.88,15084.52,0,5,12,0
2138.0,7982.55,1,6,21,0
25011.59,13984.72,0,4,11,0
10994.91,6282.26,0,5,22,0
10432.74,12766.79,0,2,21,0
87897.91,5888.17,0,2,6,1
5285.94,4645.61,1,2,16,0
9260.97,11538.88,1,12,13,0
11994.91,6965.64,1,2,18,0
15933.82,17118.02,0,4,17,0
7893.31,5645.85,1,5,16,0
67468.63,17205.24,0,7,7,0
11204.63,11520.99,0,9,20,0
2526.03,2194.1,0,2,20,0
14212.4,16227.67,1,5,22,0
14751.39,16664.94,0,2,12,0
2811.21,14056.04,0,6,11,0
70469.04,12442.51,0,2,4,0
18053.28,13869.78,0,3,10,0
10279.52,7545.7,0,2,4,0
12737.77,14766.56,0,7,14,0
16094.67,14448.6,0,2,9,0
52379.22,10578.95,0,5,20,0
40381.68,17578.82,1,3,9,0
5461.26,11206.31,1,3,7,0
46853.07,12370.96,0,4,22,0
9356.11,8945.05,0,9,12,0
5072.72,4936.54,0,5,16,0
3894.08,13160.21,0,5,1,0
8354.7,9438.53,0,4,5,0
16218.6,12317.2,0,4,18,0
7742.18,8406.67,1,4,4,0
17637.15,8663.45,0,3,7,0
13804.06,13478.37,0,3,11,0
13224.35,5371.32,1,1,21,0
2749.61,2127.81,0,15,2,0
4167.6,3589.91,1,3,22,0
7819.63,7920.1,0,8,22,0
99068.28,6976.25,0,2,14,0
2870.0,1925.98,0,2,7,0
3500.31,5705.86,0,3,20,0
3386.98,2587.7,0,1,10,0
16296.63,17364.49,0,3,3,0
17665.63,11999.13,1,6,17,1
9923.59,12125.31,1,1,12,0
6575.01,2060.0,0,6,20,0
3030.58,8226.96,0,4,8,0
3110.86,2738.42,0,4,9,0
31630.42,8459.14,1,1,9,0
19831.48,17809.38,0,2,15,0
4823.52,3810.91,0,6,0,0
5411.78,17216.62,0,4,5,0
4157.3,14021.26,0,2,16,0
16101.13,17551.79,0,5,16,0
35047.94,17131.83,0,5,17,1
17321.57,16102.01,0,2,22,0
10582.04,9716.97,0,5,15,0
9318.12,14686.21,1,4,12,1
3396.64,3307.16,0,9,15,0
36460.88,7513.84,0,1,2,0
13898.8,11761.77,0,3,0,0
14638.02,16487.7,0,1,17,0
19184.43,14677.09,0,3,21,0
5146.84,4304.27,0,3,11,0
4581.53,5342.06,0,7,21,0
5878.67,8135.79,0,5,8,0
6860.61,4272.01,0,1,12,0
12622.23,15815.1,1,4,13,0
1871.56,3760.26,0,1,15,0
6584.93,4697.58,0,2,23,0
7307.35,6373.42,0,4,10,0
6428.56,9981.49,0,9,13,0
7310.65,17015.8,0,6,21,0
3175.46,10305.05,0,5,20,0
9126.78,12812.27,1,2,16,0
9219.58,7611.09,0,5,12,0
17133.86,5765.14,1,4,18,1
1313.77,6333.44,0,3,20,0
12205.44,13677.14,1,14,3,0
1286.09,17336.28,0,2,16,0
12793.07,14353.44,0,2,10,0
2872.14,12064.78,0,4,16,0
12145.0,8807.63,0,2,16,0
1751.49,6067.08,0,3,0,0
16794.56,14858.06,1,2,14,0
7279.19,13507.96,0,2,9,0
1181.78,14812.77,1,8,8,1
3540.49,10123.44,1,1,2,0
8953.38,13329.29,0,2,22,0
81966.02,7263.53,0,5,13,0
53826.81,4654.56,0,3,11,1
100751.16,17934.26,0,1,2,0
16855.95,13150.96,0,3,8,0
12698.6,4449.92,1,1,15,0
15156.06,9888.66,1,2,4,0
9381.63,8375.62,0,5,19,0
43189.0,5405.29,0,2,13,0
13904.44,15522.67,1,1,7,0
871.11,2371.3,0,2,21,0
19367.61,14428.26,0,3,22,0
1113.5,8784.41,0,4,15,0
108623.7,7669.8,0,10,10,0
3022.64,2902.1,1,5,17,0
4140.15,6661.2,0,4,9,0
818.44,3714.39,1,4,1,0
2374.56,8552.51,0,2,21,0
12330.99,12334.41,0,1,15,0
4453.48,3085.57,1,2,8,0
16885.27,15711.32,1,8,4,0
14304.08,10819.9,0,6,13,0
7369.44,10760.18,1,2,20,0
132346.54,9096.53,1,3,20,1
5209.79,7816.61,0,3,21,0
5891.5,8932.36,0,1,16,0
1483.4,2163.83,1,1,8,0
18904.39,14910.32,0,1,7,0
2158.93,1954.54,0,3,10,0
14278.68,12453.8,1,2,1,0
2853.98,7974.32,1,8,18,0
14111.5,13139.42,0,4,8,0
40129.12,14986.93,1,3,5,0
25558.48,7224.71,0,10,1,0
23753.21,7919.0,1,7,8,0
2119.84,13341.05,0,10,22,0
6565.17,16507.78,0,9,13,0
5062.45,12899.63,0,4,13,0
8008.42,10937.35,0,8,22,0
2820.64,2307.9,0,1,12,0
5810.02,10160.17,0,4,3,0
18721.83,7060.28,0,5,14,0
4839.9,14814.23,1,2,22,0
1920.47,1683.44,0,2,21,0
3658.87,2607.75,0,2,19,0
4230.54,7138.12,0,2,18,0
37190.28,12057.42,0,2,4,0
128536.79,14917.13,0,4,18,0
9011.72,8622.74,0,4,21,0
5419.05,5809.34,1,1,18,0
47248.8,16016.23,0,3,20,0
15841.37,16625.22,0,5,21,0
14476.8,10954.93,1,7,3,1
8209.3,10333.23,0,5,19,0
11128.57,15501.74,0,2,6,0
6355.5,17969.52,0,10,8,0
609.88,3709.61,1,4,22,0
8575.49,9476.88,0,4,7,0
30646.75,9170.88,0,2,22,1
10135.12,15576.21,1,5,3,0
7104.19,8286.13,0,1,7,0
931.02,2824.63,0,2,1,0
4745.02,5232.23,0,4,12,0
17568.48,12204.79,0,2,8,0
3758.61,15516.12,0,5,15,0
2185.79,1901.9,0,1,15,0
68814.97,12043.73,0,3,7,0
18616.78,12482.19,0,3,22,0
11476.44,9919.39,1,6,17,1
1331.67,11949.23,0,6,10,0
23581.51,16005.1,0,2,17,0
266.15,3847.11,0,6,13,0
12901.35,12210.1,1,12,4,1
16684.1,15469.13,0,4,23,0
13671.9,15248.45,0,2,17,0
121386.4,15413.7,0,3,20,0
11394.28,11212.77,1,2,0,0
418.16,3751.61,1,1,22,1
10437.01,12613.11,0,10,13,0
4832.99,15162.77,1,8,22,1
4423.79,13636.83,0,4,8,0
4716.01,6140.36,0,1,21,0
6880.51,4241.81,0,6,15,0
5733.18,6718.54,1,4,9,0
11324.95,9513.93,0,7,19,0
1489.78,6498.92,0,1,19,0
18079.29,12650.1,0,2,0,0
3803.72,10126.58,0,8,13,0
3006.29,10560.88,1,10,22,0
507.98,2605.14,0,8,17,0
11398.94,16377.09,0,2,0,0
94975.92,6575.24,0,2,19,0
106488.58,16286.65,0,2,17,0
4638.76,6466.78,1,3,21,1
81309.07,6243.35,1,5,20,1
7321.38,7071.28,0,6,19,0
27716.0,10266.33,1,12,19,1
2126.52,11302.58,0,3,5,0
18734.14,15528.04,0,3,6,0
42517.94,4399.17,0,4,13,1
6225.25,5191.22,0,5,2,0
7060.24,6929.74,0,5,11,0
176298.73,12031.74,0,3,19,0
11675.09,9070.93,0,2,15,0
24101.9,4187.38,0,3,11,0
16762.82,2538.35,0,1,15,0
16276.46,16725.2,1,1,9,0
113434.3,9171.62,0,3,10,1
26310.63,13116.53,1,1,21,0
974.58,3709.17,1,3,18,0
12868.39,11295.75,0,3,7,0
40509.83,9800.26,1,2,16,0
70663.62,16972.56,0,15,15,1
772.89,3864.43,0,4,17,0
23375.1,14260.76,0,3,16,0
5646.84,4635.75,0,3,19,0
1681.45,2041.36,1,5,17,0
5127.23,5047.86,0,4,9,0
6774.43,6585.69,0,14,14,0
22061.17,15867.58,0,3,6,0
7752.37,8192.51,0,2,9,0
2599.72,10280.1,0,2,7,0
3394.46,4295.77,0,2,15,0
12202.56,3233.03,0,1,10,0
21648.89,16503.47,0,2,14,0
1177.93,12602.08,0,6,8,0
968.98,4844.91,1,3,9,0
15991.76,14901.14,0,3,0,0
7593.38,7720.4,0,2,16,0
10441.67,5614.9,0,6,19,0
6261.49,7522.96,0,3,6,0
211411.54,17845.31,0,6,8,1
2143.1,6536.07,1,4,7,0
49578.95,10374.2,0,2,5,0
2795.95,16816.12,0,2,19,0
25360.12,17554.09,1,3,17,0
3065.97,2807.12,0,3,14,0
743.01,6683.22,1,7,7,0
3226.87,11108.47,0,2,8,0
1615.2,8075.99,0,4,3,0
5883.14,17412.06,0,3,10,0
2662.83,2860.06,0,3,20,0
4144.33,3582.07,1,1,9,0
2341.14,3615.96,1,4,10,0
9147.98,12170.25,0,3,19,0
3684.79,13223.79,0,2,5,0
11369.59,10364.81,0,9,22,0
16733.37,17232.14,1,5,0,0
206115.47,13874.73,0,3,9,1
6852.17,8946.43,0,3,12,0
22742.35,15012.02,0,3,18,0
13312.12,16620.38,0,1,14,0
7750.37,11793.77,1,2,20,0
41948.62,7992.04,0,3,12,0
14677.72,12091.78,1,3,7,0
5391.59,6473.0,0,3,10,0
16728.79,15115.03,0,4,10,0
6044.96,9150.65,0,5,9,0
5537.94,14877.63,0,4,7,0
6725.94,7762.59,0,3,8,0
96786.7,15506.31,0,5,18,1
21616.68,13661.58,0,2,2,0
18771.01,4720.56,1,3,21,0
7861.1,12482.85,0,2,22,0
6814.25,6505.07,0,5,20,0
23373.11,15185.57,0,10,19,1
3888.33,2820.81,0,7,10,0
10735.05,5293.14,0,3,15,0
4671.04,5405.5,1,4,5,1
17967.32,7309.75,0,2,10,0
3739.41,9200.9,0,9,10,0
47667.21,12809.56,0,14,13,0
13123.69,12397.61,1,2,11,0
4048.74,13580.63,1,3,8,0
211731.57,14874.25,0,2,11,1
1355.13,2095.03,0,3,8,0
15729.3,12849.31,1,3,2,0
21988.28,2447.09,0,7,13,1
9659.05,11651.86,0,2,18,0
11651.8,17692.64,0,5,3,0
17628.34,6797.53,1,10,20,1
11795.75,9824.76,0,4,6,0
10359.85,12317.07,1,2,10,0
4832.69,9591.57,0,3,23,0
41855.67,17893.12,0,3,21,0
24136.34,17824.09,1,10,3,0
6925.88,6842.32,1,2,20,0
24597.09,16225.99,0,2,9,0
48528.2,16739.42,0,3,12,0
16960.02,3915.43,0,4,13,0
7284.44,10575.62,0,4,14,0
2579.26,13439.58,0,10,15,0
8816.8,9026.75,0,4,17,0
2699.95,7153.07,1,7,0,0
17846.43,17314.88,0,1,23,0
1037.34,4344.06,0,3,19,0
2687.35,7160.08,1,5,19,0
538.92,1677.01,1,4,13,0
49631.31,10760.09,0,7,11,0
15176.04,11908.73,0,3,16,0
9242.53,9007.03,1,2,4,0
2397.99,1941.34,1,1,8,0
3238.39,3367.12,0,6,18,0
1771.67,3681.45,0,3,7,0
17096.56,15930.53,0,6,16,0
11669.77,10673.52,1,5,17,0
17926.28,8503.91,0,4,9,0
9430.31,17070.93,0,5,11,0
11993.9,12389.77,1,2,20,0
2716.09,4094.8,0,4,3,0
7729.41,15358.27,0,2,8,0
11730.99,16482.13,1,3,6,0
926.8,1681.78,0,9,12,0
17139.98,16054.73,0,3,19,0
912.94,13360.23,0,2,5,0
12732.81,13509.41,0,4,20,0
228241.54,17759.45,0,2,15,1
4333.87,4451.41,1,3,13,0
1721.16,1937.79,0,8,9,0
7714.27,3919.28,1,10,14,0
7425.37,6587.03,0,4,21,0
19551.87,5178.9,0,3,11,0
4028.28,3474.61,0,2,9,0
90061.1,7262.95,0,7,9,0
4555.05,4666.26,0,3,12,0
3108.56,11663.07,0,2,4,0
12094.54,12512.05,0,4,0,0
13034.77,11673.53,0,4,15,0
2355.52,4004.73,1,2,12,0
1678.77,1566.05,1,3,23,1
2695.68,3751.62,0,11,6,0
6005.19,7095.27,0,4,0,0
1871.34,12423.82,1,7,19,0
3864.76,3966.94,0,2,7,0
7749.1,5903.99,0,1,10,0
79238.95,8878.78,0,12,20,0
4880.7,5954.81,0,1,19,0
10046.66,15185.57,0,10,23,0
8296.58,11175.63,0,13,13,0
19449.31,15406.78,1,5,0,1
9962.57,9958.21,1,11,12,0
5989.58,8812.29,1,14,19,0
3157.12,4863.7,0,2,21,0
62175.17,8127.28,0,3,8,1
5719.97,16934.52,0,4,15,0
14657.55,10794.72,0,3,22,0
23410.06,15168.65,0,1,4,0
19192.05,16811.52,0,4,22,0
1534.33,12751.28,0,6,10,0
828.45,7515.02,0,6,20,0
2175.93,13090.42,1,5,17,0
6630.91,10252.84,0,7,11,0
25169.55,15351.27,0,2,10,0
13136.8,12399.63,1,5,13,0
10973.74,12850.13,0,3,12,0
9206.33,12893.47,1,3,6,0
1213.34,11829.34,1,3,5,0
48819.89,3286.12,0,2,23,0
8320.0,17370.24,0,3,7,0
3783.44,4124.68,0,4,23,0
1470.15,4234.92,0,3,11,0
8950.0,7450.85,1,6,4,0
31524.19,3461.71,0,5,14,0
1319.34,6645.06,1,3,22,0
7111.44,16294.01,1,3,17,1
3533.24,3460.47,0,5,11,0
4205.73,10316.72,0,3,23,0
13494.58,11960.59,0,2,9,0
3515.12,3176.65,0,2,15,0
8303.85,7560.31,0,2,6,0
3626.96,15432.74,1,4,10,0
13126.25,9153.83,0,1,7,0
351.6,3461.16,0,4,20,0
21821.71,3122.6,0,2,23,0
20633.3,14747.85,0,3,1,0
17983.81,13329.82,0,5,13,0
368.67,4086.6,0,3,8,0
3865.08,3069.43,0,1,11,0
1427.77,2153.85,0,2,15,0
10215.75,12269.33,0,2,15,0
5972.21,4816.01,0,9,15,0
3320.9,3047.83,0,4,22,0
6875.94,5458.81,0,4,5,0
708.5,3542.49,0,4,20,0
21797.99,17984.48,1,3,14,0
215340.58,14627.47,0,4,0,1
2709.97,2886.09,0,2,12,0
13123.88,12061.2,0,1,15,0
2381.25,5963.57,0,2,8,0
32352.9,17598.68,1,2,3,1
20375.1,14822.88,1,3,13,0
2936.34,12289.15,0,1,15,0
4987.34,3969.87,1,12,9,0
3327.34,12342.35,0,3,8,0
12697.17,12241.83,0,2,21,0
6386.09,15364.38,0,2,20,0
1672.6,2322.42,0,6,8,0
10645.43,10165.22,1,7,11,0
4263.03,6999.59,1,1,19,0
22011.1,16693.55,0,2,2,0
2156.52,1898.32,0,3,6,0
3353.91,7242.26,0,5,15,0
18658.13,17322.88,0,1,5,0
1417.96,1956.46,1,3,9,0
155813.28,17129.97,0,3,3,1
2321.34,11606.71,1,3,9,0
8540.56,10464.6,0,6,7,0
22166.48,16020.92,0,3,20,0
167998.51,15025.85,1,2,8,1
22215.0,10755.34,1,2,12,0
12296.81,12356.08,0,6,2,0
8661.98,14050.35,0,6,12,0
20366.78,13205.79,0,3,23,0
39624.73,14510.91,1,13,12,0
5936.93,6302.33,0,1,19,0
3757.95,2564.7,0,2,16,0
817.37,3349.64,0,2,22,0
7456.5,5885.86,0,5,14,0
5591.95,17914.26,0,3,10,0
9863.28,7109.57,0,6,3,1
13441.62,15446.12,0,5,14,0
7290.12,4442.28,1,3,18,0
15576.82,13164.78,0,10,9,0
7500.04,2400.72,0,4,2,0
55007.14,14519.38,1,4,22,1
55170.4,12283.17,0,4,16,0
4552.61,5311.79,0,2,20,0
2542.52,5557.59,0,3,20,0
11775.52,9234.53,1,2,17,0
7721.13,6745.5,1,2,11,0
1053.91,1927.78,0,7,8,0
2993.39,8316.88,0,11,14,0
12349.34,9407.02,1,9,20,0
7977.93,5318.71,1,4,2,1
13158.89,16185.24,0,3,8,0
5818.84,11295.68,1,6,7,0
17705.13,13285.94,1,4,13,0
2528.87,3271.54,0,2,19,0
23253.75,10315.72,0,4,16,0
547.84,1513.61,1,2,13,0
6321.88,8617.92,1,2,2,0
5190.75,7521.14,1,1,19,0
25847.17,17020.08,1,4,12,1
8894.59,14687.07,1,2,18,0
512.31,1684.58,1,8,16,0
1742.32,3168.25,0,3,8,0
72052.76,15318.35,1,2,14,0
98460.77,10317.15,0,3,8,0
20040.04,15151.0,0,5,11,0
5742.26,4953.97,1,1,16,0
20191.69,4094.46,1,3,11,0
13627.16,16892.18,1,5,14,0
12000.63,10146.15,0,4,11,0
10413.94,14259.45,1,2,0,0
3061.01,15395.55,1,9,11,0
20563.03,16511.66,0,1,4,0
4880.5,14645.18,0,2,5,0
300.12,2082.19,0,6,14,0
1885.68,2423.02,0,3,22,0
10771.47,15896.77,1,7,20,0
71322.21,16521.8,0,3,7,0
398.28,2505.81,1,14,7,0
71391.35,17339.05,1,4,17,0
12655.3,11922.53,1,6,10,0
16798.29,12529.32,0,15,3,0
92087.04,16614.43,0,4,15,0
9763.31,14955.8,0,3,8,0
7050.74,6472.15,0,5,1,0
6229.53,7267.8,1,2,13,0
11557.01,10048.08,0,1,8,0
9161.46,9510.77,0,9,22,0
3406.88,13144.68,0,2,6,0
6829.56,11801.98,0,8,9,0
5352.14,7824.78,0,8,11,0
19572.81,14309.9,0,4,18,0
12047.16,15618.1,1,2,7,0
15944.79,17227.71,1,2,5,0
11200.15,9802.45,1,2,16,0
3824.95,12966.27,0,13,7,0
227904.85,16483.09,0,6,8,0
42681.81,17739.83,0,2,10,0
27542.53,6565.92,1,2,9,0
21577.69,15776.47,0,2,15,0
14410.53,15125.2,1,7,10,0
15137.07,11524.44,0,2,15,0
9108.28,6719.96,0,2,18,0
44118.77,16621.15,0,4,14,0
562.55,8890.39,0,2,1,0
2235.96,12908.39,0,3,17,0
2355.42,9417.43,0,3,10,0
3816.39,5063.66,1,3,18,0
7217.92,8950.03,0,1,8,0
6058.84,14866.18,0,7,0,1
51524.0,13685.77,0,8,14,0
9079.4,2651.8,0,2,12,0
1901.84,6038.12,1,2,2,0
14038.33,9377.57,0,6,5,0
2552.84,4385.2,0,1,19,0
11301.43,11076.91,0,1,15,0
83048.66,12896.12,0,5,22,0
992.3,2831.23,1,2,14,0
2402.28,2470.03,0,1,10,0
24995.38,10770.01,1,6,12,0
2664.82,7360.22,0,10,12,0
9806.83,8475.56,1,5,6,1
19643.1,14230.29,0,2,13,0
22990.24,4033.11,0,7,7,0
14608.15,9838.11,0,3,12,0
11179.52,12154.32,0,7,12,0
11325.89,13733.87,0,2,23,0
5352.06,5881.82,0,3,15,0
5536.68,5116.37,0,2,22,0
4356.02,4828.09,1,2,15,1
5410.87,5952.95,0,1,20,0
16567.67,16125.61,1,7,8,0
9112.49,15597.48,1,3,9,0
6988.07,10882.89,1,4,22,0
20016.99,17264.48,0,7,7,0
13702.59,15467.9,0,1,19,0
8007.01,5997.68,1,2,15,0
2920.24,2313.22,1,2,19,0
5029.81,7165.62,0,6,21,0
5586.97,16547.89,1,5,21,0
2220.62,3030.96,0,2,13,0
20858.42,17507.25,0,7,1,0
12165.01,12312.56,0,2,12,0
24851.08,7170.87,1,8,22,0
914.64,9237.43,0,2,12,0
377.59,3132.25,0,2,15,0
3682.7,2495.46,0,7,19,0
17105.15,16481.03,0,5,22,0
533.36,2293.53,0,2,17,0
23214.91,16823.66,0,3,9,0
207812.25,16051.47,0,4,15,0
17472.6,15351.32,0,5,12,0
18015.33,17868.69,0,2,20,0
2226.36,2340.85,1,4,10,0
123254.05,14055.72,0,4,2,0
8081.1,2807.35,0,2,3,0
13925.84,12122.01,0,4,11,0
9940.65,11064.47,0,8,19,0
18256.47,17744.66,0,2,23,0
7682.51,13465.52,0,4,10,0
18962.14,15005.23,0,2,2,0
10109.14,2498.72,0,6,17,0
27929.12,2026.84,0,1,7,0
15128.55,7867.7,0,1,14,0
21267.36,16212.67,0,5,15,0
34196.17,9818.95,0,4,17,1
356.97,5069.87,1,9,21,0
1933.57,16421.13,0,3,22,0
7193.57,4741.17,0,4,6,1
98118.11,8117.75,1,6,6,1
10925.11,10221.93,0,12,15,0
4653.45,13962.95,0,5,4,0
11620.59,10092.72,1,4,9,0
4184.33,3301.71,0,6,3,0
491.58,1557.45,0,4,11,0
3701.24,3362.55,1,12,5,1
75915.9,6615.76,0,7,16,0
7304.66,9804.37,1,3,22,0
2216.21,2251.45,1,2,14,0
50665.02,10726.92,0,3,18,0
13828.04,11596.26,0,1,15,0
2430.49,8178.26,0,2,22,0
42169.81,14777.67,1,4,7,0
9184.33,10159.12,1,8,14,0
7530.32,5605.91,0,8,1,0
18226.11,13891.64,0,5,12,0
2388.4,1555.39,0,13,8,0
1627.13,2382.94,0,4,20,0
17444.98,17761.41,0,4,2,0
12028.41,10823.32,1,1,11,0
7489.03,6753.59,1,14,16,0
2254.72,1932.32,0,5,12,0
8868.94,12142.35,0,2,8,0
13267.68,14416.79,0,2,6,0
10101.2,11533.01,0,4,16,0
5100.99,5009.63,0,12,17,0
8742.24,16868.68,0,8,13,0
10746.23,8655.24,0,3,13,0
4294.13,3970.41,1,2,7,0
3687.27,4354.41,0,2,5,0
12611.62,11971.38,1,3,12,0
2914.81,10349.28,1,2,5,0
18528.24,12461.36,0,8,12,0
6812.03,14300.68,0,3,12,0
84406.49,17133.32,0,1,3,0
17746.08,16466.92,1,15,9,0
12892.0,3479.46,0,5,19,0
22942.06,17051.33,0,1,12,0
16671.92,16262.35,0,1,16,0
1093.73,3745.19,0,7,8,0
12570.67,10506.18,0,3,11,0
13525.16,11828.52,0,5,19,0
14712.53,13922.62,0,1,20,0
2054.78,2339.78,1,1,8,0
20204.85,11147.66,0,1,22,0
53483.89,16768.97,1,1,21,0
3525.11,3337.82,1,3,21,0
4692.81,5617.69,1,4,15,0
3772.76,4516.34,1,8,1,1
14553.21,17676.3,1,9,6,1
1301.58,8756.85,0,8,6,0
55406.62,4596.65,0,2,9,0
3403.68,11785.44,0,2,18,0
7280.43,6636.11,0,2,15,0
670.16,3646.37,0,2,17,0
17310.93,16343.41,0,4,22,0
751.14,2064.01,0,2,15,0
1571.02,10419.44,0,7,16,0
6871.4,6465.65,0,1,9,0
49598.8,17146.55,0,2,7,0
5297.41,9567.91,0,4,15,0
927.26,3859.62,0,1,9,0
827.54,4730.23,0,3,11,0
2202.72,6018.02,0,4,21,0
9174.48,7623.92,1,5,11,1
5839.81,7281.21,1,2,20,0
13273.56,12374.48,0,3,15,0
7605.33,2409.52,0,9,7,0
1215.53,2922.84,0,3,10,0
15595.1,16075.79,0,2,7,0
2623.44,3113.26,0,3,5,0
22317.17,6300.96,1,2,7,0
2876.75,16496.42,0,3,13,0
992.37,1674.18,0,1,7,0
2672.53,3043.85,1,3,17,0
10375.68,8780.18,0,5,1,0
171769.84,11979.37,0,4,11,1
5397.13,5780.76,1,2,17,0
10763.25,16029.61,1,5,18,0
39746.78,11374.75,1,7,10,1
8620.77,13519.95,0,2,9,0
228360.44,16027.08,1,2,0,1
13484.39,14687.37,0,3,14,0
3234.0,1646.52,1,5,13,0
8481.44,8098.49,0,2,23,0
7849.06,11136.26,1,4,8,0
17503.19,15885.94,0,1,1,0
9833.84,9167.33,0,3,22,0
4694.01,8973.28,1,4,12,0
15935.47,16482.69,1,11,17,1
2842.15,1929.29,0,2,16,0
3804.54,9919.74,1,6,17,0
15420.18,16695.88,0,2,9,0
30781.1,13374.19,0,1,10,0
22888.02,14104.49,0,8,22,0
5251.51,4487.11,0,3,9,0
9433.62,9865.48,1,1,7,0
28033.31,13903.48,0,10,0,0
2581.0,4832.65,0,3,18,0
5054.02,8614.89,1,3,14,0
6817.57,6649.7,0,1,8,0
13095.4,17556.91,0,5,16,0
12616.5,10556.65,1,8,16,0
113807.09,12761.07,0,9,14,0
4030.79,8237.33,0,11,20,0
138837.83,10761.69,0,2,19,0
22169.32,5189.24,0,2,20,0
7479.1,13978.85,0,5,12,0
4669.38,13134.58,1,2,9,0
259269.2,17488.37,1,3,14,1
4589.72,13989.17,0,5,15,0
4477.07,13083.04,0,4,21,0
30899.11,2450.79,1,4,13,1
1076.46,3462.02,1,1,20,0
5525.5,2832.13,1,5,21,0
2647.15,4749.95,0,15,13,0
13925.39,14595.76,1,2,5,0
968.52,2576.06,1,5,13,0
8961.54,11468.86,0,2,6,0
26727.45,10462.61,0,9,19,1
5098.32,3995.34,0,3,20,0
8328.71,13474.88,0,3,3,0
4144.27,4400.96,1,7,20,0
19030.57,15794.99,0,2,12,0
4858.31,17032.55,1,3,0,0
4228.98,7540.74,0,10,8,0
11943.42,9922.75,1,3,8,0
3727.42,6791.22,0,2,17,0
8150.56,6013.56,0,2,2,0
5516.44,5036.39,0,5,1,0
15636.46,4773.32,0,4,21,0
2853.03,16057.16,0,3,21,0
21132.15,16305.18,0,2,8,0
41215.0,15568.22,0,5,11,0
1074.25,6045.93,0,2,18,0
17268.37,11507.35,0,5,11,0
15400.88,17858.07,0,12,13,0
9703.59,9621.98,1,2,21,0
5813.81,5536.35,0,5,18,0
1661.16,4422.7,0,11,10,0
39545.17,11856.71,1,6,9,1
3256.29,12487.59,0,2,23,0
103278.06,9802.12,0,2,21,0
5000.72,6654.1,0,3,18,0
10887.85,9943.09,1,4,5,0
5561.35,2575.54,1,3,17,0
16828.86,16245.56,0,2,15,0
5474.76,4111.93,0,3,20,0
2343.13,3010.72,1,3,7,0
45121.89,12334.26,0,1,14,0
67289.91,16147.23,0,2,17,0
19974.42,16809.33,1,3,13,0
6110.44,6910.04,0,3,8,0
8656.03,14253.37,0,9,0,0
3175.85,16630.11,0,2,10,0
4959.12,5564.81,0,4,16,0
6652.23,7814.72,0,2,2,0
9920.61,14492.63,1,1,21,0
3251.88,2762.09,1,7,19,0
9127.03,8897.98,1,3,19,0
5410.31,11422.65,1,5,21,0
16460.83,13932.76,0,1,22,0
5268.28,4866.22,0,2,15,0
4393.63,6449.45,0,7,18,0
2713.41,13567.07,0,2,6,0
698.53,4966.14,0,3,12,0
2275.54,7823.13,0,2,0,0
57680.27,13785.57,1,2,8,0
5675.12,7215.4,0,4,15,0
9280.1,8001.47,0,9,9,0
7927.36,9999.7,0,4,20,0
6211.71,6292.76,0,10,9,0
154812.8,11146.54,1,2,8,0
12729.31,14402.1,1,10,15,0
19539.61,14200.94,0,1,8,0
1130.92,2771.57,0,3,21,0
11894.19,7012.84,0,5,16,0
21875.94,13136.99,0,4,16,0
102480.33,8171.15,0,2,22,0
24357.74,17667.59,0,2,19,0
10585.12,9777.67,0,13,4,0
4164.06,12985.92,1,2,9,0
1945.02,4515.01,1,11,9,0
153182.89,12652.51,0,2,5,0
2942.63,6806.14,0,2,10,0
6312.39,7410.63,0,7,18,0
4171.17,14849.26,0,3,18,0
4116.61,10490.03,0,1,9,0
2457.79,3911.11,0,9,18,0
502.07,9136.19,0,1,15,0
8983.36,6335.12,0,4,22,0
61550.05,17931.37,0,3,7,0
3417.83,3118.32,0,13,20,0
17097.91,17239.95,0,5,9,0
51806.12,11165.23,1,5,20,1
16679.87,4481.65,0,11,19,0
11480.12,12208.49,0,3,21,0
4609.2,5183.53,0,1,8,0
11641.0,11783.94,0,3,9,0
19893.27,10588.72,0,2,19,0
2108.16,13022.98,0,6,21,0
18701.52,8125.08,0,3,11,0
3927.12,15458.61,1,4,18,0
14132.65,9775.43,0,2,9,0
4085.84,12552.81,0,7,23,0
934.64,4673.18,1,3,3,0
9489.28,9467.98,1,1,15,0
6932.14,13833.85,1,4,13,0
4193.46,17132.23,0,2,10,0
3461.42,2521.99,0,7,23,1
4909.49,5179.74,0,3,18,0
24447.47,17971.22,0,4,19,0
10122.38,2127.33,0,3,7,1
11047.58,10398.05,0,2,16,0
8954.23,15518.16,0,14,11,0
8333.6,8750.19,0,9,22,0
4962.01,4661.45,0,3,0,0
10603.18,6950.25,0,3,10,0
11626.88,11635.65,0,2,19,0
14274.76,17688.35,0,12,15,0
47130.76,5434.93,1,1,9,1
345.64,5498.24,0,2,16,0
46552.04,17855.54,0,4,14,0
4912.04,4280.13,1,5,12,0
2646.16,8392.76,0,7,19,0
42262.81,9690.72,1,2,7,0
8374.92,5763.74,0,6,19,0
2691.86,12335.23,0,2,15,0
42066.33,15739.76,1,1,4,1
2750.57,2581.21,0,7,17,0
17324.41,13645.81,0,4,20,0
11084.86,10560.82,0,5,13,0
57401.45,13942.49,1,14,13,1
6726.95,6778.11,0,4,7,0
1768.68,5290.57,1,4,9,0
17756.63,14355.47,1,2,18,0
20037.26,17211.18,1,2,23,0
10086.51,13177.71,0,5,0,0
26531.61,8597.88,1,3,14,1
19049.85,12383.24,0,2,2,0
46830.57,15151.98,0,5,22,0
4414.91,14455.9,1,1,11,0
8629.91,6430.26,0,3,14,0
39453.14,6280.78,0,11,8,0
17207.99,17465.28,1,2,19,0
166380.72,14775.73,1,7,18,1
135355.19,9711.19,0,3,11,0
13277.4,15280.16,0,3,5,0
5959.46,3253.11,1,2,3,0
6571.69,7202.1,0,2,18,0
6720.16,9251.68,0,7,19,0
1794.11,2096.68,1,4,14,0
13463.22,10108.28,0,4,2,0
3257.28,3200.04,0,4,7,0
2483.36,9998.44,0,2,4,0
27731.1,17819.79,1,1,0,0
2447.14,2449.67,1,4,22,0
2061.37,3562.15,0,1,19,0
12707.38,12363.54,0,1,12,0
2764.24,2410.96,0,4,10,0
13476.2,10775.45,0,2,7,0
14715.76,12893.17,1,5,16,0
7954.69,7781.12,0,1,18,0
72064.76,17328.98,1,10,11,1
3717.44,3630.75,0,3,15,0
14670.04,11845.41,0,5,12,0
7799.44,11518.44,0,2,9,0
5623.33,15953.96,0,5,9,0
2300.46,7933.58,1,1,11,0
174898.56,11818.59,0,6,8,1
2104.09,7965.32,0,5,13,0
1297.65,1578.4,0,1,7,0
1940.22,2533.72,0,3,14,0
5423.18,4315.63,1,7,18,0
4687.64,12375.7,0,7,4,1
4599.82,13459.77,0,3,21,0
51305.95,14486.73,0,1,6,0
4932.63,3684.36,0,3,4,1
3932.96,2336.0,0,2,13,0
2824.72,2707.48,0,5,23,0
13732.7,13535.27,0,10,20,0
11101.57,15318.15,0,4,17,1
15641.83,17336.56,1,14,7,0
13393.01,11545.24,0,1,9,0
9681.91,7932.67,0,8,12,0
25893.13,16758.09,0,3,7,0
20345.3,7423.71,0,3,13,0
23803.6,9665.04,0,4,22,0
18054.52,15638.2,1,5,8,1
10792.6,13696.5,0,7,7,0
2519.67,6420.56,0,6,12,0
1326.17,3410.48,0,2,22,0
19992.72,13359.55,0,2,8,0
55904.6,15234.04,0,5,18,1
3114.26,5792.86,1,9,16,0
4255.38,12384.6,0,6,9,0
15555.23,16173.25,0,1,20,0
4622.12,8940.1,0,2,10,0
11338.77,8615.05,1,4,22,0
33888.46,9567.84,0,3,6,0
148347.95,13424.46,0,6,18,1
4804.79,5108.62,0,2,14,0
5839.36,15316.81,0,2,13,0
11033.32,13981.74,1,2,21,1
2205.47,3645.77,1,4,10,0
8009.53,7839.43,0,4,13,0
2785.97,17875.57,1,2,9,0
1382.08,2640.81,0,6,9,0
2634.05,2225.63,0,4,20,0
2422.58,6503.6,0,4,10,0
4812.25,8461.9,0,2,0,0
4723.07,17949.17,0,4,18,0
2127.52,2751.08,1,3,19,0
4323.42,2082.9,0,6,13,0
6815.28,5369.83,1,3,0,0
9538.28,8895.97,0,2,22,0
17434.77,15139.09,0,1,19,0
13219.97,15135.61,0,5,22,0
1634.51,6706.27,0,3,2,0
24960.51,2614.63,0,2,10,0
159661.03,17666.27,1,6,21,0
6335.08,5242.88,0,13,13,0
4710.95,13927.28,0,3,9,0
17750.71,12277.67,0,2,15,0
198586.51,15938.89,0,2,15,0
15307.76,14764.07,0,2,6,0
60049.6,8508.49,0,5,16,1
3957.3,7245.24,0,5,11,0
1382.61,7415.34,0,2,4,0
4331.48,4369.97,1,2,2,0
9668.34,8916.04,0,2,16,0
71491.05,6688.44,0,2,19,1
7654.36,13574.17,1,4,17,0
20537.24,15172.16,1,2,11,0
20316.81,2399.21,0,1,0,1
5021.18,6391.22,0,2,5,0
19073.38,16055.89,0,5,5,0
828.89,2380.8,0,12,8,0
8086.04,9753.42,0,5,23,0
8124.11,6789.64,1,2,4,1
6826.66,5419.34,0,2,9,0
1686.27,1521.28,0,8,11,0
12525.66,13772.94,0,10,9,0
5802.26,5976.02,1,4,0,1
162999.32,12737.85,0,2,12,0
10954.48,6996.05,0,7,20,0
16056.38,9139.75,1,4,7,0
3820.26,6561.77,0,13,11,0
18187.94,15995.85,0,2,23,0
10051.12,13660.86,0,4,5,0
1814.02,12781.26,1,2,0,0
14274.97,9337.46,1,2,8,0
5761.44,5128.06,0,1,22,0
24274.2,5610.54,1,4,10,0
2955.68,14741.37,0,9,17,0
6137.9,4377.86,0,7,9,0
18451.18,16414.42,0,3,23,0
8433.65,7967.18,0,2,22,0
3322.06,11735.9,1,4,2,0
3954.23,10011.68,0,2,9,0
23235.56,17369.96,0,14,4,1
10772.25,5703.02,0,2,17,0
5000.89,5789.33,1,7,1,0
1887.87,1849.07,0,2,23,0
7195.65,7345.81,0,5,22,0
2840.73,11057.79,0,10,22,0
17776.52,12381.21,1,1,18,0
12100.57,7270.59,0,3,20,0
5045.06,3938.43,0,6,14,0
11278.27,13541.38,0,1,15,0
12367.45,17124.12,1,4,8,0
4845.16,5541.37,0,1,13,0
4742.2,3544.2,0,11,13,0
2163.33,2411.96,0,4,11,0
47712.85,3210.4,0,5,21,0
17842.53,3579.82,0,3,2,0
24832.61,5258.6,0,2,10,0
20024.64,15466.9,1,5,17,1
124223.11,10816.72,0,3,11,0
3611.04,14626.17,0,2,22,0
8110.84,10830.19,0,7,1,0
925.99,3375.36,0,3,9,0
8525.09,15640.54,1,1,12,0
19337.12,11437.54,1,2,2,1
90702.44,11533.26,0,3,5,1
19363.17,17487.06,1,5,17,0
4964.41,14211.52,0,1,14,0
5169.17,10632.98,0,2,5,0
12221.27,5529.86,0,2,9,0
15646.98,14565.67,0,4,13,0
38047.35,9179.77,1,4,22,0
19381.28,14361.38,0,2,12,0
19939.98,11557.65,1,5,12,1
2850.27,2012.89,0,6,9,0
30875.93,15982.09,0,6,16,0
15322.23,17312.82,0,4,15,0
985.07,14416.54,0,2,19,0
3795.26,15055.66,0,2,21,0
2379.95,2434.73,0,1,21,0
2414.66,7811.53,0,2,7,0
11881.61,12431.74,0,3,23,0
225465.25,17800.99,1,3,22,0
149.46,1672.91,1,3,22,0
22190.9,14350.05,0,7,19,0
3708.08,9496.18,1,7,1,1
3566.21,11729.52,0,15,20,0
33472.75,8933.91,0,3,19,0
3035.45,1679.29,0,3,10,0
10756.4,10082.94,1,4,11,1
17489.59,16733.19,0,6,11,0
5194.3,5338.57,0,2,19,0
8199.94,15539.53,0,3,8,0
3993.44,4558.69,0,5,3,0
14676.44,15365.63,0,3,12,0
3320.39,14079.25,1,2,6,0
13687.82,10902.36,0,1,8,0
10271.8,8741.14,0,11,10,0
4425.48,11461.02,1,1,19,0
43285.19,16604.73,0,3,12,0
17439.85,17612.7,1,1,0,0
1247.03,6546.31,0,4,11,0
2807.89,3284.11,0,2,1,0
13268.03,11744.25,0,2,17,0
1017.46,4017.01,1,7,20,1
15026.77,11073.86,0,1,17,0
1356.48,9716.46,0,3,18,0
17283.18,12291.78,0,3,21,0
16148.69,13389.66,1,5,12,0
170534.39,13368.33,1,3,13,0
2076.34,8732.55,0,2,4,0
72189.94,11923.76,0,5,22,0
4809.13,7725.2,1,1,11,0
5681.95,6252.68,0,4,7,0
5318.16,4077.98,1,2,21,0
8316.2,8504.03,0,2,3,0
3314.03,2988.25,1,2,18,0
6182.06,5785.75,0,2,9,0
14389.6,12253.03,0,3,15,0
17528.56,14494.78,1,2,6,0
19882.45,16790.06,0,4,19,0
2821.94,1965.62,0,2,23,0
8764.85,12786.85,1,3,12,0
12817.28,12267.69,0,5,8,0
3775.12,6981.86,1,5,22,0
10365.22,11418.5,1,15,18,1
4888.57,2518.96,1,4,22,0
10177.32,15165.21,0,11,9,0
4042.11,6782.66,1,9,20,0
4187.04,5392.22,0,2,17,0
4838.13,15959.69,0,2,11,0
9100.1,2022.23,0,1,18,0
17165.44,17271.02,0,2,8,0
32580.83,9727.55,1,3,6,0
787.99,3226.15,0,3,9,0
6351.95,11321.06,0,5,6,0
16063.45,11194.07,0,4,5,0
14684.7,14041.13,0,3,0,0
16822.82,11445.95,0,12,22,0
2855.12,4378.94,1,4,20,0
15255.85,15753.68,0,4,5,0
5934.23,5963.83,0,2,13,0
11997.0,13205.03,1,4,14,0
7304.16,4266.91,0,4,15,0
15062.26,8761.46,0,2,23,0
11086.23,14743.66,0,2,21,0
13729.19,10615.21,0,1,2,0
25622.48,1768.54,0,7,21,0
11290.05,11334.81,1,5,21,1
3603.65,8146.85,0,4,4,0
13344.52,17959.36,1,1,17,0
2545.02,12476.03,0,3,3,0
24716.83,13504.69,0,2,7,0
19776.03,13516.93,0,4,14,0
33652.38,13019.39,1,2,17,0
903.6,11688.16,0,3,7,0
6927.27,7845.31,1,1,13,0
14130.44,17356.84,0,4,8,0
8216.29,4282.21,0,5,16,0
27928.23,12881.18,1,5,23,1
10764.11,15160.96,0,3,20,0
10021.78,7268.37,1,3,18,0
15901.27,4595.3,0,3,7,0
45033.95,12666.16,1,2,11,0
19962.13,16141.87,1,6,15,0
20344.34,12201.85,1,2,15,0
10505.77,2985.91,0,8,23,0
857.57,12370.86,0,2,3,0
1573.15,13547.7,0,3,19,0
2767.34,15734.99,0,2,4,0
5853.42,5574.0,1,1,0,0
2560.78,3778.73,1,4,10,0
2241.54,4824.03,0,1,22,0
11871.57,11008.69,0,4,0,0
9009.93,8776.81,0,14,2,1
1346.2,4913.06,0,13,14,0
3125.97,9210.01,0,2,21,0
9462.71,3800.06,0,4,8,0
150431.51,15543.67,1,8,19,1
22218.72,3262.2,0,3,7,0
7402.6,10267.16,1,2,11,0
10495.53,8403.43,1,4,3,0
4227.1,7184.33,0,4,17,0
10584.06,13753.64,0,1,11,0
3232.73,15006.09,1,15,23,1
5365.49,1604.36,0,5,13,0
10645.83,5016.5,0,1,8,0
8688.96,7114.96,0,9,23,0
218180.99,15200.72,1,5,20,1
9592.48,14669.78,0,6,10,0
132289.51,13308.63,1,14,20,1
1810.33,2276.98,0,3,4,0
11115.27,13663.0,1,3,22,0
5498.47,1507.42,1,2,1,1
6639.49,6046.23,0,4,14,0
18775.19,6148.97,0,3,18,0
20602.98,1655.69,1,2,19,1
6679.94,6336.53,0,2,0,0
25762.2,1728.49,0,1,13,0
10229.02,14923.19,1,7,14,0
31237.08,13432.15,1,4,17,0
9732.1,9551.08,0,5,8,0
15497.4,14236.77,0,5,20,0
27796.68,9645.59,1,1,19,1
4014.28,2428.77,1,3,21,0
3064.91,8124.46,1,6,12,0
14716.88,17318.67,0,1,19,0
4454.74,4339.03,0,4,8,0
12957.56,16360.65,0,4,14,0
15156.66,11093.22,0,3,18,0
19984.82,14733.43,0,4,3,0
1688.08,9399.35,0,4,16,0
203463.32,15273.71,0,3,20,1
511.74,2974.14,0,2,14,0
409.48,1643.28,1,2,5,0
960.01,4576.97,0,3,12,0
1424.37,4382.18,1,13,22,0
10185.63,9568.11,0,4,23,0
2538.25,12286.55,0,2,14,0
545.94,8730.93,0,6,2,0
6470.28,7725.15,0,3,6,0
5044.76,4029.19,1,4,1,1
2867.06,8901.19,0,2,19,0
15207.54,16302.31,0,3,14,0
2930.9,3513.79,0,4,14,0
12221.73,12419.03,0,5,3,0
19992.39,16283.61,0,2,10,0
1057.16,3732.15,1,2,15,0
2163.34,2795.99,1,1,18,0
1323.94,7481.56,1,3,19,0
3026.53,3801.9,1,3,19,0
143005.34,11252.87,0,11,11,1
135276.93,10641.32,0,4,10,0
4317.43,11287.13,1,4,15,1
4990.46,16619.74,0,2,12,0
17662.19,12666.78,1,6,22,0
14545.19,17130.78,0,10,13,0
16514.34,13738.17,0,6,6,0
10147.24,8972.36,0,1,9,0
84650.3,17506.91,0,4,10,0
21088.05,16572.35,1,4,22,0
36195.65,12917.29,1,5,19,1
3898.64,4748.69,1,4,17,0
53275.65,12015.62,0,6,14,0
3929.44,2522.69,0,7,7,0
11862.01,11755.5,0,6,21,0
25428.33,14215.75,1,2,7,0
7894.52,4145.15,1,3,5,1
53681.93,11499.26,0,4,19,0
12615.87,11368.32,0,3,9,0
22347.24,7028.27,0,10,21,0
5980.46,10933.51,0,4,18,0
9152.76,7052.97,1,1,12,0
80003.98,10089.25,1,2,10,0
9764.91,16124.52,0,1,18,0
7589.79,10593.2,0,6,20,0
14239.14,11196.14,1,7,15,0
19767.96,12262.25,1,3,9,0
7857.82,16354.16,0,2,22,0
3129.6,4867.72,1,7,12,0
3310.72,2252.08,1,3,17,0
12411.15,7664.63,1,2,16,0
4483.23,9164.46,0,2,21,0
9966.35,4534.92,0,2,8,0
15095.48,11535.66,0,3,20,0
909.23,8008.95,1,2,11,0
13460.86,16866.18,0,5,5,0
8409.34,6327.01,1,2,13,1
3869.18,13286.64,0,2,16,0
13445.06,17859.09,1,6,11,0
19366.04,5837.38,1,12,10,0
8113.61,15934.5,0,2,13,0
2616.36,3276.66,1,5,20,0
5394.17,7838.38,1,4,15,0
17539.21,14965.02,0,2,4,0
7923.71,12029.9,1,8,23,1
11253.36,6984.22,1,2,11,0
5576.47,4087.45,0,2,13,0
5747.06,16744.36,0,3,8,0
7313.96,9897.41,1,2,19,0
52204.29,13603.11,1,6,13,1
7928.29,2224.81,0,3,18,0
11175.13,12366.42,0,2,15,0
5464.49,17748.52,0,1,9,0
1525.13,7625.67,1,11,22,0
15796.68,16300.45,1,8,21,1
11260.35,13081.35,0,1,16,0
15549.74,15841.93,0,5,16,0
2954.02,16235.37,0,2,21,0
11772.41,17881.7,0,1,6,0
27588.82,16473.55,0,1,23,0
15460.28,10551.38,1,1,17,0
3046.46,15232.29,0,4,0,0
27353.05,3038.1,0,3,8,0
14451.55,6351.25,0,9,9,0
679.62,7068.42,0,4,21,0
14846.89,9645.0,1,3,20,0
6322.43,8049.75,0,13,3,0
2009.71,10458.54,0,1,12,0
4762.82,3865.15,1,3,1,0
83049.32,6422.0,1,2,11,1
58775.24,10358.02,1,3,8,0
434.76,1866.18,0,5,20,0
6626.9,8505.17,0,2,23,0
85252.33,7265.04,1,4,23,0
4803.95,4921.65,1,3,21,0
14326.37,15529.33,1,1,13,0
15227.57,11999.23,1,13,8,0
12029.76,15321.71,0,11,22,0
11138.83,16003.56,1,2,20,0
16322.93,11090.58,0,3,9,0
4689.32,9890.96,0,2,18,0
13414.32,13185.61,1,7,12,0
1545.59,4624.5,0,5,1,0
9102.31,7902.88,1,5,21,0
10965.35,11639.75,0,4,12,0
1409.57,2084.87,1,4,1,0
6773.29,12469.21,0,2,22,0
3064.7,4927.33,0,6,14,0
12241.7,17681.37,0,6,7,0
7728.01,10046.86,0,3,19,0
1227.73,10866.47,0,1,23,0
4834.16,5548.38,0,1,15,0
7837.08,8616.75,0,4,9,0
189851.16,14702.13,0,5,11,0
26826.77,8561.16,0,3,10,1
11224.42,10509.86,0,2,18,0
6422.47,14169.87,1,5,7,0
3570.29,13979.34,0,3,5,0
2000.33,6097.17,1,14,18,0
18733.33,15438.93,0,5,4,1
8731.16,11821.42,1,3,16,0
2879.29,2782.79,1,4,15,1
2334.46,12233.63,0,3,6,0
999.6,2353.4,1,6,23,1
3170.74,3065.54,0,4,7,0
4591.48,11905.32,0,3,10,0
19155.16,15505.07,0,3,19,0
3059.8,6210.9,0,3,17,0
922.44,3773.2,0,12,11,0
1873.61,7095.81,1,2,0,0
18505.52,6050.07,1,5,15,1
30158.42,9832.04,0,9,5,1
848.95,3092.49,0,1,11,0
6072.89,6142.83,0,4,14,0
1608.89,2595.57,1,2,18,0
7206.86,9232.6,0,2,11,0
336.75,1630.31,0,1,16,0
3324.72,4736.15,0,4,13,0
1969.0,9845.01,1,3,21,0
4557.87,5028.1,1,2,13,0
15805.94,8522.94,0,6,13,0
1002.68,1569.73,0,2,2,0
1928.08,10692.07,0,1,18,0
81929.87,7593.0,0,7,13,1
4012.64,4232.68,0,3,21,0
145147.18,16056.56,0,3,10,0
4052.42,2789.9,0,4,11,0
18844.37,2569.66,0,3,14,0
4424.01,4181.91,0,7,14,0
8104.49,6501.42,0,5,8,0
16789.81,3452.12,1,5,7,1
6072.43,6303.12,0,6,16,0
3657.93,5170.96,0,1,8,0
12944.16,3326.88,0,1,19,0
14134.87,13464.39,0,3,20,0
7962.06,7752.42,0,6,16,0
18197.64,17835.14,0,7,22,0
1868.31,4931.97,1,3,10,1
2480.42,7177.66,0,3,16,0
2582.3,4595.25,0,2,1,0
533.9,2017.13,0,3,12,0
11247.69,12364.42,0,8,21,0
7660.07,11680.06,0,5,2,0
11221.5,10126.1,1,3,18,1
1555.34,5263.8,1,8,9,0
186009.63,17066.94,0,2,7,0
19648.11,8636.51,1,9,14,0
1916.06,2878.77,1,6,15,1
2535.81,3270.24,0,2,8,0
84684.69,17392.51,0,2,2,0
2662.38,2028.72,0,2,7,0
9800.77,12238.4,0,6,17,0
1065.44,1776.59,0,2,6,0
2332.09,7201.36,0,2,20,0
2460.49,2186.63,0,1,8,0
1193.88,3409.12,0,2,15,0
57341.64,15190.87,0,3,2,1
997.84,15666.67,0,4,21,0
13481.69,11892.8,0,5,4,0
58987.15,16108.62,0,4,17,0
32882.92,4683.54,0,2,3,1
13870.1,9700.47,1,3,6,0
623.28,3116.42,0,4,14,0
7086.3,6380.01,1,8,22,0
87632.29,15788.41,0,2,1,0
421.52,3200.81,0,5,11,0
12943.85,9952.01,1,6,9,0
10513.44,12539.12,1,9,16,0
1087.98,6693.37,0,1,21,0
3182.95,10215.97,0,1,9,0
1915.12,2177.81,0,5,5,0
8143.15,4324.55,0,1,9,0
7359.88,9870.33,0,2,17,0
413.6,3092.56,0,2,20,0
28756.6,16646.45,1,2,1,1
18759.47,16010.67,1,4,16,0
6094.76,6855.75,0,3,1,0
14879.84,17882.05,0,6,15,0
2400.71,12964.17,0,8,7,0
4490.83,14296.09,0,7,9,0
5016.23,8880.05,1,5,16,0
11233.12,10434.49,0,1,17,0
27263.34,3481.83,0,13,15,1
14105.12,8677.18,0,1,20,0
3633.89,3382.72,1,2,7,0
1896.65,10042.83,0,1,2,0
23341.33,11608.16,1,6,13,0
1689.82,1714.39,1,5,18,0
10646.17,12522.58,0,2,8,0
68750.51,14876.63,0,1,5,1
18986.96,15403.8,1,5,15,1
9850.15,11413.28,0,4,7,0
633.58,1785.26,0,3,14,0
6299.36,6288.82,0,5,10,0
12398.68,9722.68,1,10,14,0
12673.79,15470.07,1,3,15,0
12927.59,17677.08,1,2,22,0
5464.78,6803.45,1,11,21,1
241139.22,17537.91,0,6,18,1
11527.66,4280.85,1,2,23,0
2430.32,1618.32,0,2,22,1
51868.63,8478.12,0,8,21,0
17070.91,15346.32,1,6,1,0
1263.28,1589.59,1,2,19,0
7203.81,2160.52,0,6,7,0
26077.77,17612.62,0,2,15,0
16770.1,11199.06,0,6,22,0
5694.25,6141.7,0,3,21,0
3202.18,16411.82,1,2,22,0
2162.11,9102.56,1,6,9,0
10441.22,9061.32,0,2,7,0
1344.37,4387.58,0,7,19,0
2651.83,2611.68,0,4,19,0
4426.19,2818.65,1,12,12,1
8955.14,7885.78,0,3,9,0
3917.74,2070.43,0,2,14,0
28112.44,13139.91,1,1,4,1
1734.06,8670.29,0,6,23,0
16724.46,13586.26,0,2,23,0
9690.66,8446.51,0,5,18,0
13527.81,14398.16,0,3,10,0
18766.34,16851.35,1,4,19,0
16433.54,12030.41,0,9,22,0
18091.22,4871.93,0,4,7,0
10302.68,8485.12,0,4,0,1
11616.49,8330.79,1,4,13,0
150529.99,10810.85,1,4,21,0
1739.53,4353.57,0,2,11,0
18402.87,16040.35,0,1,9,0
49740.93,9464.61,0,5,8,1
7169.66,10580.34,0,3,17,0
66567.17,4803.83,0,2,21,0
20266.5,16582.13,1,13,3,0
1317.31,7163.24,1,9,11,0
18169.89,13925.71,0,7,5,0
7102.45,8477.04,0,3,8,0
5217.3,16942.97,0,7,9,0
408.45,7150.18,0,7,6,0
3039.45,16821.81,0,8,14,0
44580.03,3922.88,0,4,22,0
67847.72,15672.98,0,2,20,0
5916.2,15156.08,0,4,2,0
4498.08,5614.74,0,2,15,0
9999.51,12525.2,0,3,6,0
13597.39,13390.01,1,15,7,1
2082.16,4013.39,0,2,9,0
2986.65,3849.4,0,2,7,0
4161.21,7799.43,0,4,12,0
1340.74,2104.48,1,2,1,0
122075.41,9539.89,0,14,13,0
210493.73,15165.71,0,2,17,0
23133.8,8375.81,0,3,8,0
16930.52,16197.86,1,4,14,0
15241.63,13425.74,0,2,20,0
14823.47,17985.53,0,2,19,0
3887.51,3281.54,0,2,2,0
22627.72,16690.99,1,7,16,1
7797.25,5041.31,0,9,14,0
12884.13,13026.03,0,3,20,0
2420.38,13991.49,0,5,4,0
48348.9,3464.51,1,1,20,1
10036.17,9001.19,1,11,17,1
5104.23,3072.16,1,3,14,0
4233.28,5464.16,1,5,19,0
170743.59,15222.59,0,1,22,0
32640.2,2991.73,1,2,10,1
2720.63,3405.59,0,1,7,0
18995.72,12903.27,0,6,15,0
9738.68,14134.7,1,4,2,1
24784.93,8240.72,0,3,13,0
13509.7,17185.29,0,2,18,0
13771.18,15933.85,0,3,11,0
13231.24,12705.9,0,3,12,0
41389.59,11132.53,0,4,12,0
434.84,1909.58,1,6,8,0
890.69,4793.65,0,1,9,0
2438.05,15042.99,0,2,17,0
8050.5,6735.34,0,6,8,0
15462.44,15117.38,1,3,2,0
7425.38,7358.27,1,3,9,0
13370.29,16809.49,0,6,4,1
493.55,2816.15,0,1,20,0
9637.35,10252.28,0,3,18,0
10958.86,12197.82,1,2,22,0
8743.59,12619.26,0,2,2,0
22501.96,16872.32,0,3,4,0
8015.89,10532.57,0,4,19,0
12889.5,12547.1,0,9,22,0
6761.0,14603.55,0,4,8,0
34314.47,17623.28,0,3,22,0
15384.03,11171.91,1,2,17,0
1611.82,5048.75,1,12,12,1
11036.97,7453.73,0,2,5,0
5194.96,5033.43,0,5,20,0
5844.05,6088.87,0,1,21,0
44504.38,6471.29,0,4,10,0
97993.88,10690.53,0,2,3,1
3161.99,17045.18,1,5,10,0
11527.7,15188.32,1,2,16,0
15648.8,10622.22,1,1,11,0
61034.82,12490.64,0,2,19,0
114.75,1890.11,1,2,13,0
13195.01,10079.52,0,3,12,0
4199.21,3640.51,1,4,23,0
25064.14,13691.56,0,3,5,0
3505.07,3194.46,1,3,0,0
13186.94,10250.45,0,2,12,0
4224.39,7101.38,1,2,23,0
82846.25,8364.02,1,4,11,1
125546.64,9672.46,1,4,22,1
5276.77,4599.7,1,3,19,0
22653.48,15924.28,0,7,23,1
63610.83,14675.56,1,4,20,0
9673.03,10231.41,0,2,8,0
6037.3,8953.86,0,2,15,0
10931.86,13937.45,1,1,15,0
16013.51,14292.77,0,5,0,1
63423.27,16636.07,1,9,14,0
9047.25,9917.74,0,1,8,0
1228.16,2228.89,0,1,19,0
23506.94,10197.03,0,3,10,0
17203.74,9384.98,0,6,10,0
1411.63,7058.13,0,2,21,0
3049.37,15644.47,0,2,20,0
3495.1,8966.38,0,6,15,0
5424.18,3791.91,0,4,20,0
800.0,15935.8,0,10,8,0
3108.86,10295.17,0,1,13,0
6764.79,2687.93,1,1,17,0
7173.41,5232.12,0,5,1,0
16699.58,13481.97,0,4,21,0
93206.25,9366.12,0,4,5,1
54502.88,16117.27,0,1,10,0
8989.14,7710.31,0,1,20,0
7337.36,6658.48,0,5,2,0
10825.77,5415.71,0,9,22,0
12171.15,14701.29,0,1,9,0
85570.21,9633.87,0,3,12,0
4219.95,4013.15,1,2,22,0
13152.47,12933.29,1,1,4,0
11600.65,11911.66,0,5,12,0
18405.58,10617.75,0,7,23,0
154221.66,13706.29,0,10,7,0
35065.97,4032.12,0,9,9,1
17957.0,8968.71,0,5,0,0
5046.68,8910.06,0,11,19,0
2117.85,1660.59,0,8,11,0
12494.09,4418.64,1,3,15,0
3592.63,3935.17,0,6,10,0
4409.83,11231.53,0,7,13,0
700.24,1696.94,1,2,15,0
20554.2,16821.96,0,3,20,0
2718.4,9626.25,1,2,21,0
2949.26,2640.78,0,3,4,0
8775.38,3087.33,1,4,14,0
8256.55,5318.24,0,4,12,0
1170.99,2899.52,1,2,12,0
18137.69,16750.92,1,3,7,0
332.14,6538.21,0,3,9,0
10832.89,6753.32,0,3,19,0
18349.81,5996.06,0,2,22,0
11666.56,7748.48,0,9,1,0
10144.86,13548.69,1,11,12,0
2175.08,3206.15,0,7,1,0
4134.53,4705.48,0,2,10,0
8621.96,1880.65,0,4,9,0
9025.09,13040.49,1,2,14,0
9883.51,12110.81,1,4,11,0
16654.43,15332.14,0,7,12,0
6967.09,3544.78,0,2,9,0
1737.89,8689.46,0,5,12,0
8056.2,8075.36,0,5,21,0
4672.59,13711.51,0,5,9,0
32826.41,5192.15,0,5,11,0
61836.64,7192.96,1,5,5,1
18202.25,17632.21,0,4,10,0
1665.13,1842.98,0,4,17,0
5265.32,4713.03,0,4,22,0
6146.56,8910.04,1,3,11,0
1775.65,5111.13,1,1,10,0
48955.39,10164.06,0,5,8,0
4231.57,11148.42,0,3,7,0
167398.94,15592.46,0,7,9,1
15335.46,16495.79,1,4,10,0
3664.62,3576.76,1,4,12,0
427.86,4635.67,0,4,6,0
5863.19,3568.85,0,6,17,0
16728.67,12686.06,0,3,21,0
12910.08,16498.5,0,2,3,0
6019.17,6712.83,0,2,1,0
4298.92,14192.14,1,3,17,1
1576.1,5168.43,0,2,19,0
15459.35,13909.76,0,3,12,0
2464.38,2113.15,0,1,15,0
2502.68,4137.74,1,2,15,0
11836.39,13294.82,0,3,1,0
430.91,8384.68,0,1,1,0
4264.52,13112.2,1,7,18,1
1846.83,6128.65,0,3,11,0
17823.36,15312.32,1,2,16,0
60349.41,4719.88,0,2,13,1
1374.87,6874.37,0,9,21,0
10163.87,9511.45,0,1,20,0
29578.78,3754.99,0,2,18,0
1593.73,4873.1,0,6,19,0
565.51,3272.15,0,7,21,0
17416.35,15805.59,0,5,11,0
12874.39,12504.88,0,1,11,0
628.33,11482.62,1,2,12,0
10479.43,14447.8,1,4,15,0
18377.5,15505.74,1,4,11,0
1563.88,8122.08,1,4,7,0
57663.49,13664.86,0,2,6,0
948.68,3632.89,0,2,20,0
2695.92,3634.49,1,3,9,0
2416.35,6908.92,1,4,15,0
15488.15,12278.55,1,14,16,0
26687.37,9870.85,1,5,14,0
2825.98,14129.88,0,3,7,0
2134.92,16450.76,0,13,7,0
71222.42,6672.91,0,4,5,0
5362.67,4111.13,0,4,1,0
18626.93,12984.12,0,2,17,0
58510.59,15024.05,0,2,12,0
19815.52,11705.91,0,4,15,0
18320.26,5581.95,0,4,7,0
4735.95,6423.17,0,15,15,0
5562.67,4672.39,1,2,13,0
4280.72,3801.86,1,4,0,1
18729.16,6424.26,0,4,18,0
555.16,1932.52,0,2,16,0
64515.04,17902.91,0,2,15,0
26645.7,6123.31,0,1,10,0
613.33,11958.47,0,3,14,0
4672.07,4921.33,1,4,4,0
3904.98,1723.91,1,2,21,0
55065.14,11818.41,0,15,17,0
5255.61,7195.56,0,2,11,0
18165.42,10525.49,0,2,17,0
2594.13,1786.24,0,3,11,0
8009.53,12331.4,0,2,4,0
29104.38,17990.25,1,1,11,0
14645.49,15647.71,0,4,14,0
11441.31,14483.71,0,6,16,0
12068.04,12139.23,0,5,12,0
3219.53,4125.44,0,1,15,0
13516.08,17512.14,1,4,13,0
9741.19,11393.71,0,1,14,0
16496.23,14900.03,1,4,13,0
3365.77,2722.16,1,8,2,0
5041.68,4860.87,1,3,0,0
47693.13,11736.21,1,3,23,0
81753.47,6858.72,0,3,8,1
1462.46,4085.87,0,15,18,0
65283.75,16367.18,0,5,17,0
6608.04,7328.24,1,3,7,0
14785.94,11504.99,0,5,8,0
14899.99,15024.36,0,2,22,0
8940.01,8302.27,0,3,0,0
26853.64,15977.55,0,5,0,0
5762.13,17585.61,0,2,16,0
1196.93,1547.38,0,3,14,0
10937.35,10772.03,0,8,13,0
18443.41,16309.55,1,3,22,0
26071.13,16974.14,1,5,19,0
2869.19,4322.15,1,3,9,0
1515.67,16464.76,0,1,4,0
3011.4,5154.82,0,1,8,0
13219.75,4392.21,0,4,9,0
84813.06,14547.18,1,5,19,0
4289.99,3826.95,0,4,21,0
10778.29,11829.21,1,13,1,0
7155.5,5971.23,0,2,16,0
18521.0,13769.41,0,3,15,0
10483.5,9430.05,1,4,11,0
1061.92,13549.79,0,2,22,0
22906.38,16539.54,0,5,5,0
9047.15,8644.05,1,7,12,0
53826.71,8002.77,0,2,10,0
129135.49,16836.08,1,3,22,1
8838.09,5788.62,1,1,4,0
2903.85,15300.52,0,4,19,0
38163.88,3824.4,0,3,19,0
5029.73,13853.78,0,1,13,0
2519.91,3279.84,0,4,22,0
6253.02,3213.55,0,7,21,0
9196.46,7545.48,0,11,16,0
15428.56,11073.96,0,8,0,0
169849.71,13813.68,0,5,10,0
16767.36,13811.99,0,3,15,0
6076.91,17915.21,1,8,2,0
1567.69,3424.66,0,4,6,0
10184.74,7308.67,0,2,22,0
25824.93,17075.13,1,4,23,0
75014.9,6204.52,0,5,12,0
5550.28,7490.35,0,3,19,0
5325.45,8629.49,1,1,10,0
11335.04,15648.15,1,3,5,0
4586.24,3069.08,1,3,13,0
2538.41,11981.98,1,3,12,0
23989.84,16954.33,0,3,8,0
1741.53,14096.54,0,2,17,0
5874.13,5481.34,0,10,10,0
5916.42,5053.39,0,3,19,0
10776.91,17874.32,0,4,23,0
15865.4,11608.25,0,3,1,0
13295.56,11774.41,1,5,17,0
40207.59,17926.02,1,3,16,1
8943.48,11730.52,0,1,6,0
23157.91,12052.79,1,14,7,1
634.85,4329.88,0,2,16,0
2652.56,4316.44,0,5,8,0
15185.06,11236.25,0,1,1,0
25348.12,15835.23,1,1,11,0
2380.96,9145.77,0,3,4,0
10468.71,15031.06,0,5,20,0
11604.36,15391.08,0,3,2,0
158079.29,14541.82,0,2,11,1
29672.27,2065.71,0,3,8,0
23515.94,17004.27,0,4,15,0
3540.49,9258.9,1,3,18,0
29161.39,7059.29,0,2,14,0
8233.63,5958.3,0,1,11,0
1269.05,1789.9,0,1,23,0
1553.37,2413.57,1,3,13,0
48893.72,13672.96,0,1,10,0
3624.44,15498.28,0,1,20,0
34008.7,7555.0,0,3,21,0
2991.44,3942.55,0,4,20,0
7542.21,14484.25,1,1,18,0
187.16,1666.2,0,2,14,0
15225.94,13123.08,0,3,15,0
8207.99,10881.4,0,2,21,0
10976.65,12050.83,0,4,17,0
10855.09,2236.13,0,1,20,0
10811.84,10130.99,0,9,17,0
8249.21,3292.84,0,3,16,0
12789.06,4350.13,0,15,22,0
23449.16,11326.48,0,1,14,0
9009.8,9410.38,0,1,5,0
1744.29,15252.26,0,12,20,0
9474.67,12005.06,0,3,17,0
3890.93,17741.18,0,4,22,0
12497.99,11259.55,1,3,23,0
4877.02,3665.42,0,1,10,0
14059.73,12883.52,0,2,23,0
2011.22,3330.4,0,1,13,0
1880.83,9715.81,1,2,22,0
19891.13,12843.68,0,2,20,0
3643.07,7665.35,0,1,17,0
4306.06,12561.01,0,5,19,0
4701.06,8146.12,0,3,15,0
19750.84,16288.89,1,2,10,0
30856.91,6547.41,0,11,8,1
17559.88,17451.17,0,10,18,0
33974.52,5032.52,0,1,2,1
18079.05,16286.39,0,5,17,0
6620.02,6531.04,1,6,21,0
13765.19,17673.38,0,4,14,0
41942.35,3052.19,1,3,22,1
4613.86,4340.61,1,3,17,0
11390.95,12618.97,0,1,22,0
8318.94,13108.21,0,1,9,0
21063.98,17961.51,0,11,19,0
18342.3,14053.84,1,3,15,0
1186.35,8237.84,0,2,11,0
858.13,1599.96,0,8,20,0
47031.26,10760.09,1,2,10,0
25624.7,17545.63,0,3,15,0
39518.54,12111.0,0,2,12,0
11130.39,14687.18,1,4,17,0
42494.67,3902.11,0,2,11,1
4460.9,14100.86,0,2,11,0
399.84,7398.55,0,3,15,0
816.0,5917.22,0,8,9,0
16516.44,11222.56,0,3,9,0
1526.34,4473.75,1,2,16,1
10766.45,11715.46,1,3,15,0
15376.48,15637.57,0,6,17,0
2229.31,2459.72,1,5,12,0
13197.73,11359.99,0,7,7,0
10826.35,7929.57,1,2,22,0
5127.7,3894.37,0,1,20,0
9182.86,8115.29,0,7,13,0
560.14,1570.95,0,1,7,0
30482.96,11611.29,0,1,8,0
11751.9,15410.46,0,12,4,0
1734.16,6016.22,1,10,18,0
441.64,3252.59,0,13,12,0
13440.33,4367.32,0,7,8,0
22376.07,14348.54,1,4,2,0
13159.15,9124.74,0,2,13,0
3830.98,3169.9,0,2,21,0
17758.28,16874.61,0,2,12,0
19359.66,4489.9,0,14,16,0
14114.36,10870.91,0,3,18,0
17224.6,12853.12,1,2,12,0
11668.03,10242.98,0,4,18,0
133695.58,10108.49,0,7,9,0
16416.0,12198.7,0,1,7,0
11169.41,10752.83,1,12,14,0
1936.26,4887.1,0,7,12,0
1343.14,2104.81,0,5,15,0
2439.03,12158.13,0,4,20,0
7558.84,14206.5,0,4,13,0
56991.35,11842.47,1,3,14,0
11823.2,7148.98,0,2,10,0
6794.31,4447.37,0,6,20,0
6171.95,16081.11,1,2,14,0
12504.96,9903.46,1,6,13,0
2937.71,1988.52,1,2,9,0
609.77,2242.59,1,2,11,0
57291.66,15629.75,0,4,6,0
66568.96,13563.74,0,1,14,0
21940.99,11399.22,0,5,13,0
5675.98,5476.01,0,3,21,0
118087.16,7986.37,0,4,13,1
214.87,4002.81,0,1,21,0
10510.53,8329.85,0,4,15,0
11685.27,17005.38,1,1,10,0
80886.88,8454.21,0,2,17,0
3580.4,4463.69,1,2,2,0
6250.89,10161.66,0,3,21,0
11641.9,8376.03,0,2,7,0
13357.78,10228.68,0,4,19,0
11937.0,12257.69,1,5,21,0
5336.9,7352.97,0,3,5,0
12566.82,5710.95,0,5,11,0
31284.01,14124.13,0,3,14,0
24854.63,15704.62,0,2,1,0
215114.56,17580.74,0,10,15,0
144681.93,11168.36,1,3,6,1
3172.41,15855.43,1,8,7,0
6649.37,5475.3,1,8,11,0
5356.54,16078.6,0,3,11,0
27847.49,17902.49,1,3,21,0
2564.2,7297.24,1,4,22,0
9350.0,11927.32,0,1,16,0
11488.79,14056.86,0,6,10,0
10469.97,14770.82,0,1,12,0
5091.24,2199.37,0,3,2,0
156071.89,12899.9,1,2,20,0
2052.09,4097.89,1,7,9,0
1831.91,1771.45,0,2,12,0
19449.58,16206.24,0,3,16,0
39758.11,12190.17,0,3,14,0
11231.0,10020.43,0,4,9,0
560.19,9754.88,1,2,20,0
30231.96,11037.28,1,3,6,1
24185.2,15026.85,0,2,1,0
2417.73,8580.13,0,2,16,0
7427.6,8451.01,0,4,11,0
11362.42,11117.51,1,1,20,0
8079.85,9583.94,0,6,22,0
13134.81,17092.45,1,6,5,1
10491.98,11241.79,1,2,15,0
17629.58,16340.51,0,3,11,0
57944.64,6844.96,1,4,2,1
5696.97,3712.78,0,2,7,0
14085.38,12369.25,1,6,2,0
9028.3,11534.13,0,2,11,0
272.25,2072.77,0,1,21,0
12980.06,15133.34,0,3,8,0
15643.66,11190.57,0,2,22,0
128912.72,13863.98,0,2,0,0
350.01,2240.53,0,3,11,0
4769.4,14273.03,1,3,14,0
63073.35,15358.91,0,13,4,1
474.16,6525.84,0,3,23,0
3188.65,12322.68,0,2,19,0
8887.71,13262.62,0,1,12,0
2516.46,2130.72,0,5,17,0
843.06,3142.0,0,4,2,0
5305.58,4732.89,1,1,5,0
5921.38,8303.13,0,1,14,0
10453.81,7859.33,1,3,19,0
4542.51,9683.86,1,7,4,0
4617.76,8942.85,0,6,4,0
610.77,6233.72,0,3,4,0
23789.35,11027.41,0,10,7,0
76395.65,16602.89,0,2,7,0
48966.58,16531.27,0,3,12,0
7226.15,11287.92,0,9,9,0
18099.55,14766.02,0,8,20,0
13856.05,16848.99,1,4,19,0
17161.82,17152.67,0,3,7,0
24098.26,5199.87,0,5,14,0
76678.55,6960.19,0,2,11,0
146278.33,11208.62,0,7,8,0
9749.37,15560.4,0,1,15,0
30917.78,15418.91,1,3,20,0
26035.76,7770.72,0,2,16,0
3903.16,3573.28,0,2,11,0
22705.0,14998.37,0,4,8,0
3302.22,15084.45,0,4,7,0
526.11,6752.39,1,2,11,0
2991.22,10587.52,0,8,10,0
3694.57,10857.3,0,3,4,0
1274.07,3328.27,0,1,17,0
20412.49,13803.82,0,4,9,0
6405.28,5477.68,0,3,10,0
10208.66,11508.72,0,1,0,0
8634.1,8552.5,0,3,9,0
17441.36,16660.0,1,4,9,0
54923.28,6027.78,1,1,13,1
4273.78,3273.57,0,2,17,0
3446.46,2379.86,0,7,10,0
2111.49,7755.56,0,4,12,0
8063.09,7084.53,0,3,15,0
7406.27,11828.83,0,5,20,0
7368.64,6441.96,1,1,14,0
21504.19,15495.47,0,2,3,0
48415.11,16112.35,1,2,15,1
7584.83,8186.47,1,3,9,0
6776.48,16240.84,0,2,20,0
28415.99,11996.84,0,4,13,0
15039.64,12673.4,0,2,14,0
5727.16,7430.67,0,14,5,1
2254.46,9281.45,0,2,1,0
2744.83,7940.18,0,2,10,0
545.71,6064.96,1,2,17,0
5736.92,6509.11,0,5,21,0
8859.6,11544.11,0,2,21,0
2141.43,6363.57,1,1,12,0
3622.16,5129.89,0,7,2,0
1658.94,17926.18,0,5,22,0
4932.51,4278.43,0,4,12,0
25529.1,15989.43,0,12,1,1
2815.4,2684.32,0,7,17,0
10724.75,12195.62,1,15,8,0
21885.11,16938.66,0,2,20,0
15007.87,17725.77,0,2,6,0
110744.14,12065.62,0,1,19,0
10463.2,8122.37,1,2,12,0
7042.56,8526.8,0,3,15,0
1606.65,2468.86,1,4,14,0
66695.87,8292.13,0,3,16,0
1412.18,4266.0,0,5,17,0
42837.4,14616.14,0,6,17,0
11652.73,8184.45,0,6,4,0
18630.28,15825.95,0,1,7,0
27045.37,3883.0,1,1,10,0
10685.97,15170.2,0,4,10,0
5603.32,8405.76,0,4,7,0
970.51,6144.74,0,4,12,0
19001.08,6515.18,0,7,13,0
5008.44,7798.11,0,5,10,0
1995.91,14574.28,1,3,17,0
26057.9,16293.28,1,10,17,0
46116.66,10180.0,0,1,10,0
4471.1,5557.91,1,15,0,1
49296.93,6953.38,1,4,17,1
86521.66,13888.84,0,2,13,0
4921.89,13349.9,0,1,7,0
463.19,3470.65,0,4,13,0
46408.2,10622.82,0,14,19,0
4627.77,7620.22,1,2,16,0
26438.36,15722.28,0,7,5,0
2414.86,2087.46,0,2,19,0
208349.95,17075.66,0,4,21,0
4249.71,4987.11,0,15,19,0
53685.7,4750.97,0,9,21,1
8268.37,7773.89,0,4,0,1
149978.8,17374.97,1,4,9,1
10738.71,14681.95,0,1,13,0
3977.79,10056.88,1,5,10,0
5618.04,8445.04,1,4,15,0
1748.5,1736.93,0,1,23,0
96826.98,8560.58,0,2,19,1
17863.17,15422.78,1,1,17,0
11453.83,11522.27,0,5,21,0
9921.84,4915.92,1,5,17,0
8308.58,14471.48,0,3,10,0
65873.79,9090.62,0,2,10,1
17438.04,15232.68,0,3,22,0
12368.06,16670.05,0,4,19,0
2982.21,10846.87,0,9,12,0
738.14,3707.48,1,5,11,0
11294.78,9848.3,0,15,22,0
19545.07,17928.55,1,1,1,0
3308.43,5865.02,0,5,20,0
3816.19,6460.83,0,6,2,0
166241.06,16958.97,0,14,11,1
5083.95,4223.8,0,2,14,0
22124.21,7511.81,1,4,11,0
10742.09,8627.1,0,6,11,0
488.6,4712.47,0,4,7,0
14358.9,12901.45,0,4,3,1
14428.02,15950.7,0,6,10,0
42234.31,14242.41,0,11,12,0
7654.52,8245.98,1,3,16,0
7349.15,1811.05,1,13,19,1
7343.12,5753.84,1,6,15,0
10551.68,14573.37,1,4,13,0
9585.5,11816.04,0,7,15,0
6560.08,4557.25,0,3,13,0
5340.93,5522.19,0,3,1,0
2368.67,3277.73,0,3,12,0
980.18,3874.31,0,14,9,0
8665.85,13626.27,0,1,7,0
4172.69,2705.18,0,2,1,1
37950.31,8356.67,0,2,5,0
8126.75,5640.01,1,2,7,0
4074.05,7852.51,0,3,8,0
7588.53,5050.44,0,9,11,0
143207.71,11601.18,0,5,11,1
9159.33,9106.18,0,9,6,0
7508.64,5729.8,0,2,10,0
2448.76,4057.26,0,3,11,0
2675.16,2273.62,0,1,6,0
4909.54,3972.24,1,2,22,0
7681.37,7813.82,0,15,19,0
44553.48,3928.2,0,2,9,1
3763.95,13723.45,0,5,9,0
4187.92,2891.69,0,5,9,0
919.8,15364.14,1,14,19,0
39095.41,9409.6,1,1,3,0
15907.88,14541.82,0,1,11,0
3587.16,3299.4,0,1,10,0
3198.61,15993.03,1,4,15,0
54674.03,14081.78,0,2,5,0
20852.72,13757.3,1,3,16,0
57274.95,12692.13,0,1,17,0
6971.91,4909.39,0,1,12,0
2001.25,10251.59,1,2,1,0
37090.37,7688.95,0,3,7,0
7671.86,6724.02,0,2,12,0
33369.36,3353.69,0,2,22,0
1868.56,1545.68,1,12,17,0
920.24,12744.3,1,1,14,0
28281.31,6657.56,0,2,11,0
4151.84,2115.04,0,6,14,0
890.12,13606.93,1,10,22,0
14432.36,11728.61,0,5,4,0
16772.29,12470.04,0,7,0,0
6059.84,10354.55,1,2,15,0
7392.31,7112.29,0,3,20,0
3052.63,2384.72,0,9,20,0
124514.92,14645.44,0,7,8,0
11211.67,15095.33,0,5,15,0
26647.91,5337.28,0,3,13,0
18963.37,12889.95,0,1,17,0
1038.03,2093.76,0,1,16,0
29321.45,11521.86,1,1,21,0
3806.09,3135.13,1,5,21,1
7557.34,16901.0,1,2,19,0
60676.59,13757.95,0,3,4,1
11884.05,11774.69,0,3,16,0
9929.11,4688.78,0,9,11,0
13011.78,17658.86,1,3,9,0
6990.13,9752.68,0,3,7,0
12408.21,14945.45,1,3,22,0
190985.8,17441.99,1,2,0,1
1054.23,13296.25,0,3,9,0
3552.81,2779.6,1,7,11,0
216480.62,15080.62,0,2,12,1
16803.51,11647.9,0,4,12,0
2419.42,3318.72,0,2,22,0
3563.17,2214.97,0,15,13,0
11946.03,8945.96,1,3,14,0
1572.36,1884.3,1,2,18,0
7285.71,7816.06,0,3,18,0
13965.05,16012.2,1,4,1,1
11745.74,11337.95,0,6,2,0
14206.21,10640.69,0,2,1,1
5840.09,5663.24,1,4,2,0
6659.36,5594.39,1,3,23,0
19712.34,15950.97,0,3,8,0
14195.91,13813.65,0,3,0,0
5783.04,5211.98,0,2,7,0
2226.9,9845.08,0,3,13,0
83236.09,12724.67,1,4,14,1
8777.96,3757.55,1,1,8,0
11484.08,3100.62,0,6,8,0
4497.0,4332.98,0,4,6,0
4995.92,4834.45,0,2,9,0
1596.81,2521.11,0,3,17,0
8961.36,7885.76,0,1,0,1
100804.06,10837.6,0,6,13,0
3425.04,3918.02,0,3,5,0
252.42,4081.08,0,5,7,0
16178.1,8768.35,0,3,13,0
11398.45,9899.46,0,5,12,0
34055.29,3834.05,0,2,21,0
12849.53,13986.41,1,2,12,0
10215.07,15666.87,1,10,4,1
10991.95,8932.8,0,3,14,0
2485.43,16539.42,0,3,10,0
5101.03,15626.61,0,8,13,0
193688.81,13139.21,0,3,8,0
14780.27,9315.26,0,2,19,0
13665.38,13962.81,0,2,22,0
3153.03,3964.41,0,8,20,0
4765.19,14540.19,0,4,4,0
13525.42,12373.71,0,4,16,0
13337.74,5688.22,0,5,2,0
8701.3,7184.07,0,3,0,0
6437.12,10012.33,1,6,8,1
49016.32,12849.14,0,3,2,0
10612.94,8150.3,0,14,7,0
16396.83,13477.68,1,1,12,0
11114.56,8035.08,1,11,18,0
220369.29,15297.3,1,5,9,0
11460.51,10577.21,0,5,9,0
5886.3,7866.57,0,5,16,0
2564.42,5337.11,0,3,21,0
4785.98,5813.7,0,2,19,0
65706.08,15981.6,1,8,5,1
23965.56,10188.83,0,3,9,0
7922.22,11507.78,0,3,23,0
6235.33,15250.7,0,2,21,0
9172.6,9730.61,0,2,8,0
7164.62,11659.76,0,3,2,0
52603.38,11325.75,0,1,18,0
6764.59,4443.44,0,10,3,0
155445.56,10568.96,0,9,21,1
3393.85,11240.28,0,2,15,0
37245.9,11001.25,1,4,0,1
8263.54,8918.44,1,2,8,0
1301.13,8558.93,0,3,18,0
14606.2,17622.35,0,7,16,0
49827.51,13981.74,0,3,11,0
2598.98,2415.43,1,5,18,0
11866.78,12197.28,0,1,7,0
15983.21,16085.87,0,2,14,0
9469.7,7677.07,0,4,12,0
4327.08,11667.08,1,12,18,1
4824.33,8414.22,0,4,12,0
23263.64,8174.35,1,2,19,0
6523.83,6215.58,1,3,10,1
21192.14,12048.98,1,3,8,0
2507.09,2653.03,0,2,20,0
10208.57,16075.2,0,2,15,0
64193.65,8785.79,0,6,9,0
5859.04,15630.76,0,3,17,0
6524.54,17905.24,0,3,22,0
63043.49,12915.68,0,8,0,1
16595.95,13971.98,0,5,9,0
2102.62,13260.37,0,7,18,0
5082.86,3525.51,0,3,11,0
85134.02,16180.56,0,3,2,0
31686.82,17445.82,0,9,13,0
11647.49,13462.52,0,1,19,0
13043.15,10956.15,0,1,12,0
7498.34,9016.26,1,4,15,0
520.42,3529.75,1,2,20,0
20389.84,13740.05,0,2,20,0
17448.62,12578.16,1,3,6,0
4500.81,4816.77,0,8,15,0
11498.15,9501.84,0,1,1,0
9315.43,7278.8,1,4,18,0
3239.04,2776.58,0,3,22,0
521.62,1794.31,0,2,11,0
13500.17,9024.54,0,1,22,0
3528.06,4033.18,0,8,4,0
11172.42,10197.12,0,2,12,0
37553.75,16981.91,0,1,8,0
17574.11,4001.63,0,3,2,1
3063.41,11816.64,0,10,18,1
62708.08,9473.16,0,4,11,0
4710.48,6195.63,1,9,2,0
10246.64,12117.13,0,3,21,0
12539.15,12894.93,1,3,19,0
1268.51,17284.48,1,7,19,0
3759.36,16866.09,1,2,16,0
5159.71,7176.61,0,2,12,0
6968.84,7587.15,1,5,20,0
6646.08,6748.06,1,4,17,0
9378.64,14722.4,0,2,23,0
934.55,2473.1,0,3,18,0
702.06,5909.08,0,3,4,0
7877.89,15789.97,0,3,12,0
6651.0,4597.31,1,1,11,0
3167.57,2366.71,0,3,4,0
63923.04,6970.89,1,3,21,1
66160.24,13687.4,0,3,21,0
9895.52,6435.56,0,3,12,0
18109.84,16718.5,1,1,13,0
18584.49,14604.29,0,8,11,0
5375.71,5905.53,0,1,17,0
1440.79,11989.43,0,8,6,0
82840.38,17238.85,1,5,19,1
78258.01,5229.12,1,3,0,1
12877.33,9848.85,0,3,11,0
18030.76,15341.74,1,4,8,0
32011.6,5405.15,0,1,19,0
1853.17,11740.63,1,4,7,0
24433.6,15393.32,1,3,6,1
2434.75,6791.17,0,2,8,0
6136.77,8435.44,0,4,17,0
13507.59,16382.25,1,2,18,0
26832.13,6035.47,0,1,14,0
22368.43,13100.05,0,3,20,0
19001.15,8204.93,1,3,18,0
6664.09,10055.44,0,3,8,0
12189.55,12205.97,1,6,7,0
14021.07,11014.82,1,4,7,1
16109.49,14635.0,1,1,8,0
15253.4,4672.29,1,14,16,1
3710.55,12864.41,1,2,12,1
11187.46,16644.69,1,1,13,0
1838.48,2306.44,1,4,16,0
11993.96,11361.03,0,3,18,0
6824.07,7077.24,0,7,9,0
7752.68,8699.92,0,1,14,0
19795.03,13418.93,0,3,18,0
6171.79,6056.31,1,2,20,0
8855.13,14044.55,0,3,18,0
2444.46,7196.23,0,6,11,0
29901.88,6373.95,0,4,15,0
8635.68,8151.81,1,5,17,0
12774.05,17316.23,1,8,5,0
2140.49,5604.53,0,10,22,1
95529.65,9545.89,0,1,15,0
3268.34,3157.52,1,2,12,0
3934.13,14007.6,0,9,22,0
14149.47,10845.94,1,2,21,1
10357.29,7512.34,0,2,14,0
27178.33,6317.07,0,3,3,0
10277.86,7976.83,0,4,10,0
1469.61,4208.7,0,1,7,0
14541.17,14774.16,0,10,10,0
9510.61,15172.69,0,6,17,0
447.62,6195.12,0,1,10,0
68932.79,16027.47,0,4,19,0
3492.8,10120.9,0,10,21,0
440.47,3862.75,0,2,21,0
9482.61,14585.59,0,5,18,0
16419.47,11077.23,0,2,10,0
149914.79,11138.68,1,3,5,1
617.89,4457.93,1,3,16,1
16216.87,2415.52,1,8,20,0
12573.52,16185.32,0,3,15,0
9972.6,10984.54,0,4,21,0
43796.89,14647.48,0,3,20,0
6264.4,5770.79,1,3,8,0
15844.97,3195.82,1,2,16,0
675.98,3551.44,0,4,12,0
48741.54,11761.31,0,3,3,0
3035.1,4062.04,1,2,4,0
101425.51,11637.65,1,2,19,0
53185.23,16735.22,1,2,18,0
3058.68,6422.44,0,4,2,0
1526.3,2013.0,1,3,10,0
16925.48,15840.02,1,2,15,0
3514.91,17574.57,0,1,15,0
36607.71,12836.4,0,2,15,1
3563.68,6843.15,0,4,19,0
1846.67,1928.63,0,3,10,0
49189.52,11839.81,0,2,16,0
972.17,7038.99,1,2,20,0
140621.67,13039.58,0,4,10,0
8076.76,16114.79,0,3,5,0
8418.29,9221.13,0,2,4,0
4558.03,4564.52,1,5,20,0
10226.03,10826.4,0,2,20,0
158763.3,16224.86,0,3,0,0
6440.82,14911.73,0,5,9,0
9771.12,11880.17,0,5,14,0
2523.75,7498.65,0,2,14,0
9493.08,14787.37,1,4,19,0
2945.78,7528.74,0,4,6,0
4435.46,14494.67,1,2,13,0
2245.0,17365.42,1,4,20,0
5012.72,6360.06,0,2,4,0
1114.28,2773.63,0,8,6,0
1355.31,1998.46,0,7,12,0
4972.35,4040.32,0,8,6,0
10874.65,11865.52,0,7,15,0
7196.29,10827.72,1,2,21,0
197125.19,17753.27,0,4,12,0
2614.32,2681.19,0,6,5,0
10269.53,15673.34,0,3,16,0
14424.5,10300.89,0,4,7,0
19808.27,12438.2,0,2,14,0
3726.03,8299.73,1,2,10,0
10206.17,5459.46,1,2,13,0
4785.38,5542.3,0,5,6,0
15561.46,12936.78,0,2,0,0
14741.93,9809.6,0,2,17,0
3967.2,10219.42,0,4,1,0
39493.61,10835.24,1,4,11,0
2426.86,3602.61,0,3,19,0
3115.17,6194.92,0,1,12,0
6357.52,16404.91,0,9,7,0
10027.51,14809.22,0,3,8,0
8148.62,7154.78,0,2,22,0
9223.36,4872.56,0,2,21,0
190.95,2675.53,0,4,15,0
11644.68,14177.82,0,2,16,0
6294.91,7743.2,0,5,21,0
3669.86,6186.1,1,4,9,0
85834.85,17282.39,0,3,19,0
8800.02,7716.11,1,3,7,1
7971.94,12000.1,1,5,18,0
10499.73,7401.76,0,3,16,0
4511.27,5098.03,0,4,14,0
3092.13,8265.8,0,2,11,0
10748.01,8740.56,1,2,21,0
52856.92,12680.0,1,3,18,1
9943.61,6163.73,0,1,17,0
34863.0,11305.5,0,3,19,0
23958.57,14869.81,1,7,19,0
5226.55,3987.28,1,2,8,0
11569.63,13553.71,0,14,22,0
14427.44,16832.44,0,10,8,0
2817.87,14089.34,0,3,9,0
1195.28,15732.04,0,7,15,0
779.88,6896.24,1,3,11,0
188795.65,16557.61,0,3,10,1
5302.62,3998.55,0,3,19,0
2220.5,13866.38,0,5,12,0
13417.67,9851.44,0,9,16,1
10026.57,7545.14,0,3,16,0
22878.15,17614.96,0,3,16,0
1599.04,12585.34,0,2,20,0
13541.17,4021.72,0,3,20,0
9513.31,8970.73,0,1,15,0
828.91,4144.53,0,3,6,0
64699.63,16354.59,0,4,11,0
6586.17,13203.02,0,6,14,0
52045.91,10030.82,1,2,19,0
2816.35,3162.57,0,15,3,0
4446.06,3183.71,1,5,22,0
25157.93,5808.11,1,10,7,0
11700.02,15782.96,1,5,12,0
3039.77,10849.6,0,7,22,0
13951.85,17556.63,0,2,13,0
9345.64,9118.5,1,2,9,1
5953.37,6772.86,1,3,19,0
6500.53,9216.27,0,2,16,0
11279.7,8042.31,1,5,7,0
1041.64,3657.4,0,4,21,0
28808.25,9736.7,0,8,17,0
24026.38,16323.05,0,3,11,0
23997.69,13451.94,0,3,13,0
5224.23,3352.72,1,3,19,0
9980.13,13989.66,1,5,13,0
4405.01,15646.44,1,2,4,1
3385.2,5081.26,1,4,13,0
2657.55,5028.21,1,5,2,0
11179.48,12378.91,0,2,1,0
10137.38,9652.05,0,3,16,0
15345.32,14931.34,0,2,6,0
12462.45,16113.04,1,3,14,0
3247.5,10266.8,0,3,6,0
15754.06,16026.27,0,1,8,0
2835.28,2806.17,1,7,14,0
3037.15,4475.64,0,4,10,0
4740.93,5323.74,1,3,8,0
23902.15,2594.16,0,2,1,1
4369.14,17192.24,0,2,17,0
15412.89,13735.4,0,4,10,0
23785.38,6739.89,1,6,5,0
9117.13,5411.52,0,2,9,0
67909.48,7782.08,0,5,10,1
10176.84,8329.59,0,4,11,0
2157.94,10789.68,1,2,15,0
1296.55,4601.31,0,11,20,0
3611.35,4995.27,0,8,19,0
1367.86,10125.14,1,5,2,0
9246.69,10985.34,0,15,13,0
8464.61,17170.79,0,3,6,0
4584.5,15887.63,1,3,19,0
17438.09,6856.62,1,1,13,0
2485.32,12340.81,1,3,18,0
8143.45,5938.31,0,3,12,0
13600.25,10065.82,1,4,18,0
14212.72,10599.0,1,12,8,0
7488.3,6174.55,0,2,3,0
6590.22,6440.79,1,5,14,0
6614.99,6096.75,0,2,19,0
1227.68,3978.15,1,8,4,0
25592.65,6325.72,1,2,7,0
63125.63,14962.37,0,5,11,0
10389.95,8284.85,0,4,13,0
13208.35,10913.88,1,2,8,0
4196.36,4047.98,0,7,17,0
5735.96,15406.55,1,5,4,0
9252.15,3991.92,0,4,22,0
18677.25,13205.44,0,6,12,0
12530.95,11556.57,0,1,3,1
11063.29,2673.64,0,3,19,0
14391.39,14629.95,0,2,12,0
2124.74,12993.97,1,2,20,0
17653.06,10916.92,0,1,3,0
11332.87,14540.89,0,7,1,0
16616.51,15573.31,0,1,3,0
17147.53,17790.66,0,3,11,0
56970.74,9647.89,0,3,17,0
11551.27,8765.86,0,3,19,0
7760.36,13754.43,0,6,19,0
16544.98,12874.06,0,2,12,0
11854.68,14153.48,0,3,15,0
14719.08,9040.38,0,2,21,0
15610.56,11641.27,0,3,19,0
98702.24,14046.39,1,5,2,1
15840.94,10212.6,0,3,16,0
3186.36,3958.13,1,3,0,1
12019.1,16665.31,0,2,10,0
3249.36,9176.58,0,3,11,0
296.82,3229.16,0,1,8,0
5004.29,16960.47,0,4,3,0
12521.83,10731.9,0,8,13,0
19245.61,17167.95,0,6,13,0
11801.71,12954.91,0,1,17,0
21434.24,5737.02,0,2,13,0
23249.62,4991.18,0,8,10,0
6670.53,9881.44,0,1,11,0
10392.53,7831.84,0,4,9,0
9549.89,8712.61,1,1,22,0
5749.06,14535.49,0,3,2,0
4745.01,3299.98,1,5,15,0
6189.4,6769.99,0,4,7,0
3121.23,9868.58,0,4,19,0
434.83,1997.91,0,2,11,0
13229.23,13721.73,0,6,8,0
3128.65,4943.37,0,10,9,0
79387.74,15905.01,0,3,22,0
8075.18,6031.69,0,10,20,0
21465.21,15155.91,1,3,1,0
8574.33,13232.64,0,2,18,0
17892.38,17323.94,0,2,22,0
46143.82,3805.92,0,3,2,1
7015.76,5572.77,0,5,12,0
3359.6,3663.29,1,1,9,0
3955.66,3783.65,0,1,12,0
1017.11,7515.51,1,9,19,0
2214.32,2453.11,0,3,17,0
16389.37,17945.01,1,3,20,0
5161.14,2085.07,0,3,21,0
7388.11,2764.54,1,1,18,0
67955.87,15942.36,0,4,16,1
2785.38,7466.38,0,4,5,0
3431.7,2865.04,0,2,17,0
25304.89,17056.85,0,2,18,0
2544.38,3052.64,0,2,5,0
846.99,4390.56,0,3,17,0
89388.26,6548.28,0,2,11,0
10284.07,7959.99,0,1,15,0
11548.63,12875.83,0,10,18,0
15531.37,13111.65,0,3,9,0
65161.21,17637.71,0,3,21,0
6786.32,9281.79,0,4,6,0
39825.18,11630.11,1,3,9,0
675.1,1789.97,0,6,15,0
1504.87,10300.42,0,5,19,0
36402.53,16516.48,0,4,21,0
6250.29,15937.88,0,4,2,0
3017.73,17332.89,0,4,11,0
2999.02,7782.05,0,3,12,0
11011.39,17008.02,0,2,6,0
2638.13,16088.4,1,3,20,0
1600.49,10520.29,0,4,10,0
9676.2,16463.89,0,6,0,0
10760.85,8897.0,0,3,14,0
99508.87,12727.22,0,1,21,1
3020.01,11946.24,0,5,16,0
2757.05,12710.94,0,4,8,0
6504.95,6710.11,0,3,11,0
8618.82,7950.84,0,3,4,0
2460.59,8608.19,1,1,21,0
8771.18,17980.67,0,11,10,0
4564.68,6134.79,0,2,13,0
16225.84,15533.81,0,7,17,0
2935.77,3388.47,0,1,10,0
25855.55,8705.01,0,14,3,1
6003.51,6398.33,0,5,3,0
697.81,4316.66,0,11,6,0
1466.12,17118.16,1,4,3,0
10768.82,14594.98,0,6,18,0
13723.19,4963.67,0,2,12,0
44279.88,9273.96,1,3,16,1
30786.41,7209.01,0,3,12,0
3346.59,3615.0,0,2,9,0
143131.98,10859.75,0,7,18,0
20682.03,9575.14,1,5,12,1
14526.7,13205.31,1,1,3,1
7438.66,6791.81,0,4,15,1
16676.04,17189.36,0,2,7,0
8718.66,6368.49,0,3,0,0
3608.39,11162.46,0,3,11,0
3716.6,14256.04,0,4,9,0
6011.26,2684.65,0,1,13,0
13424.69,9471.64,1,2,13,0
3464.82,8273.74,1,5,15,1
6539.65,6527.74,1,14,22,0
541.9,1840.47,0,3,7,1
13696.56,15435.17,0,15,14,0
11521.89,16004.63,0,2,18,0
1760.93,1760.79,0,6,23,0
2185.27,12587.74,1,2,15,0
1378.17,4011.98,0,2,15,0
10237.88,12083.4,0,3,13,0
13957.3,10142.41,0,3,14,0
4154.66,5070.42,0,4,18,0
6314.17,7093.76,1,3,18,0
5368.3,4085.89,0,4,22,0
1291.47,4216.03,0,1,23,0
7938.71,4064.05,0,3,18,0
17140.3,15792.16,1,3,21,0
26287.88,14518.93,1,9,12,0
21539.59,15476.35,1,2,13,0
14233.66,9848.6,0,2,21,0
9723.34,14948.71,0,6,5,0
85375.22,11573.61,0,2,2,0
134754.11,9931.49,0,6,7,0
2024.05,2161.57,0,3,21,0
6125.02,6679.13,1,8,17,0
2793.45,12238.18,0,2,3,0
9299.09,5250.18,0,2,11,0
4480.62,11858.18,0,2,15,0
1671.4,2608.25,0,3,19,0
8907.59,8779.98,0,2,12,0
4226.29,5467.81,0,4,22,0
132359.56,12047.63,1,4,20,1
10301.54,9653.34,0,2,13,0
22876.33,15191.53,0,3,16,0
28882.72,17159.43,1,5,9,0
7624.15,6344.53,0,11,16,0
2645.11,2825.93,0,10,4,0
4308.91,3009.26,0,3,22,0
225.19,3975.65,1,8,18,1
713.14,1869.69,0,6,22,0
11129.03,10943.49,0,3,9,0
3072.45,4574.82,0,1,16,0
27016.26,14206.53,1,3,12,1
4780.08,3782.43,0,12,4,0
64882.81,14845.88,1,12,16,1
7000.52,6593.21,0,2,12,0
8504.51,8519.36,0,4,13,0
13678.55,17794.63,0,4,14,0
3021.48,2917.5,0,3,12,0
12729.32,3814.11,0,3,0,1
16844.92,17406.68,0,3,3,0
4397.52,7605.82,0,1,14,0
6967.96,4822.58,0,4,13,0
12738.65,10627.78,0,7,7,0
63315.2,15542.11,0,6,11,0
22136.4,16532.44,1,7,20,0
15674.73,15452.43,1,2,21,0
3384.62,3833.62,0,5,11,0
8436.56,14128.21,1,2,2,0
23990.94,16931.62,0,2,13,0
4317.72,15420.81,0,4,10,0
10344.5,12624.22,0,9,12,0
4991.82,15171.48,0,4,13,0
14974.69,14330.94,0,3,9,0
14112.51,10788.8,0,4,6,0
370.53,3769.68,0,1,0,0
53651.82,13427.74,1,3,5,1
15183.98,12916.01,0,12,16,0
70884.84,9696.17,1,1,16,0
16799.88,17223.62,1,4,11,0
859.03,5289.32,0,4,13,0
10329.0,2480.89,0,2,23,0
5319.09,12398.78,1,4,11,0
1636.54,2043.44,0,4,2,0
18000.91,16586.41,0,5,10,0
25393.8,14034.11,1,2,10,0
6488.2,17489.8,1,14,19,0
20123.53,15905.12,1,3,7,0
10877.05,16321.13,1,4,15,1
37474.41,8065.7,0,1,12,0
64150.09,16972.14,0,9,4,1
11099.05,12405.43,0,3,12,0
8233.74,5914.29,1,4,6,1
4702.81,4835.22,1,4,17,0
3502.92,9977.05,0,4,17,0
42866.44,10155.48,0,2,10,0
4615.99,3368.09,1,15,17,0
8283.14,7180.25,0,6,8,0
729.97,2658.85,0,6,19,0
9194.54,8903.33,0,3,16,0
11114.17,10161.99,1,13,3,0
1891.03,1574.35,1,8,6,0
2280.69,4444.75,0,2,14,0
7511.2,13155.4,0,8,16,0
21064.73,8326.75,1,2,11,0
2640.05,2468.61,0,3,18,0
6122.52,8605.06,0,3,6,0
40166.44,9405.73,1,1,17,0
7036.51,8178.35,0,1,0,0
3702.56,13850.68,0,2,20,0
8224.26,2690.7,0,2,13,0
16044.69,13283.46,0,4,10,0
33354.63,15937.58,0,3,9,0
15024.84,11119.31,0,3,14,0
5882.98,15286.87,0,3,22,0
5206.21,5970.19,1,2,12,0
4921.0,15763.59,1,2,7,0
1940.6,5166.76,0,8,21,0
3825.38,3177.59,0,1,22,0
74745.6,16462.32,0,2,7,0
3591.37,6081.83,1,7,22,0
1881.89,5204.76,0,2,21,0
1916.23,5258.47,1,2,10,0
3763.95,2414.02,0,3,6,0
56418.82,6506.81,0,2,19,1
59921.57,8697.65,1,12,20,0
843.75,15108.13,0,1,5,0
8235.7,7158.19,1,7,13,1
11132.02,16923.49,0,5,6,0
14173.25,16960.75,0,7,9,0
12663.08,9030.66,1,1,22,0
8343.09,7629.28,1,1,9,0
1095.95,11451.65,1,2,12,0
2558.3,6864.72,0,8,22,0
56355.29,13447.77,0,3,17,0
17984.07,13073.21,1,7,8,0
5693.18,12132.16,0,2,18,0
8424.11,2516.04,0,3,16,0
31814.15,10061.02,0,1,7,0
8174.52,7824.34,1,2,21,0
3856.51,3070.78,0,12,12,0
4642.91,13865.6,0,4,12,0
2112.93,2113.9,0,6,22,0
699.59,4806.72,0,2,19,0
3303.93,3246.58,0,5,13,0
9655.68,9690.7,0,5,14,0
5266.38,5396.12,1,2,9,0
3314.42,2227.4,0,1,19,0
5531.61,17824.34,0,4,16,0
79919.76,8820.55,1,2,22,0
45602.26,13081.83,1,5,14,1
5075.67,5516.84,0,7,15,0
2017.15,2765.22,0,9,18,0
13395.24,10397.9,1,4,15,0
3630.96,17343.73,0,7,20,0
11529.73,6893.53,1,5,18,0
22493.53,9925.86,0,1,6,0
9237.4,5876.02,0,1,20,0
3222.03,2811.84,1,3,14,0
19960.12,14276.54,1,2,14,0
36130.66,8903.82,0,3,8,0
6942.2,5379.1,0,2,2,0
20178.52,15656.54,0,7,12,1
10792.51,15668.11,0,2,19,0
11588.51,12511.18,0,5,10,0
7192.15,8627.44,1,2,12,0
6308.21,17089.29,0,2,10,0
17075.05,16513.96,1,7,11,0
5905.04,4120.88,1,4,19,0
4282.2,3199.89,0,3,15,0
4873.25,4825.67,1,3,3,0
1010.99,5496.51,0,4,13,0
1456.31,10665.12,0,4,10,0
20568.07,13383.56,0,4,10,0
3735.39,2643.25,0,3,14,0
14517.05,13428.41,1,1,11,0
4067.52,3588.73,1,2,11,0
10106.12,10837.72,0,13,23,1
66888.08,9927.48,0,2,18,0
11168.63,8321.24,0,6,15,0
13313.52,9345.56,0,3,21,0
446.55,5678.06,0,14,10,0
970.77,2911.7,0,3,14,0
27370.32,5915.58,0,3,11,0
22318.39,12611.45,0,5,5,0
35206.97,13305.63,1,10,17,0
8448.88,10396.28,0,2,19,0
5668.32,5143.17,0,6,18,0
27296.68,13518.19,0,2,14,0
3104.85,3003.67,1,1,11,0
7800.31,13482.44,1,3,1,0
4806.44,3308.98,1,2,22,1
2203.32,2631.24,0,13,17,0
14990.19,12028.62,1,14,13,1
37158.32,12332.08,1,4,14,0
12938.74,10103.81,0,2,4,0
1350.23,6751.13,0,9,8,0
32610.03,16838.93,0,8,18,1
2734.18,15134.91,0,1,8,0
6494.35,9861.7,0,2,9,0
6756.29,8207.29,0,3,3,0
9877.88,9720.17,0,4,15,0
151395.23,13420.88,0,14,21,1
5977.39,15141.98,0,2,12,0
10191.69,7251.85,0,1,10,0
48435.9,17410.66,0,6,4,1
3453.19,12977.69,0,2,14,0
3568.84,11257.48,1,2,21,0
3581.77,13834.31,0,4,7,0
6766.34,12072.65,0,1,20,0
14844.94,17924.25,1,5,17,0
7240.16,3621.71,1,5,4,1
14879.25,9011.3,0,3,2,0
10058.95,11667.27,0,2,10,0
12007.74,15041.74,1,3,21,0
66206.56,8386.5,0,2,2,0
8224.77,8143.12,0,1,12,0
6293.71,4844.61,0,3,23,0
5229.07,16877.08,1,1,23,0
15758.0,14545.71,0,1,11,0
7241.07,7150.7,0,13,2,0
9759.04,8559.54,0,2,17,0
6170.36,6325.45,0,4,22,0
10491.11,14755.27,0,2,8,0
17120.08,2959.24,1,1,7,0
2775.35,11732.16,1,4,2,0
6424.03,12682.17,0,3,9,0
5885.06,14961.25,0,4,15,0
16211.6,12507.99,1,7,10,0
7173.64,5842.36,0,1,8,0
7656.41,8468.77,1,7,12,0
20934.07,17587.77,0,9,3,0
23836.85,9279.37,0,2,1,0
12876.56,11959.69,1,7,11,0
2611.08,16625.56,1,1,23,0
59816.99,16563.13,0,12,19,0
9144.88,10321.01,1,3,10,0
11062.94,13769.26,0,5,11,0
826.32,3599.26,1,1,15,0
12157.14,10978.63,1,8,20,0
11663.75,11174.81,0,14,13,1
434.57,1785.33,0,6,9,0
48714.73,14119.4,0,5,23,1
5673.1,8356.91,0,1,11,0
4565.37,3682.85,0,3,16,0
3601.32,6231.27,1,12,14,0
11132.76,7454.9,0,6,23,0
18504.34,12291.25,0,1,5,0
8182.34,8484.55,0,2,9,0
2720.58,3397.96,0,5,18,0
43348.72,13151.16,0,14,2,1
2824.0,17871.57,0,4,7,0
37275.91,12265.15,1,4,18,0
5030.48,3776.96,0,13,4,0
15706.01,13238.2,0,2,12,0
3462.43,3455.02,0,4,3,0
10403.5,11018.57,1,4,21,0
33857.38,12688.85,1,3,6,0
17231.9,17754.41,0,1,15,0
3958.17,4023.99,0,2,12,0
8946.88,9976.03,0,5,18,0
140090.2,15878.29,0,1,15,0
58107.93,6805.73,0,10,14,1
1561.46,4612.68,0,3,12,0
9243.64,6339.01,0,1,21,0
65228.84,16258.48,0,5,12,1
76743.78,7298.28,0,1,23,0
13754.33,8157.91,0,1,0,0
5541.2,4610.75,0,2,22,0
715.71,1750.64,0,5,5,1
14648.9,2152.14,0,2,10,0
13449.99,15294.43,0,4,21,0
7879.21,6140.02,0,5,13,0
7861.5,6674.81,1,5,19,0
9220.18,4464.28,0,5,22,0
11288.9,11674.54,1,2,20,0
3190.49,17961.2,1,4,19,0
1677.0,16414.68,0,3,15,0
906.07,13890.03,0,1,20,0
10244.44,10029.31,1,3,7,1
4963.3,6539.79,0,2,12,1
12934.25,17762.99,0,9,22,0
9287.32,13693.24,0,5,9,0
44690.72,10271.07,0,3,10,0
55647.33,16020.02,1,3,4,0
10678.99,14318.47,1,5,19,0
20379.73,17073.13,0,2,3,0
2764.98,10789.21,0,3,14,0
5548.43,14890.92,0,2,21,0
2215.33,1876.2,1,3,13,0
26144.59,8001.76,0,7,12,1
1974.82,2463.84,0,1,10,0
3932.44,17164.62,0,4,11,0
11361.88,1797.11,0,1,12,0
4395.95,4729.21,0,2,14,0
479.27,4711.54,0,2,15,0
22170.63,14045.21,0,2,18,0
29208.14,10592.07,0,2,10,0
10176.06,14398.04,1,5,14,0
15101.94,14757.45,1,3,21,0
10950.05,12929.82,0,2,0,0
1072.46,2770.35,0,6,20,0
33324.79,15103.99,0,3,16,0
6812.82,12672.13,0,5,14,0
12763.5,10348.6,0,1,21,0
20075.79,13329.42,0,3,20,0
15875.03,15498.95,1,2,18,1
6493.21,8627.49,1,2,5,0
13102.45,16231.21,1,2,14,0
3191.94,1941.25,1,7,19,0
2429.72,2284.23,0,7,19,0
10289.97,12208.09,0,4,8,0
13091.11,14658.93,1,3,21,0
11047.52,9477.23,0,5,16,0
9715.98,2645.37,0,11,6,1
11199.1,14466.16,1,10,0,1
1229.68,1503.26,0,1,19,0
2142.24,17560.34,0,3,6,0
1735.1,2846.56,1,4,11,0
73235.04,9002.36,0,13,5,1
125957.59,9323.7,0,4,22,0
13895.58,8803.82,0,3,8,0
1350.53,1526.91,0,2,19,0
472.11,1820.48,0,5,20,0
11200.41,16320.89,0,1,18,0
17892.93,16922.27,0,5,14,0
580.85,3462.73,0,1,15,0
3204.36,2742.96,0,7,12,0
4176.66,13572.19,0,2,4,0
3165.81,17263.27,0,3,15,0
3775.1,3101.0,1,3,11,0
38916.03,11800.78,0,3,7,0
1527.94,11331.66,0,12,8,0
2521.29,2180.68,0,3,7,0
12772.5,17123.72,0,2,5,0
5367.14,9089.15,0,3,10,0
6584.67,5921.45,0,2,19,0
120563.71,13116.13,0,3,1,1
112973.36,11171.26,1,5,9,1
18977.63,16599.65,0,2,17,0
14392.4,13707.21,0,4,22,0
6223.83,8366.67,0,2,20,0
2011.57,7287.11,0,4,21,0
7173.01,10802.8,0,11,15,0
8588.7,12793.1,0,3,16,0
293.77,4894.25,0,2,13,0
9370.12,13694.29,0,1,13,0
136103.12,13151.38,0,2,2,0
5786.06,4714.82,0,3,22,0
18144.54,10864.58,0,2,11,0
19591.9,16728.57,0,5,7,0
2095.42,5710.77,1,5,14,0
11970.16,13071.25,0,6,1,0
2849.44,2541.43,0,4,16,0
3496.42,6140.68,0,5,14,0
5121.94,12097.91,1,3,11,0
24978.13,16581.08,1,1,13,0
12468.47,9568.1,1,6,16,0
3887.04,13533.68,0,1,22,0
4275.08,8043.12,0,9,13,0
109004.74,8333.93,1,4,11,1
11279.09,11758.54,1,7,21,1
2445.73,9134.75,0,4,17,0
9281.78,11321.01,0,4,14,0
144938.44,13092.38,0,1,20,0
17293.57,17612.96,0,2,18,0
19521.92,14103.54,0,2,22,0
56874.73,12760.76,0,3,15,0
14766.24,12104.97,0,3,7,0
7446.45,10505.67,0,2,17,0
8202.97,14752.13,0,5,5,0
4044.45,7730.87,0,2,13,0
17666.07,13827.33,0,14,15,0
4725.55,12308.08,0,4,0,1
9805.96,11498.62,1,8,4,0
3785.01,3616.84,0,13,10,0
5205.65,7236.3,1,4,19,0
3293.26,3372.5,1,11,16,0
6434.28,4198.59,0,1,1,0
132878.73,15856.03,0,4,6,1
7063.52,6678.47,0,6,0,0
6637.07,11142.41,0,9,8,0
3634.65,10592.82,0,3,9,0
2264.38,2395.8,1,3,14,0
42768.73,10417.87,0,1,18,0
2466.69,2891.55,1,1,9,0
1237.56,6025.05,0,4,17,0
5489.43,16266.0,0,2,0,0
6779.84,8797.25,1,4,4,0
90008.01,9811.88,0,4,19,0
15488.82,15236.37,1,5,7,0
2991.86,4441.87,0,1,14,0
3483.49,4825.33,1,2,7,0
2478.07,2403.77,0,3,3,0
6508.49,4793.6,1,2,4,0
105820.7,11910.05,0,5,2,0
5955.58,5455.41,1,2,11,0
17955.1,10158.58,1,9,12,0
1690.44,6114.0,0,3,3,0
21139.76,16104.03,0,5,10,0
8025.09,10132.27,0,2,22,0
6229.24,6200.27,1,2,13,0
16415.25,11271.42,0,2,22,0
153264.73,12992.54,1,2,17,0
2924.39,9521.93,0,5,7,0
16395.55,14595.6,0,5,10,0
47732.11,8424.37,1,4,2,0
8577.37,6878.85,1,4,3,1
5185.97,4921.21,1,1,6,0
48402.41,11912.08,0,13,20,0
17460.15,16817.07,0,6,20,0
5869.41,7009.57,1,9,2,1
1836.5,11515.03,1,2,17,0
3403.49,6543.43,0,2,6,0
8839.47,9425.14,1,1,7,0
507.05,4761.51,1,6,22,0
15985.31,13011.78,1,2,10,0
15357.64,11964.87,0,1,19,0
69906.06,7467.8,0,3,12,0
3766.27,13775.26,0,4,1,0
5455.82,4238.88,1,2,19,0
13974.15,11371.96,1,3,4,0
8662.78,6644.23,0,4,9,0
3103.37,12304.23,0,6,12,0
2307.91,17106.67,0,3,8,0
4153.18,5967.14,0,9,7,0
61164.94,17266.21,0,5,21,0
3409.8,6992.3,0,2,16,0
16233.34,16548.76,0,3,15,0
11463.24,7998.27,0,2,9,0
15574.89,9170.37,0,11,9,1
2741.32,4034.61,0,5,17,0
16865.27,9053.42,0,13,20,0
496.72,5566.85,1,7,15,0
17604.33,11551.8,0,4,22,0
18680.89,16894.88,0,9,22,0
12691.83,12207.05,0,10,6,0
4342.17,9564.22,0,2,21,0
2895.02,12656.48,1,7,18,0
776.9,8450.6,0,3,15,0
2510.24,1794.71,0,4,18,0
33958.33,12050.22,0,15,10,0
6558.31,7844.62,0,3,18,0
10772.86,11090.22,1,4,16,0
20652.33,3421.93,1,1,22,0
6935.36,5800.13,1,8,10,1
1672.99,16323.19,0,9,4,0
16833.25,12262.82,1,10,14,0
57319.02,12731.17,1,2,14,0
120051.8,8904.23,0,1,0,1
1446.63,1809.38,1,15,23,1
14322.64,15534.27,0,5,12,0
907.33,3384.04,0,3,19,0
68888.74,16050.25,0,2,11,0
4926.57,16582.0,0,2,14,0
144091.84,10925.02,0,5,8,0
11130.57,11485.42,0,2,23,0
2829.95,17551.33,0,2,10,0
63605.05,4913.57,0,11,22,1
11274.92,16731.8,0,1,18,0
2060.82,6870.33,1,6,9,0
12365.5,9200.74,0,1,10,0
7117.63,13332.71,0,2,23,0
8945.42,12461.69,1,6,5,0
9982.64,3713.79,0,6,5,0
6160.92,2031.87,0,1,11,0
24685.49,14093.06,0,3,14,0
4192.18,13331.84,0,6,1,0
449.56,4611.24,1,3,14,0
2254.69,2930.74,1,8,15,0
1262.66,4411.25,0,8,21,0
9207.95,8913.37,0,4,23,0
13845.63,4875.42,0,4,20,0
104893.73,14434.79,0,5,15,0
38317.4,10684.04,0,1,12,0
7254.23,7795.44,0,3,20,0
562.67,1586.79,0,6,2,0
5606.05,14711.09,0,2,5,0
9718.95,7980.41,0,2,21,0
15398.78,13178.59,0,1,21,0
3209.5,10724.66,0,3,12,0
114132.25,11310.38,1,14,19,1
8887.23,8541.04,0,8,15,0
1388.67,1943.68,0,2,17,0
24518.7,16936.44,0,4,11,0
2655.04,9292.54,0,2,14,0
6212.27,5157.76,1,2,8,0
13070.27,17073.82,0,11,9,0
17165.66,13479.98,0,8,5,0
5567.1,7786.25,1,3,11,0
14411.8,14182.68,0,2,9,0
3970.35,3974.05,0,6,13,1
15376.15,14939.69,0,1,2,0
3223.12,4301.7,0,3,12,0
4450.68,4875.17,0,6,9,0
18482.3,17091.52,1,3,18,0
4441.57,5921.31,0,4,22,0
136017.36,17651.68,1,9,20,1
5920.0,16118.59,0,3,15,0
1630.65,13240.33,1,3,19,1
9473.94,6764.84,0,2,19,0
2533.86,14265.89,1,4,13,0
2695.75,4335.21,0,12,13,0
19798.88,9797.75,1,3,7,1
11530.84,12187.44,1,1,19,0
15147.64,16845.06,1,3,4,0
2981.3,14906.52,0,3,8,0
4393.89,3561.24,1,2,10,0
8435.29,9139.94,1,2,7,0
2732.81,2594.92,1,2,3,0
1867.3,6388.94,0,4,10,0
20535.9,17997.7,0,5,15,0
1205.69,3429.63,1,9,17,1
4477.75,13973.88,0,2,9,0
2292.98,1977.86,1,3,0,1
39631.86,2652.34,0,2,15,0
35154.64,2990.92,1,2,20,1
7749.4,5778.2,1,7,14,0
5828.95,8054.97,0,7,10,0
3189.19,4406.28,1,1,17,0
4219.04,14315.36,0,3,6,0
2660.31,4091.68,0,3,15,0
11995.45,16283.64,0,5,22,0
25787.6,8695.2,1,5,20,0
10990.09,17383.39,0,2,6,0
3258.73,11912.58,0,9,7,0
18313.48,15612.64,1,14,19,0
8829.84,7841.34,1,5,17,0
70672.1,5675.56,1,9,8,1
790.92,2401.51,0,14,12,0
38771.56,15910.67,0,2,9,0
103516.38,11138.27,0,1,8,0
30013.47,8289.68,1,2,10,1
73290.27,15791.81,0,2,22,0
976.99,2840.87,1,2,9,0
618.45,3025.39,0,11,22,0
8235.09,6548.06,0,2,4,0
39572.82,4834.89,1,2,18,0
2589.26,10937.19,0,10,23,0
18176.09,14998.86,0,2,11,0
20703.75,4891.71,1,3,0,1
8927.63,3058.7,0,5,16,0
25915.12,16139.0,0,3,21,0
1280.37,5044.52,0,3,19,0
2437.8,2868.45,0,3,6,0
17594.43,2924.93,0,11,22,0
6307.22,6381.44,0,3,3,0
1845.17,2092.33,0,4,20,0
999.72,5839.68,1,10,7,0
13665.78,8412.41,0,5,22,0
19678.52,4165.11,1,3,11,1
1753.45,4636.58,0,3,20,0
8820.3,9855.17,0,1,18,0
2535.87,2163.0,0,3,20,0
14131.49,10781.83,1,4,21,0
5186.72,3843.88,1,1,23,0
4251.89,3321.86,0,3,2,0
15238.24,13773.89,0,5,12,0
12964.53,13044.4,0,3,16,0
15396.97,15958.41,0,2,12,0
4869.93,3572.58,1,11,3,0
11089.46,7036.36,0,12,22,1
1069.64,7841.06,0,5,17,0
16005.8,15233.42,0,3,12,0
16164.04,15912.89,0,2,1,0
8553.62,8968.56,0,1,19,0
29572.13,14343.33,0,3,10,0
8032.66,11341.14,0,4,23,0
6391.05,9430.03,0,1,7,0
12612.32,10096.6,0,3,4,0
11323.98,9427.42,0,1,18,0
13342.75,10470.28,0,3,14,0
3910.95,8644.47,0,5,18,0
33632.53,11673.14,0,15,17,0
17955.44,15073.64,0,8,2,0
5178.76,4426.01,0,9,23,1
3834.79,12853.28,0,5,16,0
6575.36,8727.44,1,3,14,0
6451.97,12002.72,0,2,14,0
3389.21,10237.44,1,5,10,0
15422.02,8663.38,1,2,1,1
6964.05,7059.64,0,2,13,0
35560.9,9355.51,0,3,8,0
14311.59,10081.19,0,5,13,0
9492.9,6746.85,0,2,8,0
9054.35,7005.11,1,4,18,1
1263.42,2257.96,0,3,7,0
21034.93,16570.79,0,5,19,0
9566.03,5074.65,1,1,13,1
13422.93,14912.94,1,2,17,0
8140.08,6048.48,1,2,11,0
2773.69,16171.76,0,2,7,0
14990.67,9791.52,0,8,10,0
20955.19,15775.53,0,1,10,0
41579.23,10023.45,0,4,4,0
2198.05,8508.82,1,2,14,0
13295.79,12643.18,1,1,15,0
8040.79,9907.86,0,6,23,0
11974.42,10216.11,0,5,16,1
14042.39,11733.45,0,2,4,0
25579.31,17859.52,0,2,7,0
5103.23,1926.73,0,2,13,0
18099.8,14387.07,0,1,20,0
5999.0,17325.09,0,13,19,1
11705.93,17411.42,0,3,2,0
216648.26,14967.99,0,2,9,0
2053.65,5848.57,1,2,14,0
2091.98,2279.63,1,4,16,0
16370.8,14104.69,1,12,21,1
10002.86,11937.61,0,2,15,0
4086.92,15634.14,1,2,9,0
9975.87,10191.76,0,3,10,0
6998.51,6662.83,0,6,10,0
538.15,6001.79,0,2,22,0
248605.99,17277.09,0,4,23,1
17474.26,7468.21,0,10,23,0
1559.08,13786.73,0,4,9,0
14726.92,16734.66,0,2,12,0
2362.69,14954.99,0,6,0,0
3220.07,9759.01,1,3,7,0
13187.87,15606.01,0,1,8,0
8715.61,14299.48,0,5,1,0
9971.55,6654.4,1,1,10,0
8318.59,6265.22,1,5,10,0
4752.37,5266.9,0,3,3,0
9186.19,10492.22,0,4,0,0
3251.59,4900.55,1,13,14,0
1702.34,2424.89,1,4,2,0
11638.59,4822.25,0,4,15,0
1464.19,2453.97,0,3,13,0
11021.56,16127.63,1,2,21,0
6349.62,9016.81,0,2,14,0
1914.24,12859.0,0,3,20,0
7283.04,7403.63,0,4,14,0
5283.69,4783.75,0,5,0,0
15208.72,12932.07,0,6,15,0
16868.67,13345.89,0,3,17,0
10066.23,8033.88,0,2,19,0
11961.73,13306.48,0,3,16,0
995.28,9634.51,0,1,2,0
10914.75,9811.98,1,5,19,0
19825.92,11983.71,0,4,17,0
12074.33,16933.79,1,9,19,0
8143.19,9588.26,0,1,22,0
12376.19,10152.75,1,3,0,0
7063.08,9522.17,0,7,2,0
31476.61,14590.4,0,5,0,1
1301.38,1892.78,1,3,21,0
10743.68,7013.62,1,2,2,0
14476.14,17635.26,0,2,6,0
12947.36,9843.32,0,5,11,0
12384.83,11980.08,0,2,10,0
4017.25,13070.97,0,7,9,0
2464.71,3255.41,0,3,5,0
14312.27,15946.39,0,2,14,0
16293.44,17827.45,0,5,11,0
5700.02,12319.47,0,1,5,0
10759.91,7330.07,0,1,19,0
37078.88,3852.43,0,3,9,0
1536.35,6283.46,0,2,19,0
13771.48,17733.45,0,13,20,1
37826.5,16948.6,0,4,16,0
13671.07,14222.04,0,1,14,0
9283.91,14799.84,0,3,14,0
11064.95,15371.49,0,6,4,0
17978.02,14655.8,1,6,23,0
9386.99,12537.64,0,3,18,0
1652.89,3149.21,1,5,20,0
731.26,9157.09,0,4,7,0
17177.93,12783.44,0,4,13,0
1423.67,3582.28,1,2,5,0
54214.78,15258.75,0,2,22,0
2463.45,2063.96,0,13,21,0
23443.74,17378.54,0,1,23,0
1585.49,8757.58,0,2,20,0
54203.47,11407.53,0,4,12,0
2414.52,14669.63,0,9,1,0
8061.85,9725.44,0,3,16,0
8427.9,10108.74,0,2,16,0
6260.69,10088.74,1,5,17,0
2313.35,2223.66,0,4,1,0
7632.49,12089.92,0,2,22,0
1412.72,4153.04,0,1,11,0
3161.46,4615.8,0,4,20,0
1395.28,12668.5,0,7,23,0
445.81,1528.46,1,1,18,0
5749.7,4552.63,0,2,16,0
1056.79,9620.53,0,2,22,0
2117.38,14415.13,0,4,21,0
32982.14,16873.09,0,1,19,0
13938.77,15327.42,0,2,6,0
41374.43,14374.97,0,5,5,0
7107.2,7222.69,0,2,10,0
3929.37,11898.89,0,3,7,0
4289.54,16436.99,0,1,19,0
12641.63,17623.68,1,2,14,0
4451.79,11933.14,1,3,10,0
16490.99,13219.05,1,3,18,0
10142.78,6370.68,0,1,16,0
1855.73,1888.21,0,7,17,0
17907.21,13855.65,0,4,13,0
869.47,12681.62,1,1,6,0
5293.87,12261.66,0,4,2,0
5271.0,14314.7,0,2,6,0
4446.93,5372.61,0,4,20,0
6635.96,17242.79,0,5,21,0
13023.87,11241.33,0,10,12,0
6952.51,6679.5,0,2,14,0
7502.57,11888.16,0,6,11,0
20037.26,13102.19,0,3,15,0
2688.62,9337.87,0,5,16,0
2226.38,9617.37,0,3,2,0
160891.94,11084.38,0,11,4,1
2840.54,2026.3,0,2,0,0
4207.51,5405.58,0,2,11,0
7859.85,9630.25,1,2,9,0
123773.87,8843.08,0,3,3,1
5767.77,7465.35,0,15,21,0
145389.13,15463.3,0,2,15,0
83240.31,8585.83,0,1,20,0
10950.68,10529.66,0,3,9,0
5360.9,13503.69,1,3,20,0
6983.58,12343.3,0,5,10,0
13227.05,9794.21,1,12,21,0
11575.17,9791.45,0,3,17,0
4817.38,4826.23,0,8,12,0
765.05,11601.69,1,3,22,0
1065.67,3602.54,0,2,9,0
202960.75,14119.26,0,6,10,1
23171.28,2116.02,0,3,16,1
211274.67,16318.98,1,6,4,1
3230.86,3323.68,0,15,6,0
94770.07,7240.04,0,1,0,0
8700.75,12934.09,1,1,18,0
294.44,2241.53,0,2,11,0
151659.15,13111.15,0,2,7,0
16057.16,16160.37,0,1,16,0
13402.45,11142.48,0,3,18,0
21187.39,17335.24,0,10,14,0
3427.15,3582.98,0,3,11,0
638.67,4725.64,0,4,15,0
2123.33,13621.25,0,3,9,0
5482.55,5329.33,0,1,18,0
2128.8,3108.52,1,2,2,0
1539.48,17131.91,1,3,13,0
2351.25,15642.84,1,1,20,0
77550.13,9051.81,0,5,21,1
3948.51,7874.14,0,1,7,0
19796.32,12721.0,0,1,20,0
1235.62,6178.09,0,4,17,0
60770.52,9520.86,0,1,20,0
2105.66,8595.44,0,5,12,0
11749.58,13629.64,0,6,13,0
34556.41,17240.45,0,1,7,0
6475.15,17744.44,1,11,16,0
1671.31,9642.86,0,5,16,0
3136.32,8527.76,0,2,17,0
7870.67,7815.41,0,3,10,0
728.84,2912.96,1,2,16,0
8852.79,6228.8,0,11,16,0
29993.35,17745.38,1,4,23,0
11391.64,13746.85,0,3,1,0
13843.48,2941.9,1,2,7,0
15523.17,14532.35,0,10,15,0
41126.69,11634.28,0,5,13,0
7183.52,13324.98,0,5,12,0
4395.25,5191.04,1,4,10,0
3247.72,8729.94,0,2,21,0
9047.49,3906.7,0,5,7,0
16721.01,14058.81,0,4,10,0
7248.84,7069.51,0,3,14,0
4181.52,4437.8,1,10,18,0
4839.77,7212.54,1,13,18,0
6332.97,4970.67,1,2,5,0
8602.16,9866.26,0,7,18,0
6843.09,8295.42,0,2,5,0
16717.73,14493.15,0,1,0,0
11336.08,12890.8,1,3,3,0
10763.18,11393.29,0,2,20,0
164708.17,15682.26,0,5,15,1
200814.84,13402.59,0,3,1,1
3570.96,17854.8,0,4,15,0
4418.55,3611.04,0,1,17,0
7572.45,6448.76,0,2,4,1
13033.6,7586.49,0,2,23,0
10958.61,10072.57,0,2,16,0
15823.53,12230.39,1,3,22,0
3424.89,5220.22,0,2,11,0
811.5,2209.09,1,5,14,0
12259.35,10822.75,0,2,10,0
12087.54,5158.0,1,1,8,0
7572.51,5581.03,0,4,15,0
11184.11,16318.02,0,3,9,0
7372.32,8331.46,0,4,11,0
3753.78,3248.05,0,3,14,0
7081.81,6020.87,1,7,11,1
7852.28,17990.46,1,3,22,0
8159.84,10755.86,0,6,16,0
2333.54,11725.37,0,8,10,0
12449.56,10945.11,0,4,11,0
4064.94,6615.0,1,3,10,0
136982.45,9133.11,0,1,9,0
24720.31,16778.44,1,3,4,0
1552.53,7716.68,1,14,23,1
17060.57,15584.96,0,12,0,0
44006.24,15296.07,0,14,20,0
3298.01,6016.06,1,8,2,0
184944.34,12863.01,0,4,10,1
55038.7,4958.34,0,1,3,1
6016.92,6049.19,0,2,19,0
3759.94,4895.62,1,2,23,0
3742.33,5195.1,0,4,21,0
86732.7,7093.89,0,4,12,0
155877.14,17127.02,1,5,5,1
4210.22,4166.05,1,3,3,1
6289.94,4926.76,1,1,12,0
40794.34,7400.07,0,14,18,0
1513.74,7512.94,1,2,10,0
6844.84,13343.04,0,6,12,0
6244.95,4725.68,0,4,13,1
12892.49,12679.13,1,4,18,0
6115.93,8495.99,0,3,14,0
9873.78,7023.66,0,4,22,0
14540.07,7792.0,0,4,21,0
15990.8,14190.34,1,3,7,0
22908.82,6478.28,0,2,7,0
62165.39,13487.91,0,3,8,0
13355.04,10083.22,0,1,6,0
9807.83,12320.6,1,1,20,0
14889.69,13645.06,0,1,15,0
4195.88,4045.67,1,5,3,0
1870.4,4993.73,1,4,17,0
13228.92,17535.14,0,3,18,0
2841.11,14205.54,0,3,11,0
10204.46,11731.86,0,2,21,0
53676.74,14977.53,0,7,15,0
855.19,2900.09,1,1,13,0
5999.03,7899.76,0,3,0,0
943.06,14925.52,0,3,9,0
1443.18,4839.68,1,3,18,0
32368.9,16938.78,1,2,9,0
3623.35,4912.42,1,2,20,0
3254.14,8833.05,0,1,9,0
13767.93,12034.71,0,4,21,0
26145.29,11565.58,1,2,10,0
15548.83,13532.84,1,3,13,0
9095.4,7033.79,0,5,18,0
6982.97,12564.81,1,2,16,0
21195.53,14608.54,1,3,9,0
7808.44,13689.53,0,1,7,0
11044.16,12114.3,1,3,12,0
14164.96,10057.44,0,3,22,0
6567.22,11372.26,0,2,12,0
10045.15,13136.87,0,5,22,0
7995.25,8352.18,1,3,16,0
990.37,8120.45,0,3,8,0
3163.55,8646.5,0,1,14,0
127849.39,12199.39,0,3,21,0
57648.09,11626.93,0,3,4,1
65338.35,17693.06,0,1,22,0
7951.28,6231.77,0,4,15,0
13456.86,8661.59,0,3,18,0
6017.24,17700.34,0,15,7,0
218836.14,16969.78,0,2,13,0
6453.9,5891.67,1,4,7,1
10904.66,16958.96,1,1,8,0
10843.15,12208.89,0,14,14,0
5870.55,11033.92,0,2,19,0
11305.26,5967.67,0,1,19,0
16515.38,1775.09,0,4,10,0
4715.77,8572.47,1,3,9,0
16018.66,12105.04,1,14,9,0
127163.66,9981.59,0,9,3,1
115819.45,14570.6,0,1,22,0
3348.08,10087.55,1,3,3,0
14576.19,14153.22,1,4,14,0
13810.04,9535.77,0,3,10,0
3374.95,4370.79,0,6,4,0
5755.86,10421.91,0,11,1,0
1549.82,11650.63,0,2,8,0
1836.54,13234.19,1,1,21,0
799.49,10061.16,0,8,13,0
4470.95,12306.56,1,2,7,0
10798.22,6512.69,0,2,7,0
19418.82,9251.71,0,1,10,0
14167.25,14485.56,1,7,23,0
10698.34,7891.98,1,9,21,1
4545.91,6333.72,0,5,20,0
7651.4,11570.53,0,1,7,0
21721.61,16130.61,1,2,17,1
1814.67,8771.74,0,3,1,0
11138.5,7281.06,1,3,19,1
8984.44,9544.45,1,2,16,0
8750.72,9295.73,0,1,2,0
20047.73,14866.46,0,4,12,0
25459.98,16475.81,0,8,18,0
7929.6,9395.14,1,1,11,0
4803.67,4629.17,1,3,7,0
23824.63,15432.82,0,3,21,0
178329.95,14281.29,0,3,19,0
10267.63,11573.16,0,1,13,0
8306.62,9354.83,1,3,12,0
10103.32,15999.6,0,3,11,0
9308.29,9733.82,0,1,21,0
15708.88,14315.98,0,1,9,0
1124.05,4594.27,1,1,18,0
69146.15,14249.43,1,1,2,1
1597.68,2532.1,0,5,5,0
12399.29,13581.44,0,6,12,0
639.45,2994.55,0,7,3,0
9847.46,5916.2,1,1,18,1
12009.95,11145.7,0,6,12,0
20665.49,17970.77,1,2,19,0
6338.96,4311.53,1,6,5,0
117766.06,10667.61,1,2,16,0
9386.33,6347.37,0,3,5,0
3470.91,17354.56,0,3,18,0
7453.39,6753.37,1,5,15,0
7649.64,16288.7,0,8,16,0
36195.1,13829.26,0,1,22,0
18132.54,16244.2,1,4,20,0
14573.23,13708.26,0,1,10,0
1836.53,3543.02,0,11,22,0
5901.47,5707.79,1,3,9,0
13849.75,17780.75,1,3,7,0
32623.14,16827.52,0,15,23,0
682.07,4538.3,0,1,14,0
2897.05,5540.37,0,2,9,0
16317.51,11722.6,1,2,20,0
10129.5,8234.3,0,3,9,0
9294.65,11320.62,0,2,16,0
9887.95,15081.28,0,4,2,0
4346.7,3837.04,1,7,19,0
8290.52,15213.36,0,7,8,0
6910.38,6453.4,0,2,2,0
1827.85,3197.9,0,8,20,0
1033.64,16601.56,1,3,3,0
8699.16,10892.0,0,10,7,0
69127.56,17538.89,0,5,7,0
3607.3,9523.63,1,5,21,0
7131.42,6882.93,1,11,19,0
814.65,4984.7,0,6,9,0
13902.17,15492.34,0,7,12,0
19144.9,17091.74,1,5,8,0
43458.06,16006.8,0,5,15,0
4787.17,2076.86,1,13,20,0
921.94,8501.81,0,1,16,0
4028.51,4181.1,1,5,18,0
118361.33,12339.19,0,3,1,0
14874.66,13157.08,0,3,17,0
54700.83,11429.02,0,7,4,0
1997.88,9989.41,0,1,8,0
8286.05,10364.11,1,1,11,0
9495.87,14714.59,0,4,7,0
17930.42,14391.52,0,1,23,0
5712.28,6507.7,1,3,13,0
1389.28,10804.61,1,15,16,1
803.84,2581.25,0,4,5,0
4099.19,2804.64,0,7,1,0
5288.02,4181.8,0,1,8,0
5943.99,5487.74,0,7,8,0
3593.27,11555.58,0,5,10,0
2817.77,2518.77,1,4,8,0
2890.86,4017.5,0,3,5,0
27074.02,15620.84,1,2,5,0
11362.89,15356.06,0,1,7,0
5711.82,5924.1,0,6,17,0
12435.04,17123.35,1,1,0,0
104800.69,8390.72,0,1,21,0
48490.84,6034.61,0,5,8,1
10628.46,12195.03,1,4,23,1
7377.15,3863.52,0,2,22,0
1189.22,5946.09,0,9,11,0
566.48,2535.59,0,3,12,0
6845.34,2898.51,0,9,7,0
23127.06,15788.96,0,5,14,0
10459.76,6834.28,0,4,6,0
826.79,2265.66,1,4,13,0
47373.56,16551.39,0,5,22,0
2511.58,5490.43,0,1,6,0
8449.5,7805.22,1,2,5,0
4376.27,12228.5,1,2,11,0
17899.81,4046.01,1,4,17,0
3900.47,17946.49,0,11,21,0
2996.78,8367.25,0,3,0,0
11883.55,9471.12,0,5,7,0
13648.26,15668.74,0,8,4,0
12388.62,10862.06,1,3,21,0
2816.89,8040.29,0,6,19,0
6734.85,8713.01,1,2,13,0
3373.64,12419.9,0,7,15,0
14788.96,16577.5,0,1,7,0
50412.7,5830.43,1,3,10,1
1920.16,7091.95,0,3,9,0
16390.66,11964.07,1,4,13,0
12977.54,15407.27,0,2,15,0
26767.46,15686.94,0,5,7,0
13635.57,13422.42,0,1,8,0
6011.6,4491.26,0,2,12,0
11332.59,8270.63,1,3,20,0
2140.11,3963.72,0,5,15,0
8703.99,14459.77,0,1,11,0
2623.52,15166.55,1,1,15,0
13565.12,10728.04,0,3,15,1
14301.33,13780.52,0,2,18,0
7217.35,11613.66,0,2,1,0
12712.69,11369.35,0,5,0,0
19548.9,16933.69,0,3,11,0
1600.83,6499.44,0,3,15,0
14642.16,3644.11,0,1,16,0
69564.01,5184.82,1,4,21,0
5229.9,9426.38,1,2,15,0
3185.27,6010.52,0,14,22,0
113483.02,8656.63,0,2,12,1
17291.3,3909.52,0,6,9,0
15766.93,15880.6,0,5,6,0
4092.36,5444.16,1,5,21,0
17145.22,6310.46,0,11,8,0
1285.45,2708.56,1,3,19,0
14760.84,15508.14,0,3,23,1
61185.72,17867.07,0,5,11,0
10984.9,9643.8,0,2,12,0
65848.55,13669.54,0,4,22,0
17382.7,13743.82,0,10,11,0
2620.55,2352.36,0,13,23,0
3244.9,3190.24,0,12,1,0
2990.15,2097.38,0,3,18,0
11922.74,12923.46,0,12,7,0
7013.36,5478.12,0,2,10,0
11570.12,3082.01,1,4,15,1
831.12,1754.04,1,3,11,0
26414.62,16640.62,0,9,21,0
10293.26,8671.07,1,1,12,0
6174.17,5225.29,1,2,17,0
104200.97,9596.67,1,5,9,0
80830.18,8213.12,0,14,18,0
2425.91,11779.59,0,3,14,0
12070.72,15878.25,0,1,9,0
99167.12,14546.11,0,2,13,0
26577.4,16864.3,1,14,17,1
1586.93,4266.53,0,3,3,0
692.03,10080.85,1,3,19,0
1978.55,1860.34,0,3,9,0
18263.21,5223.03,0,12,16,0
3053.25,2348.42,0,2,13,0
8109.19,6035.16,0,5,7,0
13472.04,10548.02,1,1,2,0
5891.93,12819.82,0,15,16,0
11695.38,9940.03,0,2,10,0
41122.48,16653.54,1,8,22,1
173529.94,16451.99,0,2,19,1
6143.5,12000.74,1,5,18,0
21835.14,14084.07,0,3,7,0
20384.74,7966.58,1,4,14,0
19331.35,15930.49,0,12,11,1
26167.98,14961.7,0,3,13,0
3207.85,16039.23,0,4,8,0
6940.75,4719.86,0,3,8,0
2303.25,6056.14,0,3,15,0
18771.01,4293.45,1,9,20,1
8733.3,8979.77,0,12,21,0
21123.33,4061.01,0,1,9,0
19678.27,8499.74,1,4,22,0
32671.67,4661.17,0,1,14,0
1236.34,1565.05,0,5,21,0
8217.68,10667.76,0,7,2,0
59449.84,5869.34,0,5,22,0
30945.95,9352.56,0,7,2,1
6173.64,5487.56,1,2,16,0
26070.15,11599.36,0,6,14,1
17773.67,14431.42,1,6,18,0
12626.24,6187.09,0,7,18,0
87504.13,17574.94,0,4,6,0
3403.05,15521.52,0,7,15,0
12104.63,13142.43,0,4,4,0
4630.17,12591.96,0,1,12,0
2652.24,2645.21,1,4,0,0
2029.32,11334.56,1,4,1,0
11489.31,9572.28,0,9,8,0
10633.64,9031.46,0,5,18,0
9407.57,9785.19,1,1,18,1
11857.32,4499.64,0,2,12,0
15271.21,13265.7,0,8,13,0
13350.15,15890.77,0,1,4,0
29264.77,12312.28,1,3,3,0
6833.55,3057.92,0,2,2,0
6998.94,14383.83,0,2,23,0
17244.29,12685.15,1,5,14,0
3416.16,5724.41,1,2,9,0
2880.62,8921.28,0,3,12,0
3007.92,7908.49,0,3,0,0
14262.21,15513.19,0,10,21,0
22868.31,4947.83,0,5,13,0
5741.78,9401.53,0,4,19,0
25579.9,13116.53,0,5,8,0
3498.84,2238.88,1,2,21,1
7206.0,6372.67,0,1,14,0
14029.06,15557.0,1,10,10,0
20929.72,14208.19,0,4,17,0
4523.74,10983.18,1,5,16,0
741.01,1908.68,0,2,6,0
30525.16,10844.83,0,2,17,0
5383.04,8999.53,0,1,18,0
920.88,11745.21,0,3,10,0
8384.26,17424.95,1,2,7,0
12521.03,14268.52,1,5,9,0
2894.66,13016.03,0,2,17,0
1458.3,9673.61,0,1,0,0
7461.25,4167.89,0,1,7,0
5884.26,7091.12,1,7,22,0
4280.88,8093.95,0,2,17,0
980.96,10349.02,0,3,14,0
784.35,3152.2,1,3,21,0
2821.11,3205.93,1,2,20,0
9035.36,14549.27,1,2,18,0
42564.56,14083.25,0,2,20,1
1960.59,4973.47,1,3,7,0
1666.08,1719.33,0,3,18,0
6083.53,10212.79,0,1,16,0
22660.94,16696.01,1,8,13,0
12792.2,12476.82,0,4,12,0
55159.29,14011.22,0,1,2,1
8748.32,8481.54,1,2,11,0
7845.92,6878.29,0,3,0,0
17064.52,3258.37,0,3,18,0
5527.52,17162.67,0,2,21,0
200210.8,17938.3,0,4,19,0
17686.67,11669.14,1,8,23,0
3243.75,2083.93,0,2,5,0
76950.14,16203.78,0,2,5,0
1130.47,4787.04,0,3,22,0
15990.77,14013.14,1,1,9,0
11683.93,16969.29,1,3,17,0
8417.84,5038.42,0,1,13,0
2391.54,6011.59,0,1,3,0
12194.14,11879.03,1,1,10,0
15370.2,10449.01,1,2,14,0
16419.13,10716.12,0,4,13,0
13114.36,8534.83,0,4,22,0
12757.53,13787.6,0,3,15,0
8126.55,8231.04,0,7,6,0
29501.98,16936.59,0,1,0,0
2231.47,9914.82,1,3,16,1
17207.13,16953.52,1,2,18,0
88039.41,11563.11,0,6,19,0
2274.97,3198.49,0,8,2,0
6557.45,7387.66,1,6,12,0
8982.56,7726.9,1,4,11,0
19304.72,16236.65,0,8,14,0
43757.18,11984.58,1,3,3,0
11945.28,7055.56,0,3,9,0
23457.55,10993.33,0,2,17,0
2442.45,4181.75,0,3,22,0
6545.8,8468.78,1,10,19,0
72146.89,8613.99,0,5,18,0
18418.39,14401.83,0,10,9,0
2971.49,2142.03,0,2,18,0
11572.28,17326.95,1,5,2,1
24607.96,17501.95,1,1,14,0
31438.51,4747.19,1,4,15,1
17544.27,9255.78,1,3,0,0
48171.39,14064.88,0,1,21,0
129496.64,11827.94,0,2,8,0
27883.75,13508.07,1,5,5,0
11460.24,13049.11,0,5,20,0
525.54,1836.08,0,3,4,0
30858.09,2571.62,0,4,13,1
48584.27,5406.29,1,1,19,0
2356.02,2598.22,1,6,10,0
1654.81,4236.19,0,3,0,0
14980.95,11359.97,0,2,20,0
24656.31,17733.04,1,3,21,0
2240.26,2391.9,1,3,8,0
3006.7,2319.84,0,4,22,0
13589.92,8633.37,0,3,4,0
176859.35,16219.23,0,6,13,0
9863.32,3198.37,0,4,3,1
2617.76,3044.12,1,12,18,0
8894.47,8123.4,0,6,9,0
12305.14,17644.5,1,4,21,0
8832.08,8376.08,1,3,19,0
1784.35,5099.46,0,7,2,0
840.46,4052.94,1,5,15,0
582.89,11026.24,0,1,10,0
4668.18,14327.68,1,1,6,0
3701.69,11148.01,0,9,23,0
4240.8,2016.07,1,1,18,0
6593.16,6527.63,0,4,5,0
8483.99,12930.73,1,3,20,0
803.32,4354.28,0,3,13,0
212197.59,14470.06,0,4,3,0
710.42,14016.14,0,2,16,0
75966.66,17000.32,0,4,18,0
18531.75,8938.77,0,3,19,0
15245.15,17531.01,1,3,2,0
2601.2,2632.24,0,6,5,0
4821.79,3065.22,0,1,13,0
9898.99,8030.51,0,4,0,0
11250.08,11756.96,1,2,0,0
15244.63,15839.39,1,11,18,0
8819.67,7312.61,1,3,6,0
18438.07,15489.31,0,3,18,0
1924.96,10780.09,0,4,19,0
5743.56,8593.07,0,3,4,0
3675.85,2311.23,0,7,12,0
11928.41,17238.52,0,2,1,0
3840.93,6136.71,0,3,19,0
2964.94,14183.73,1,6,18,0
32503.82,15239.25,1,2,10,0
8853.14,9629.68,1,3,14,0
1436.64,5746.89,0,15,12,0
6767.4,5643.49,0,3,13,0
1066.16,2051.14,0,2,20,0
16708.04,14578.44,0,15,13,0
16546.5,3354.1,0,2,9,0
10301.78,16660.1,0,4,10,0
20602.87,6075.36,0,2,3,0
10049.65,8917.28,1,2,4,1
3769.95,3802.47,0,1,7,0
25788.91,6515.34,0,2,6,0
1674.78,5186.84,1,2,9,0
4704.73,4427.59,0,7,7,0
17714.86,14218.97,0,6,15,0
7340.37,5835.04,1,1,12,0
13514.51,15554.18,0,4,17,0
7302.39,6032.31,1,5,15,1
26178.74,3179.68,0,1,4,0
7397.94,9051.89,0,3,9,0
15573.36,14629.82,0,4,1,0
21422.69,15774.15,0,3,18,0
10118.53,10626.21,1,2,20,0
158566.99,14879.83,0,15,19,1
54753.25,4614.09,0,1,23,0
691.91,13474.37,1,8,7,0
2342.87,2745.92,0,3,9,0
1687.08,5306.1,0,2,22,0
13433.27,17454.82,0,4,15,0
3130.48,2900.16,1,1,7,0
9527.75,7645.06,1,3,15,1
2900.36,2946.22,1,14,13,0
12531.37,11881.77,0,3,13,0
13469.72,2437.49,0,1,0,0
30856.21,13841.84,0,7,14,0
6845.67,5576.62,1,3,9,0
16938.59,6760.73,0,6,11,0
24853.25,17274.77,0,1,7,0
69578.43,16547.93,0,3,2,0
2834.94,3302.97,0,10,1,0
13086.62,10991.92,0,1,13,0
5896.12,7461.43,1,6,14,0
64755.17,7034.69,0,4,6,0
18623.02,8508.5,0,2,22,1
87962.75,7304.67,0,2,21,0
6183.91,9462.45,0,2,10,0
13808.99,12003.05,0,2,15,0
19325.26,17896.23,0,3,14,0
14636.11,5533.85,0,1,17,0
13726.82,11957.2,0,2,20,0
2729.66,11060.32,0,2,4,0
16907.46,14375.26,0,1,14,0
10329.72,3541.08,0,3,1,0
33090.35,10357.67,1,5,10,0
12190.36,13421.73,0,3,10,0
5326.18,7187.7,0,7,10,0
3187.12,9582.99,0,12,8,0
8419.45,8221.41,0,7,14,0
10157.96,13968.99,0,4,10,0
15429.54,15807.1,0,9,12,0
18634.57,5551.84,0,2,7,0
119799.14,12001.59,0,1,17,0
4922.08,4784.32,0,7,0,0
4080.47,14893.91,0,4,14,0
68530.44,7438.89,0,2,17,0
13742.9,15818.72,1,5,18,0
2532.51,2353.87,0,5,8,0
18657.98,17326.31,0,4,22,0
11951.71,12357.53,0,5,11,0
12121.31,10752.02,0,2,6,0
5848.07,4403.14,0,1,19,0
1806.44,10080.78,1,3,10,0
4903.65,16487.58,0,4,7,0
8175.1,5973.42,1,3,10,0
4191.53,6408.75,1,5,6,0
4986.91,14553.7,0,3,16,0
22872.4,13673.66,0,7,0,0
1508.27,8766.22,1,4,2,0
3695.02,9900.92,0,2,4,0
30178.97,2353.97,0,7,12,1
109536.41,8348.02,0,2,4,0
7614.53,6528.68,1,4,9,0
779.1,2680.54,1,4,16,0
22357.62,6242.41,1,3,5,1
134800.29,13368.66,1,6,9,1
2787.28,2212.39,1,3,19,0
11874.32,8465.43,0,1,20,0
68462.58,15738.29,0,4,3,0
24065.08,17995.28,1,7,12,0
134027.22,13854.17,1,4,22,0
1907.25,8071.51,0,1,17,0
12867.05,12117.29,0,4,22,0
10685.46,10268.28,0,2,4,0
2940.04,1729.95,0,7,14,1
6497.2,11137.31,0,2,15,0
18119.72,13227.7,0,3,17,0
24029.5,8336.84,0,4,9,0
1702.63,1923.24,0,4,12,0
493.25,7898.73,0,9,10,0
12256.12,12266.57,1,1,19,0
11576.12,15072.62,1,4,13,0
148083.88,12316.08,0,10,6,0
9269.89,16664.55,0,1,22,0
56429.99,4384.32,1,2,8,0
1919.42,5298.53,1,3,15,0
1312.19,7327.6,0,2,15,0
1897.62,5048.14,1,8,9,0
15605.42,12053.11,0,4,5,0
7854.22,6424.89,0,7,19,0
15798.72,16369.49,0,1,8,0
10846.97,11336.87,0,3,7,0
7974.64,11601.65,0,10,10,0
7134.48,12201.4,1,2,8,0
4577.15,12202.64,0,3,18,0
6962.58,8674.56,0,3,9,0
17508.27,13684.91,0,5,16,0
5395.43,3640.99,1,6,8,1
968.41,2937.63,0,2,13,0
14728.89,12515.05,0,2,12,0
4803.28,7600.97,0,7,15,0
3726.92,8308.64,0,11,20,0
9793.67,8438.43,0,8,10,0
6928.13,4844.18,1,7,20,0
23680.47,15731.19,0,2,12,0
6872.11,11721.94,0,4,6,0
19282.54,15051.09,0,1,6,0
983.17,2133.88,0,10,22,0
2176.52,6037.02,0,2,3,0
5166.91,7629.73,0,5,9,0
9417.67,9007.54,0,2,15,0
6366.81,4712.25,0,10,21,0
4690.81,3475.89,1,4,16,0
995.3,2143.16,1,4,14,0
3339.15,16695.73,0,3,17,0
12539.38,14606.43,0,3,10,0
6831.76,17209.19,0,9,17,0
4273.93,9530.71,0,13,22,0
24832.85,14451.85,0,2,16,0
5259.65,4830.81,0,3,9,0
7177.92,7440.88,0,3,20,0
6657.85,16129.65,1,5,14,1
18663.48,11098.5,0,8,22,0
7194.65,7669.26,0,1,15,0
38175.85,5094.32,0,2,19,0
36445.98,13024.07,0,4,22,0
4970.57,4065.96,0,1,16,0
2635.55,4387.78,0,1,22,0
3754.84,14479.8,1,4,10,0
10752.99,9660.9,0,4,9,0
26873.61,9348.26,0,3,12,0
10183.45,8712.72,0,3,15,0
2095.91,1671.57,0,3,9,0
1347.96,1883.17,0,5,1,0
881.41,8877.57,0,3,11,0
12914.24,16912.84,0,2,19,0
1882.89,5746.64,0,4,18,0
17599.35,10906.66,0,1,18,0
14697.53,13102.46,0,4,14,0
9137.58,10155.28,0,2,9,0
2392.89,2281.65,0,4,18,0
4919.41,15892.64,0,2,18,0
16122.44,11946.96,1,4,17,0
761.06,7042.3,0,4,20,0
21901.12,16008.12,0,3,11,0
6542.58,7249.54,1,12,4,1
97984.66,8918.94,1,2,12,1
1907.8,6535.02,0,5,2,0
13651.82,16008.05,1,1,8,0
1765.98,12865.43,0,2,13,0
9073.53,2241.91,0,6,23,0
7469.16,10012.43,0,2,10,0
845.83,6023.22,1,3,22,0
6664.82,12878.37,0,2,15,0
27763.9,3030.48,1,2,15,0
4713.59,4361.84,0,3,15,0
3677.09,14440.0,1,2,17,0
7628.15,12239.62,0,3,8,0
2823.89,3094.32,0,4,22,0
2633.57,2079.24,0,10,20,0
1098.62,7702.14,0,3,2,0
15582.5,14668.61,0,6,7,0
14889.69,1647.48,1,3,8,0
3378.77,7511.89,0,3,6,0
23261.76,8544.38,0,5,13,0
9570.75,10673.5,0,1,8,0
7242.43,9251.81,1,3,13,0
13308.48,16136.57,0,5,7,0
3652.1,6014.51,0,4,13,0
68157.27,17263.02,0,3,5,1
4032.45,3781.74,0,2,11,0
1400.3,4805.82,0,5,6,0
64273.95,17346.25,1,2,16,0
5368.03,3957.19,0,12,8,0
9388.46,7242.76,0,2,21,0
2516.93,7032.17,0,1,9,0
4566.36,3478.57,0,1,23,0
8757.44,8033.46,0,5,21,0
10351.9,11863.36,1,2,22,0
8522.8,7094.03,0,2,21,0
90285.92,17844.87,0,6,18,0
14076.9,14388.56,0,3,9,0
8301.31,7942.37,1,2,11,0
5445.84,3409.59,0,13,22,0
10949.35,10023.48,0,5,13,0
5958.18,4521.93,0,4,14,0
22188.93,16940.84,1,1,2,1
15964.74,3809.15,1,1,13,0
14169.78,16279.56,1,1,12,0
4798.8,5529.38,0,4,17,0
7705.78,11210.48,0,5,6,0
29881.74,9240.68,0,4,9,1
17658.41,12008.11,0,4,22,0
440.4,7612.42,0,3,11,0
1758.2,5596.86,0,3,17,0
6692.32,7226.49,1,3,9,0
9107.85,7475.87,0,3,17,0
1213.84,7291.5,0,2,17,0
2257.52,2108.05,0,2,10,0
2551.27,1910.18,0,3,3,1
16603.0,17176.01,0,4,21,0
1749.29,8746.45,1,2,5,0
16096.29,17835.41,0,4,14,0
16125.28,2525.3,0,13,7,0
1628.39,4492.47,1,1,17,0
14186.65,17501.23,1,3,14,0
9808.74,11247.29,1,2,15,0
6497.94,8487.67,0,1,6,0
5286.61,8525.74,0,3,12,0
10855.78,11866.88,0,5,7,0
11566.27,4333.93,0,5,14,1
13365.67,17095.23,0,14,21,0
7633.48,7210.05,0,3,7,0
2484.73,17984.37,0,7,11,0
94640.04,10096.1,0,4,12,0
9393.03,10588.0,0,6,8,0
20282.68,16305.81,1,6,18,0
17103.5,9723.18,0,4,21,0
9333.52,8234.59,1,2,15,0
2470.34,2275.04,0,4,20,0
24618.56,17501.11,0,5,22,0
11302.49,8147.37,0,5,17,0
924.84,6109.53,0,2,21,0
1706.55,15464.66,0,6,13,0
26468.48,15276.75,0,15,0,0
20190.35,15939.15,0,5,1,0
1559.33,4353.3,1,10,22,0
12446.91,5121.82,0,5,10,0
2202.16,2200.56,0,2,14,0
28902.89,17370.11,0,1,17,0
6649.18,8655.45,1,3,8,0
7570.63,4026.53,1,1,22,0
1105.08,4109.77,0,3,1,0
14678.81,14367.85,0,3,9,0
13319.02,12782.3,1,1,19,0
2312.83,4192.91,0,6,15,0
5411.23,5629.15,0,2,16,0
8149.67,6768.93,0,7,16,0
869.19,16885.31,1,2,15,0
6384.68,7916.26,0,2,3,0
310.03,1609.05,0,7,14,0
12645.42,2399.26,0,3,6,0
10242.45,3090.76,1,3,9,0
16475.45,10529.58,0,2,9,0
1235.94,7708.63,0,14,16,0
6798.12,8157.85,0,2,17,0
3879.75,5607.19,0,3,15,0
33226.79,10994.15,1,1,20,1
11021.6,13218.16,0,4,14,0
7278.26,2478.96,0,1,9,0
6265.96,6436.05,0,3,2,0
16561.84,17734.26,1,7,16,0
2800.53,2768.43,0,2,3,0
5516.44,4877.88,0,5,11,0
21826.38,15020.09,0,2,10,0
33044.86,15904.29,0,2,13,0
2421.85,17516.52,1,4,2,0
9693.44,9789.81,0,6,17,1
5160.76,3728.13,0,1,9,0
8035.1,7994.33,0,1,12,0
2817.15,3622.36,0,1,6,0
3978.71,3542.67,0,3,1,0
18114.76,12252.55,0,5,5,0
32458.4,9677.48,0,9,18,0
1933.52,3678.53,0,7,9,0
10733.11,9165.94,1,2,3,1
178475.05,12282.21,0,5,10,0
56522.88,17664.6,1,11,18,1
12236.56,9491.21,0,3,20,0
1121.91,13532.98,0,5,21,0
6510.21,8165.94,1,3,15,0
2392.85,2138.45,0,2,22,0
8533.09,6169.82,1,3,9,0
11249.23,17337.78,0,8,7,0
6483.13,1903.98,0,4,1,0
39495.46,11270.92,0,6,13,0
12422.86,10221.48,1,8,19,1
6093.35,11162.1,1,1,19,0
9321.08,12637.81,1,3,6,0
32085.51,13626.14,1,1,15,0
2785.73,3039.57,1,10,14,0
19813.43,15010.76,0,2,14,0
51662.52,17906.67,0,10,20,0
2016.17,1574.25,1,12,19,1
19351.54,15887.83,0,4,14,0
6726.09,14226.25,1,4,12,0
3375.89,10642.03,1,6,20,0
531.96,2211.59,0,9,1,1
6428.73,8387.36,0,2,17,0
12104.13,14238.71,1,6,22,0
11766.18,8617.88,0,3,22,0
7515.98,15199.16,0,2,3,0
4101.38,11715.37,1,5,5,0
21295.21,6008.16,0,3,22,0
3365.94,10647.92,0,7,13,0
7599.16,7461.03,1,3,7,0
19192.23,15509.35,0,4,22,0
649.65,2198.6,0,1,15,0
47988.3,15926.96,1,11,9,0
4944.6,5277.41,0,2,9,0
1559.45,8895.57,0,2,12,0
7207.77,7164.33,0,2,6,0
76822.28,16017.51,0,7,21,0
7132.48,10408.77,0,7,7,0
14788.56,12704.35,1,2,14,0
24214.69,16956.2,1,6,15,0
89.77,1690.88,1,5,4,1
16553.27,15545.77,1,2,9,0
13154.23,14717.76,0,5,22,0
614.03,2380.29,0,12,9,0
2436.37,2441.47,1,6,10,0
18181.29,17690.83,0,7,11,0
8583.26,5518.88,0,2,15,0
8900.64,8492.82,0,3,16,0
29910.31,17615.06,0,5,21,0
1718.61,1756.99,0,2,16,0
447.27,4186.01,0,4,12,0
9101.97,7642.32,0,2,2,0
797.59,1565.07,0,2,9,0
12676.54,1664.28,0,2,20,0
1103.59,4375.29,0,3,17,0
7198.92,5364.72,1,1,12,0
1473.98,7141.08,1,1,6,0
21090.86,17874.52,0,3,3,0
6027.45,5695.35,1,3,7,0
1523.44,3841.61,0,7,13,0
40271.54,14960.81,0,4,3,0
17638.84,11366.18,0,2,10,0
2736.12,4144.5,1,4,22,0
56304.64,11384.79,0,2,17,0
23649.02,15960.51,0,8,14,0
3146.83,2614.2,0,4,15,0
26509.37,5523.23,0,3,0,0
14594.13,3121.58,0,1,7,0
17530.58,4078.52,0,5,16,0
17649.8,14601.64,0,5,4,0
2848.7,12178.59,0,2,5,0
66006.04,13213.36,0,1,18,0
37979.27,15830.25,0,6,19,0
16369.87,13135.18,0,4,9,0
7168.56,9446.26,0,4,19,0
10949.58,12976.43,1,2,21,0
11474.04,9255.29,0,3,12,0
228382.85,16609.21,0,5,22,1
37477.46,11524.63,0,3,20,0
213401.22,15889.72,1,4,17,1
41400.5,12219.21,0,7,15,0
5850.75,6169.16,0,2,8,0
2163.83,13388.72,0,3,11,0
21483.27,11573.0,0,2,17,0
6572.5,10286.75,1,3,22,0
12329.58,13032.93,0,6,8,0
6934.29,3949.31,0,7,23,1
13734.15,17631.63,1,5,16,0
13972.35,14006.93,1,3,10,0
2756.31,4066.51,0,1,17,0
97636.83,16357.74,0,2,0,0
3789.78,3889.74,0,3,11,0
10490.46,7458.48,1,3,12,0
6411.42,4337.0,0,1,17,0
1805.57,7582.81,0,3,14,0
13586.95,15212.35,1,3,0,0
19064.67,12535.16,0,2,21,0
3783.32,3210.67,0,1,18,0
12657.92,13379.74,0,12,12,0
4215.45,3168.86,0,10,5,0
16820.85,14136.37,0,2,21,0
20275.54,6732.49,0,6,9,0
1336.94,1509.42,0,4,17,0
40033.39,8407.04,0,11,15,0
34162.32,13368.23,0,7,15,0
40183.6,15381.78,1,2,22,0
75485.84,10091.09,0,2,15,1
1966.4,2333.84,1,4,16,0
14767.58,3013.49,0,4,8,0
7302.18,16233.21,0,3,1,0
49887.84,15026.41,0,1,1,0
7500.6,8273.2,1,12,5,1
11273.68,15025.86,1,3,1,0
1350.18,10419.89,0,7,9,0
6225.72,16969.83,1,2,5,0
1548.25,1695.75,1,3,1,0
60297.04,11313.58,0,2,20,0
93726.56,15662.65,0,2,10,0
44552.11,12841.06,0,2,8,0
8059.26,8493.93,1,2,7,0
15645.97,16480.9,0,3,21,0
3126.75,8156.92,0,2,16,0
1023.71,13120.21,0,1,15,0
12522.31,8243.25,0,6,18,0
87481.8,10354.15,0,6,14,1
4862.38,4911.65,0,14,20,1
2519.95,4973.14,0,2,19,0
6942.7,10691.03,1,4,16,0
4691.58,4488.47,0,5,8,0
11480.07,11844.71,0,3,13,0
11600.36,8568.12,0,4,21,0
17054.43,12586.51,0,15,18,0
3813.92,14221.7,1,5,10,0
15611.63,13484.48,0,4,11,0
10883.95,6683.75,1,4,12,0
8903.7,10286.13,0,2,13,0
3649.42,12198.56,1,1,10,0
1536.91,4723.69,1,2,17,0
31139.12,8101.1,0,2,20,0
214904.47,14605.03,1,13,2,1
13174.75,17555.5,0,2,12,0
7204.36,5691.46,0,15,13,0
4196.57,4638.34,0,1,1,0
3591.16,17424.84,1,2,13,0
15538.77,13748.93,0,9,20,0
28956.48,11296.36,0,7,23,0
6753.13,10923.42,1,3,21,1
53825.52,11206.26,0,11,12,0
1578.96,1943.12,0,5,12,0
4513.58,10650.65,0,3,9,0
1361.34,4883.33,1,11,14,0
6147.68,8077.64,0,2,13,0
24028.3,15743.85,1,2,8,0
22308.71,16211.0,0,2,15,0
6930.45,5148.96,0,3,13,0
53298.27,11565.4,0,4,23,1
2021.78,14715.76,0,4,15,0
2409.29,4069.58,0,5,8,0
2721.87,15614.66,0,2,18,0
4189.26,4074.14,1,10,10,1
10605.6,11374.87,0,3,1,0
12160.85,9368.09,1,2,20,1
16450.75,14819.76,0,8,4,0
7861.92,7030.16,1,8,19,0
25638.11,5594.84,0,1,14,0
6935.95,4131.13,1,3,21,0
5807.46,5780.74,1,3,19,1
2826.29,4107.83,0,3,13,0
132490.49,14626.17,0,1,9,0
14428.05,16553.58,0,1,1,0
22856.96,15403.71,0,4,10,0
4603.95,11995.85,1,2,12,0
9176.8,11354.72,0,3,7,0
15977.11,13542.01,1,4,0,1
8241.58,13714.44,0,4,9,0
1229.43,4582.03,1,4,9,0
1484.5,2117.31,0,3,10,0
1914.05,8915.98,0,9,15,0
2763.45,7555.44,0,7,8,0
885.52,4720.54,0,5,10,0
3994.53,7379.0,0,15,18,0
2293.75,2462.42,0,9,8,0
57763.32,14194.89,0,1,14,0
25929.04,6914.94,0,2,20,0
2715.72,3718.29,0,1,7,0
238.08,3669.98,0,4,21,0
36015.45,11374.14,0,3,23,0
174069.45,15593.43,1,1,11,0
22742.22,15755.4,0,2,12,0
5310.26,10948.26,0,1,18,0
107272.07,11099.78,1,10,17,1
4706.91,4170.77,0,2,22,0
7108.58,7239.8,0,1,11,0
2000.41,1677.44,0,5,19,0
5611.71,6575.87,0,3,21,0
7078.41,13406.76,0,7,12,0
7189.28,17314.01,0,5,1,0
14584.83,11992.67,0,8,11,0
15686.01,13549.39,0,4,15,0
18049.35,13239.66,1,2,8,0
4824.71,4623.55,1,2,0,0
12307.62,13785.67,0,4,11,0
3795.62,6001.27,1,1,7,0
9777.82,12210.19,1,1,18,0
18418.1,15445.6,0,8,2,0
6656.77,17686.58,0,3,9,0
7133.11,2016.18,0,11,8,1
28663.65,15617.49,0,3,12,0
25835.31,2051.57,0,2,12,0
2157.98,2569.33,0,3,15,0
22587.23,5496.77,1,1,20,1
7463.31,5722.99,1,4,22,1
6749.61,6425.95,0,4,20,0
11007.8,9617.87,0,2,15,0
15102.4,17404.63,0,4,18,0
42156.97,11053.94,0,3,20,1
7719.51,12788.51,0,1,20,0
5957.32,6625.79,0,3,7,0
30557.66,10320.91,0,1,19,0
2499.59,14238.42,0,3,22,0
2437.54,6598.0,0,2,14,0
14371.02,15836.02,1,3,7,0
7445.8,5556.95,1,5,4,1
3247.75,4492.31,1,4,10,0
10373.97,14839.42,0,3,16,0
209.04,2218.14,0,13,12,0
20886.99,17376.53,0,2,13,0
2746.35,13731.73,1,3,4,0
33261.51,7217.73,1,2,19,0
56675.72,4938.26,0,4,5,1
21024.53,10367.08,0,4,2,0
1405.51,5195.37,0,1,3,0
9520.47,7274.99,1,4,15,0
12439.74,9094.44,1,4,17,0
10758.89,2300.16,0,12,4,1
25856.64,6805.7,0,12,2,0
62408.9,10424.13,1,11,8,1
12627.14,12275.04,0,1,13,0
2866.09,17991.58,0,1,19,0
4571.35,5092.05,0,4,15,0
2242.32,1838.96,0,4,20,0
18479.05,16693.75,1,3,10,0
15332.09,14843.84,0,2,18,0
3436.46,3587.16,0,1,10,0
14550.55,13300.88,1,2,17,0
2801.64,8149.29,0,3,15,0
4932.88,4461.76,0,5,22,0
21916.43,4468.94,1,3,9,0
35752.1,15233.27,0,3,6,0
4487.3,7003.57,0,4,20,0
15895.09,9565.95,0,2,9,0
9607.68,16080.49,0,3,3,0
3616.38,12512.58,0,2,5,0
7975.25,11693.47,0,4,20,0
1767.38,10558.19,0,3,18,0
71701.03,13660.14,0,1,18,0
3235.87,16179.33,0,5,20,0
14981.44,14092.6,0,1,9,0
11509.25,14614.33,0,2,2,0
16682.39,11547.5,0,1,4,0
16938.01,15499.54,0,2,8,0
2671.93,5341.74,0,9,13,1
8876.23,10522.48,1,1,11,0
8628.03,10970.37,1,7,14,0
153659.13,11268.13,0,5,7,0
5340.47,5340.07,0,5,9,0
2478.22,5742.98,0,1,14,0
3504.04,11916.22,0,4,1,0
14114.37,5506.22,1,3,5,1
62822.49,15700.4,0,4,9,0
22329.22,17378.7,0,13,16,0
33060.03,11643.16,1,2,12,0
4561.64,11732.42,0,6,10,0
9731.96,9404.06,0,6,21,0
10287.9,11274.56,0,3,15,0
184983.49,12520.74,0,5,22,1
863.7,10247.3,1,7,0,0
2065.83,1950.68,0,4,18,0
7426.8,8118.17,1,2,16,0
10727.1,6103.66,1,2,17,0
4442.33,3905.09,0,2,16,0
1014.8,6572.1,0,4,12,0
4282.43,16545.88,1,3,18,0
11978.74,10369.37,0,3,18,0
50789.79,11788.22,0,4,23,0
7151.45,15076.07,1,4,18,0
48189.86,13316.16,1,5,1,1
4862.19,5262.87,0,2,16,0
17195.59,9481.45,0,3,7,0
6155.54,7753.99,0,4,23,0
400.44,2652.76,0,2,8,0
13457.77,12487.64,0,5,21,0
3080.72,4540.01,0,2,8,0
3036.07,8585.6,0,5,7,0
11502.6,14318.97,1,3,16,0
6057.09,5034.1,0,12,19,1
2983.09,2509.24,0,2,16,0
4981.21,4562.35,0,5,18,0
41339.5,3242.22,0,4,6,0
648.3,10008.84,1,1,18,0
1963.62,12570.2,0,2,22,0
1787.84,5313.36,0,6,21,0
13151.71,11681.81,0,4,10,0
2989.54,2887.9,0,4,15,0
685.91,1951.16,0,2,1,0
16309.5,14436.26,0,1,8,0
1681.03,3015.49,1,3,17,0
6010.19,5398.79,0,11,12,0
1763.23,1859.64,0,5,9,0
5847.33,12215.72,0,1,9,0
3640.7,4034.43,0,5,9,0
973.09,17572.6,0,8,7,0
40764.5,16667.16,0,1,12,0
4067.53,6089.62,0,1,16,0
942.55,8019.18,1,4,6,0
2194.86,1593.2,0,4,3,0
7980.21,8312.38,0,6,20,0
2499.0,3072.29,0,5,18,0
8919.84,9709.73,0,1,10,0
124663.8,10612.18,0,2,21,1
2214.59,5287.08,0,5,14,0
3349.62,3767.23,0,2,16,0
89466.83,6941.46,0,1,17,1
5388.79,2241.73,1,3,17,0
1299.99,4894.69,0,4,14,0
80156.57,9172.5,0,3,23,0
4659.66,15052.67,0,2,23,0
1915.45,14689.35,0,2,2,0
14066.35,9254.05,0,6,3,1
12897.53,12916.1,1,4,23,0
13705.32,9548.6,0,1,20,0
19723.07,14466.89,0,4,17,0
17532.14,16453.94,1,2,18,0
2597.55,9300.94,1,1,10,0
15382.18,17300.28,0,2,13,0
44522.52,9434.98,1,7,2,1
12149.01,8864.79,0,4,3,0
7978.13,1611.9,0,10,18,0
4134.42,6119.63,0,5,21,0
16206.58,15472.76,0,2,10,0
9837.7,8742.04,0,3,14,0
10225.91,8368.33,0,3,12,0
13499.05,9956.16,0,7,21,0
36010.04,3902.36,1,3,0,1
121443.53,10075.27,1,1,20,1
14508.65,14419.22,0,6,17,0
19091.83,17890.0,0,4,22,0
74291.58,7250.34,0,2,19,0
10705.2,16547.8,0,2,21,0
11781.84,12097.26,1,1,13,0
2550.14,9211.8,0,1,12,0
6370.78,16241.84,1,12,14,0
802.07,12138.75,0,5,12,0
28833.93,15829.29,0,3,19,0
16892.44,15599.61,1,2,7,0
17238.17,11404.14,0,5,19,0
5006.06,14385.16,0,4,3,0
3662.16,6180.47,1,14,9,0
383.67,2510.36,0,4,13,0
1938.59,2110.02,1,4,20,0
2127.69,3246.04,1,9,3,1
23140.91,16734.49,0,2,4,0
20000.93,14795.98,1,4,1,0
9556.92,3139.73,1,2,16,0
4459.68,7618.34,0,2,7,0
13308.52,13094.94,1,3,16,1
51126.33,17375.4,0,1,19,0
37043.36,16080.29,1,3,13,0
9462.18,9196.99,0,4,17,0
22279.77,17916.48,1,4,5,0
10294.73,13899.39,0,3,20,0
6702.09,7385.43,0,10,11,0
2349.57,15638.71,1,1,13,0
6874.28,8568.25,0,1,8,0
20898.42,17984.16,1,4,22,0
7441.74,11471.02,0,2,7,0
30538.65,13455.55,0,2,19,0
9301.06,11345.98,0,2,6,0
800.29,6026.83,1,4,20,0
106966.81,17255.43,0,6,19,0
27279.18,5220.42,0,5,20,0
10344.78,12176.65,0,4,22,0
1699.86,17878.75,0,5,17,0
3910.92,10662.82,0,2,16,0
15147.71,13361.68,0,7,22,0
1019.25,4799.76,0,3,21,0
5887.62,12546.33,1,3,2,0
155941.58,12348.57,0,7,15,0
199884.28,13810.12,1,3,11,1
27353.1,6770.33,0,4,10,0
2793.98,10921.59,1,4,8,1
2678.54,2665.74,1,5,6,0
7138.67,6066.62,0,8,5,0
337.63,2331.27,0,2,9,0
16873.95,15354.41,1,9,7,0
3354.08,2965.82,0,2,17,0
12685.39,13946.96,0,3,7,0
15163.86,8860.95,0,1,8,0
16473.72,12633.38,0,9,15,0
166493.51,14433.1,1,2,4,1
14093.39,13707.65,0,3,21,0
7525.34,6726.01,0,2,10,0
8254.22,10946.08,0,5,18,0
1790.58,7824.39,0,1,2,0
13888.97,17083.93,0,4,1,1
11982.94,15581.15,1,4,19,0
3042.55,11397.82,0,4,6,0
74061.56,6360.18,0,5,12,1
1839.66,6734.6,0,10,9,0
11853.3,9605.47,0,3,18,0
16565.7,17484.88,1,5,13,0
2241.06,10611.05,0,4,10,0
26425.53,6786.55,0,1,3,0
2706.16,8896.42,0,4,8,0
779.79,10468.86,1,2,13,0
3086.14,1891.98,1,4,20,0
14148.29,15474.14,1,8,18,0
15509.46,5982.98,0,3,11,0
10661.72,15570.81,0,2,8,0
14832.8,7780.94,1,3,11,0
2491.46,2903.48,0,2,3,0
171601.47,15782.24,1,7,22,0
14093.61,13030.39,0,2,8,0
1862.32,9521.61,0,4,2,0
17584.32,10812.48,0,6,18,1
1200.43,1922.1,0,4,15,0
4279.15,7561.21,0,3,9,0
17841.68,16894.25,1,9,21,0
10069.32,1586.07,0,2,7,0
12414.63,12545.94,1,4,22,0
282.18,1623.87,0,5,1,0
2459.91,8651.44,0,3,15,0
11995.73,6868.58,1,3,15,0
2394.97,3767.04,0,3,22,0
12757.77,11766.45,0,6,6,0
23658.39,8574.51,0,3,11,0
2486.92,3257.08,0,2,14,0
2352.43,2326.76,1,5,11,0
12150.64,9024.04,1,2,20,0
16196.76,14948.24,0,3,20,0
224341.17,15458.86,0,1,2,0
14300.05,11358.38,0,2,17,0
21082.72,16757.58,0,2,3,0
82193.09,16839.5,0,9,21,0
38664.56,9869.36,0,4,12,0
15029.35,11207.05,0,3,20,0
5024.24,3450.49,0,2,22,0
74517.3,15637.81,0,1,5,0
9014.3,7765.37,0,6,10,0
5902.25,5376.6,0,3,9,0
751.82,11433.18,0,1,4,0
13013.18,13762.0,1,2,10,1
10757.72,13213.79,0,2,10,0
1195.13,6768.29,0,3,11,0
6138.67,9536.25,0,13,12,0
7872.97,12770.36,0,2,17,0
12711.98,17175.88,1,2,7,0
8442.93,10001.39,0,2,14,0
4109.17,16150.16,0,3,11,0
1558.61,10784.02,0,2,18,0
1774.25,14829.26,0,13,17,0
11454.62,8825.06,0,1,12,0
1505.63,1762.62,0,4,16,0
2201.48,11514.95,0,2,17,0
33612.31,8595.63,1,2,17,0
4836.25,7446.46,0,5,19,0
9905.02,14034.6,1,4,18,0
64088.15,12676.8,1,1,9,0
135634.6,13836.55,1,2,12,1
8199.24,3744.45,0,15,21,0
9039.16,7939.56,0,1,9,0
7760.85,6062.52,1,6,13,1
4111.9,15487.15,0,4,16,0
11955.52,10797.4,0,3,18,0
5868.39,5039.89,0,1,13,0
13177.6,16573.45,0,2,17,0
4049.92,15337.39,0,4,19,0
10579.93,10080.75,0,1,20,0
1594.75,4895.11,0,1,22,0
26726.75,5633.4,0,1,1,0
7824.62,8897.9,0,4,10,0
15459.61,10233.55,1,2,10,0
25884.0,11767.77,1,4,17,0
10606.32,10645.71,1,2,10,0
9838.56,10441.14,1,1,8,1
16593.28,17930.19,0,3,9,0
21873.87,9076.42,0,3,16,0
4627.84,4186.98,0,3,18,0
20185.57,15205.47,1,4,23,1
22421.45,16529.61,1,2,12,0
8160.45,5795.23,1,3,18,0
2663.13,1931.1,0,2,18,0
16161.47,3977.14,0,4,14,0
7152.12,9747.94,1,3,14,0
20767.22,6741.31,0,2,22,0
7073.42,7590.85,1,9,3,0
8919.38,8662.43,0,3,8,0
6809.51,7959.62,0,3,7,0
36929.85,4640.23,0,8,9,0
5872.46,9057.97,1,2,7,0
2995.61,3015.28,1,5,8,0
8967.81,14270.0,0,2,20,0
12422.92,13367.67,1,4,1,0
42149.84,11584.76,0,5,6,0
2284.76,6973.24,0,1,18,0
3121.03,3763.52,0,5,15,0
3415.04,5620.64,0,2,14,0
9459.77,10602.03,0,3,9,0
13239.48,13561.0,0,3,10,0
15674.83,10889.07,0,1,16,0
47399.94,4047.92,0,4,7,0
25485.76,5218.84,0,2,14,0
38147.19,17101.4,0,5,20,0
17747.32,17745.94,0,14,10,1
40846.25,4498.11,0,7,12,1
33981.22,8355.79,1,11,22,1
65705.62,13622.61,0,6,19,0
36759.39,3573.45,1,4,4,1
7915.63,1667.27,0,5,22,1
6087.61,11443.96,0,3,13,0
9537.39,9529.86,1,7,14,0
9480.48,11473.82,0,2,1,0
12980.43,14492.83,1,5,17,0
1265.73,8212.54,0,2,22,0
18010.51,16441.53,1,3,15,0
15962.68,16729.37,0,5,22,0
5815.05,5811.42,0,9,5,0
7737.61,12204.51,0,3,17,0
27585.49,11018.21,0,11,19,0
64621.22,16382.25,0,3,18,0
130955.71,12490.4,1,2,7,1
2348.41,6184.49,0,3,16,0
4118.45,12518.65,1,4,7,0
30246.54,10829.02,0,2,16,0
27168.15,6825.82,0,4,20,0
3149.39,14560.95,1,5,9,0
6087.1,7942.71,0,5,16,1
2966.08,14830.41,0,4,17,0
13698.75,9902.19,0,6,1,0
5085.88,12974.78,0,13,15,0
4839.82,16246.64,1,2,15,0
9944.08,17424.1,1,1,17,0
5554.43,4625.87,0,3,1,0
2385.13,4073.11,0,3,6,0
2581.16,4867.34,0,4,6,0
12220.37,14341.99,1,5,19,1
4252.05,5759.0,1,11,1,1
26813.75,16791.62,1,2,16,0
1995.09,9777.42,0,15,8,0
1720.29,7570.42,1,11,5,0
8170.5,2263.87,0,11,18,1
14074.58,5204.12,0,3,22,0
4496.59,3220.13,0,2,0,1
5105.25,11518.93,0,3,21,0
30284.43,16493.65,0,4,7,0
11039.82,8962.06,0,3,11,0
19150.75,14439.25,0,3,0,0
28166.51,2648.07,1,10,9,1
54467.11,11571.72,0,3,3,0
80482.35,17543.8,1,4,8,1
13208.94,12826.74,1,8,8,1
114574.75,12885.42,0,8,20,1
4608.09,12150.46,0,2,17,0
3627.55,2714.6,0,15,19,0
4325.23,11031.57,0,3,17,0
12421.15,10006.35,0,2,17,0
9288.43,8585.4,1,5,15,0
38887.36,17386.32,0,2,9,0
2898.13,5399.95,1,4,0,0
3529.87,11579.07,1,3,3,0
7550.2,5077.1,0,2,18,0
2707.39,6986.23,0,4,20,0
5587.21,14884.38,1,6,1,1
5821.33,4291.62,0,7,23,1
8847.12,15865.49,1,5,7,0
4892.37,17185.89,1,11,17,0
2484.77,5089.99,0,1,14,0
12274.19,4746.7,1,2,21,0
1982.13,17371.12,1,1,7,0
5248.74,16142.48,0,7,4,0
2213.56,1940.09,0,4,0,0
4070.92,3013.4,0,8,23,0
5611.16,6437.3,1,3,18,0
106431.81,14727.63,1,5,21,0
3778.53,3803.79,1,2,11,0
17810.72,17872.08,0,3,14,0
16745.33,14947.75,0,3,7,0
3418.31,16399.32,1,2,7,0
2582.8,7519.8,0,5,8,0
221.06,2524.04,0,5,12,0
44179.34,17044.12,1,1,6,0
1064.58,10067.23,0,2,14,0
18613.83,14169.65,0,2,3,0
131727.7,10000.26,1,6,1,1
5565.49,5256.41,0,3,8,0
77949.19,17745.65,0,4,7,0
25604.72,3618.34,0,8,22,1
185.05,2962.1,1,1,13,1
21474.69,14185.51,0,2,23,0
12896.9,10945.56,0,2,17,0
11211.62,8749.28,0,2,13,0
2688.31,16937.51,0,3,14,0
4396.73,6154.63,0,5,15,0
2558.63,5072.19,0,4,5,0
3084.2,2703.86,1,1,16,0
18611.55,5047.44,0,3,11,0
1938.69,2774.17,0,3,14,0
2690.73,10349.13,1,2,2,0
716.74,4802.85,0,1,15,0
4192.46,15100.27,1,12,18,0
49688.18,15926.19,1,2,4,1
6728.57,8933.91,0,3,20,0
17570.73,15165.85,0,2,20,0
14292.16,13387.58,0,4,18,0
6713.24,7376.85,1,1,18,1
2032.91,11066.43,1,3,20,0
42322.68,13560.81,0,7,12,0
15266.46,3768.53,0,2,4,0
10412.77,13854.82,0,3,13,0
14823.66,13836.66,0,5,6,0
1526.79,5075.75,1,5,7,0
4130.91,2174.35,0,2,1,0
11881.2,8303.23,0,2,18,0
1084.18,7132.89,0,6,17,0
2043.92,11741.15,1,6,16,0
74886.56,8764.0,1,3,14,1
16392.2,16442.1,0,2,9,0
69187.37,9906.33,0,7,17,0
5877.82,5178.04,0,5,11,0
19820.1,3327.21,0,5,4,0
4222.6,17099.01,1,2,4,0
19700.46,13532.48,1,1,6,0
788.63,6366.79,0,2,22,0
26917.51,8720.6,1,1,12,0
6097.26,8694.88,0,2,16,0
9954.77,6269.88,1,4,8,1
352.26,1700.68,1,6,14,0
51946.58,14918.34,0,5,12,0
8220.6,11636.37,0,3,8,0
922.55,1824.96,1,5,0,0
1874.18,7078.41,1,1,15,0
2337.21,7220.48,1,1,18,0
12468.27,11826.26,0,6,11,0
3502.2,2102.95,1,6,12,0
10771.03,7495.51,0,2,17,0
181190.61,13452.23,0,15,16,0
1865.29,1594.56,0,2,12,0
12293.4,16442.69,0,7,11,0
8147.83,17255.82,0,4,7,0
51508.07,5157.03,0,10,23,1
13869.53,9912.2,1,1,20,0
9800.07,9637.95,0,4,16,0
6851.67,1935.53,0,4,14,0
2525.96,3672.67,0,9,14,0
15646.39,9333.38,0,3,20,0
24677.38,16151.28,0,2,21,0
35786.94,17740.21,0,3,16,0
6953.82,9297.46,0,1,20,0
15512.51,13038.65,0,3,7,0
55087.37,14599.06,0,2,10,0
1005.4,4101.17,0,5,22,0
15354.06,12424.69,0,5,23,0
82792.14,12468.52,0,15,4,1
625.43,3422.24,1,2,8,0
10594.24,9104.14,0,4,21,0
10705.48,11019.19,0,6,18,0
848.12,1569.51,0,6,13,0
22684.99,16516.42,0,3,23,0
10189.67,8966.23,1,5,14,0
49597.56,3722.42,0,2,12,0
5016.87,6323.14,0,8,17,0
3920.51,3036.3,0,4,9,0
27037.21,9801.71,0,3,5,0
24568.53,14189.52,1,1,11,0
21035.25,14288.65,0,6,7,0
5509.52,2481.53,0,2,7,0
18351.57,4181.68,0,2,17,0
21111.67,17485.43,0,4,22,0
7877.33,9819.47,1,4,7,0
8782.67,6066.83,0,1,19,0
1179.94,17779.38,1,3,15,0
9233.24,11233.23,0,2,10,0
3659.87,10444.3,1,8,17,0
2132.21,2396.12,0,3,0,0
7021.88,10054.73,0,2,21,0
3943.0,4494.72,0,2,11,0
8374.13,6534.53,0,2,16,0
27680.21,13430.5,1,4,17,1
3909.07,10647.87,0,4,15,0
26606.11,8111.07,1,15,4,1
12297.22,13296.13,0,2,19,0
2187.88,2202.1,0,4,12,0
6509.75,6713.37,0,3,6,0
3838.24,3612.87,1,4,11,0
1422.72,2175.62,0,1,21,0
67314.19,7107.71,1,9,13,1
6625.97,1948.51,0,1,12,0
74414.53,16941.92,0,2,10,0
3645.88,4568.58,1,3,17,0
18401.55,13782.23,0,2,2,0
9034.0,7932.02,1,2,13,0
37564.09,15313.83,0,4,4,1
4283.38,5511.8,1,3,15,0
4227.37,4963.77,1,4,9,0
5959.78,7880.64,0,2,21,0
4294.35,4306.44,1,1,22,0
74184.94,15509.58,1,11,21,1
3317.86,1572.0,0,2,15,1
6905.15,10631.62,1,3,20,0
4177.6,5000.76,1,2,14,0
1328.37,3803.45,0,4,19,0
16090.18,16344.93,1,9,1,0
9214.71,9829.06,1,1,14,0
8805.31,16814.61,1,2,10,0
5346.67,11396.36,0,8,9,0
17818.35,16290.27,1,6,22,1
2101.94,7361.02,0,4,21,0
4030.02,4967.73,1,4,10,0
2000.13,1819.59,1,1,10,0
570.59,4191.23,1,1,20,0
7554.07,13192.4,0,4,13,0
24411.58,15372.84,0,7,10,0
5913.93,14707.42,0,5,13,0
14480.35,2965.4,0,1,20,0
531.53,2194.63,0,1,3,0
2195.95,1848.94,0,11,23,0
3841.63,14733.99,0,3,18,0
34530.63,14282.57,1,4,10,0
4577.83,3379.47,0,1,17,0
17332.24,11725.29,0,4,15,0
1987.0,8284.03,1,3,22,0
6810.42,11393.64,0,4,2,0
5394.7,6010.16,0,5,17,0
12011.97,9820.45,0,5,22,0
4230.68,2658.31,0,7,20,0
794.94,12245.19,0,1,10,0
3343.39,11398.21,0,3,17,0
7107.75,7431.31,1,5,6,0
24607.35,17211.31,0,1,10,0
2946.59,2562.53,0,3,8,0
1096.36,11616.31,0,3,4,0
18003.47,14897.46,0,4,12,0
1404.54,7022.68,0,4,10,0
5506.9,7956.83,0,7,10,0
17851.51,11978.04,0,9,16,0
798.51,7354.23,0,6,4,0
12790.47,8609.6,0,3,16,0
8290.81,10478.7,0,5,19,0
9616.87,14697.65,0,4,11,0
19372.44,15695.71,0,1,18,0
1611.34,8056.71,0,3,9,0
1668.9,15075.57,1,7,11,0
14933.59,14063.25,1,3,20,0
3963.88,4390.48,0,6,8,0
14811.44,12806.04,0,5,11,0
4715.65,6615.04,0,1,13,0
14146.63,15057.87,0,1,12,0
1433.9,5727.39,0,2,13,0
10601.62,7186.72,0,2,21,0
1461.75,4100.59,0,5,11,0
1905.45,1966.33,0,5,2,0
6705.21,8489.87,0,1,4,0
2058.5,7521.17,0,8,8,0
14910.14,13614.1,0,4,21,0
4290.41,12159.33,1,5,5,0
843.63,3544.36,1,3,15,0
22993.37,13323.28,1,2,17,0
3567.81,6913.17,1,14,10,1
15266.41,14696.49,0,4,18,0
18910.45,17253.76,0,5,5,1
1004.4,5591.13,0,14,7,0
14507.0,13451.86,1,3,23,0
8967.46,6630.86,1,1,12,0
22207.8,15560.96,1,8,8,0
4526.11,7163.82,1,2,19,0
2331.71,1916.66,1,4,5,1
1361.84,2032.42,1,6,18,0
14201.24,15272.68,1,2,13,0
1059.04,13898.39,0,6,14,0
13767.27,11457.49,1,3,9,0
7840.53,7025.25,0,7,6,0
3465.21,13191.24,0,1,21,0
17389.19,6807.83,0,3,8,0
13816.17,14996.44,1,15,7,0
9727.22,8337.98,0,4,12,0
16115.9,17851.04,0,2,11,0
6652.83,4466.23,0,7,12,0
3459.31,5387.57,1,2,21,0
15594.7,17081.11,0,7,7,0
5793.47,7664.25,0,2,20,0
25279.74,17669.65,0,3,13,0
11938.86,12145.48,1,2,23,0
58160.99,16151.82,1,2,12,0
9828.07,3763.76,1,13,12,1
7365.87,2079.0,1,3,18,1
839.75,2714.12,0,3,20,0
218.91,1631.27,0,12,15,0
17137.07,14251.67,0,4,16,0
10417.01,8896.16,0,3,19,0
1335.14,13647.9,0,5,22,0
4055.34,3920.35,0,1,14,0
13508.1,13495.41,0,4,4,0
8539.4,8998.62,0,15,10,0
7478.17,16382.42,0,5,21,0
4778.75,5171.62,1,4,22,0
47281.77,10821.69,0,4,18,0
549.54,2633.19,1,8,5,0
2929.59,8442.34,1,5,16,0
443.57,3211.32,1,2,10,0
1905.77,2379.32,0,4,14,0
44849.5,16868.92,0,2,20,0
7708.25,10356.82,0,3,4,0
23374.57,17989.94,0,7,1,0
9705.75,11379.18,0,4,11,0
3642.61,6003.51,0,9,13,0
24036.79,16128.2,0,2,0,0
12926.44,3815.96,0,3,1,0
16803.76,11558.59,0,2,7,0
6129.34,8426.87,0,3,8,0
5754.55,8826.3,0,1,22,0
9047.77,7853.98,0,1,17,0
18735.1,12266.05,0,12,15,0
12113.93,9602.85,0,3,22,0
8741.92,9566.82,0,10,3,1
9912.99,2045.2,0,2,7,0
186.09,2484.23,0,15,10,0
18333.21,13238.25,0,3,10,0
6241.62,16255.48,0,1,22,0
157894.36,15994.79,0,3,19,0
10844.29,3433.56,0,1,21,0
14853.08,14775.01,0,3,19,0
26171.69,14986.16,0,10,11,0
801.33,4310.63,1,3,20,0
4480.33,17980.69,0,5,13,0
33013.94,12889.11,0,4,9,0
8159.37,6819.4,1,2,6,0
7287.7,5392.28,0,3,16,0
6744.39,6864.04,1,3,8,0
6796.27,10056.58,1,2,21,0
5617.86,4540.45,0,3,15,0
17059.48,13217.75,1,3,7,0
22122.64,12161.96,0,5,1,0
5995.65,7013.15,0,1,8,0
1624.27,13932.83,0,11,1,0
773.39,2334.81,0,2,20,0
28525.59,7349.68,1,2,12,0
310.81,5114.21,0,2,13,0
462.93,2009.21,0,4,3,0
3906.34,10113.2,1,2,10,0
54749.29,12681.37,0,4,0,1
10345.31,14437.34,0,3,14,0
498.12,2281.57,0,2,10,0
17300.66,15165.26,0,2,2,0
98422.67,6804.63,0,3,18,0
2820.42,3046.93,0,5,20,0
212.94,3064.58,0,4,18,0
24746.36,5930.48,0,1,17,0
34122.25,13190.95,1,2,21,0
9210.48,9329.75,0,3,8,0
20002.22,4617.6,0,6,7,0
44428.47,14923.17,0,7,18,1
4449.7,4485.29,0,1,14,0
48464.68,17483.46,0,5,6,0
2394.22,1767.22,0,2,16,0
4420.12,15145.63,0,1,21,0
16271.85,12282.44,0,3,12,0
79336.58,17637.75,0,2,20,0
29336.79,2258.39,0,4,18,0
763.68,2303.52,0,7,18,0
9118.61,10949.62,0,2,18,0
11247.4,17114.2,0,1,18,0
15505.04,9865.74,1,4,16,0
14967.19,14717.65,1,1,2,0
1049.54,13488.7,1,6,21,0
19111.71,15798.97,1,5,9,0
2470.27,13328.69,0,5,23,0
83889.71,16750.63,0,3,13,0
7052.4,5792.33,0,2,19,0
11407.67,10421.92,1,3,15,0
8319.48,6186.85,0,4,7,0
7871.17,9767.24,0,4,23,0
5025.9,5515.85,1,3,22,0
3420.08,9657.12,0,15,9,0
17868.94,12687.19,0,2,15,0
4816.49,3773.59,0,2,7,0
10989.86,12937.42,0,5,4,0
43194.5,15592.38,1,2,3,0
8941.78,16761.88,0,3,1,0
5318.55,12769.05,1,3,9,0
25131.3,17416.89,0,4,18,0
8722.41,10631.07,0,14,18,0
6153.56,8741.49,0,1,18,0
8807.25,10816.41,1,2,3,0
41808.82,4193.09,0,2,17,0
2005.04,3085.27,0,3,21,0
6068.38,11568.45,1,5,8,0
9658.61,8302.11,0,3,10,0
1220.51,9952.77,0,2,18,0
84052.67,5661.37,0,3,19,1
15019.2,13735.4,0,2,12,0
5657.49,12609.92,0,5,16,0
3066.26,2897.06,0,4,18,0
6789.39,6846.98,0,4,11,0
7560.37,13017.91,0,4,23,0
11420.45,12941.8,0,8,13,0
660.07,2958.44,0,8,8,0
3666.21,14768.05,0,3,19,0
14900.2,14253.47,1,3,16,1
10135.39,13331.44,0,4,8,0
4897.11,4911.4,0,5,23,1
19814.73,16831.18,1,4,2,1
3880.56,8269.6,0,5,16,0
9845.05,7849.11,0,12,12,0
11090.68,8471.53,0,11,6,0
826.79,5537.34,1,6,12,0
3864.82,3406.1,0,2,22,0
1637.67,6446.15,0,4,7,0
14487.8,10616.66,1,4,11,0
33154.84,11133.05,1,1,6,0
4362.36,10879.04,1,4,6,0
37799.41,9810.67,1,1,12,1
4505.96,2975.69,0,1,21,0
6415.73,8168.55,1,2,14,0
7472.52,5099.96,0,9,20,0
103887.49,7258.57,1,2,17,1
4871.65,3812.61,0,6,19,0
9217.16,8076.12,0,4,8,0
10010.18,10615.9,0,4,22,0
12769.14,7472.89,0,3,19,0
2803.11,14015.57,0,7,10,0
7522.25,11865.81,0,2,21,0
793.63,2501.88,0,2,20,0
9978.93,9051.63,0,6,19,0
38785.9,2850.84,0,2,19,1
22125.67,8072.19,1,2,15,1
10427.98,14485.17,0,2,16,0
3214.42,2985.02,0,5,18,0
15792.04,14674.4,1,1,3,0
15611.79,13301.82,0,1,17,0
35489.27,9730.8,1,3,8,1
2755.74,2092.65,1,2,23,0
3652.36,3793.58,1,12,16,1
13114.43,17314.08,0,2,12,0
12637.44,7987.42,1,3,14,1
10028.02,6852.69,0,3,12,0
1490.98,2168.23,0,3,14,0
1705.79,5427.6,0,9,21,0
6826.66,4848.18,1,9,11,1
33920.2,9745.08,1,5,15,0
12386.09,16132.3,1,3,15,0
12606.94,10240.8,0,11,8,1
1579.57,1657.13,0,4,9,0
54394.05,16033.25,0,3,8,0
11232.03,8358.78,1,9,16,0
3024.05,12519.51,0,2,1,0
14787.52,17311.57,1,7,7,1
2814.66,3665.71,0,5,13,0
4665.71,6231.27,0,4,8,0
6142.32,6813.56,0,4,20,0
15034.95,13179.12,0,2,9,0
51354.99,15872.3,0,5,0,0
11305.25,11505.51,0,10,21,0
2741.77,10217.19,0,4,19,0
10885.16,5865.86,0,1,21,0
25190.27,12324.79,0,9,16,1
6698.61,6734.28,1,4,10,0
6590.38,5838.08,0,7,6,0
4733.04,3368.92,1,4,17,1
146056.18,13235.42,0,3,19,1
31433.33,8331.43,0,1,9,0
1581.92,11348.66,0,1,4,0
14641.97,11686.23,1,14,21,0
9561.23,8567.04,1,3,2,0
58760.64,15682.76,0,5,18,0
13870.48,12932.86,0,3,12,0
18029.24,17196.12,0,3,18,0
203462.71,14040.25,1,5,17,1
14527.2,3214.62,0,3,16,0
396.34,3465.11,0,1,8,0
5488.93,13854.39,1,6,4,0
8596.63,13625.02,1,8,19,0
15954.28,13864.32,0,3,17,0
20782.09,16330.48,1,5,12,0
2540.72,17761.4,1,1,13,0
19526.85,12886.59,1,1,9,0
2486.03,11226.85,0,9,22,0
6686.81,7149.66,1,1,16,0
5248.43,9803.28,0,3,9,0
801.11,4493.82,0,2,10,0
180692.16,17579.26,0,3,19,0
17673.44,14007.35,0,4,12,0
5027.68,3698.81,1,2,20,0
13042.73,11276.87,1,3,13,1
10617.84,17415.59,0,2,3,0
9459.41,6973.86,1,2,18,0
7027.32,8561.09,0,3,10,0
46671.74,11432.95,0,7,0,1
8335.05,7056.73,1,5,9,0
24597.52,15699.4,0,2,12,0
1536.23,2393.84,0,2,17,0
1333.56,4955.55,0,2,22,0
1201.86,2003.33,0,1,17,0
5439.26,4100.42,0,2,23,0
2478.19,5244.0,0,3,13,0
1904.85,16223.05,0,1,5,0
17391.29,11121.26,0,4,15,0
2030.35,2141.28,0,2,11,0
2149.98,10749.89,0,4,16,0
65565.42,9713.86,0,6,15,0
10445.3,16397.21,0,5,16,0
8441.88,8255.11,0,3,14,0
2241.28,2776.18,0,4,8,0
2104.76,15992.72,0,4,14,0
13230.14,17010.77,0,5,7,0
844.36,3749.76,0,3,2,0
519.92,5636.27,0,7,16,0
25058.0,17704.54,1,9,8,0
2652.68,10684.55,0,1,21,0
7853.36,6624.58,1,7,14,0
42059.82,15967.64,0,5,10,0
3300.17,15477.38,0,3,16,0
15449.16,11921.87,1,3,16,0
9803.17,8066.18,0,1,19,0
22202.83,13436.26,0,4,11,0
11773.69,9333.24,1,2,19,0
866.76,13434.28,0,11,16,0
80029.44,12735.95,0,3,4,1
12117.48,14594.1,0,3,20,0
81025.56,8436.3,0,5,22,0
9486.46,14007.03,0,10,15,0
8251.02,7402.92,0,14,14,0
8081.42,10546.51,0,8,21,0
11647.75,8647.64,0,10,22,0
7875.53,9564.52,0,6,8,0
34179.23,11001.97,0,4,1,0
9631.33,11517.75,1,1,20,0
129164.1,15316.83,0,1,11,0
9784.25,12854.44,1,2,7,0
11651.23,8910.58,0,4,21,0
6954.99,7795.25,1,2,13,0
36607.95,3013.44,1,2,5,1
16088.66,17999.62,1,1,5,0
14933.95,14802.15,0,2,1,1
5823.43,5948.56,0,13,2,0
2427.52,1729.64,1,13,9,0
887.31,8209.51,0,1,15,0
3554.18,9824.68,1,2,4,1
178232.18,16895.74,0,7,23,1
65741.26,13778.88,0,3,10,0
9828.37,13947.48,0,9,15,0
22068.04,3984.91,0,6,1,1
87971.76,15433.9,1,5,22,0
3876.14,17599.64,0,1,21,0
8175.46,9676.09,0,3,20,0
1786.52,4429.52,0,4,5,0
14754.78,12352.98,0,4,7,0
10119.66,14286.52,1,9,22,0
53097.49,11026.94,0,6,19,0
13370.75,17681.19,1,1,4,0
5955.01,5963.9,0,1,1,0
10278.99,6766.08,0,7,18,0
13364.7,9642.28,1,4,15,0
1338.35,15785.53,1,1,22,0
2021.05,2593.07,0,2,14,0
41271.42,8490.31,0,5,20,0
42558.76,9109.95,0,4,23,1
1019.63,12166.41,0,5,14,0
5116.61,4036.77,0,8,9,0
9341.67,11110.09,0,3,20,0
15126.69,13584.06,0,7,3,0
33923.12,15418.99,1,1,13,0
11379.27,12381.95,1,10,15,1
2846.2,13077.42,0,2,11,0
1869.2,11333.37,0,5,22,0
802.25,2406.85,0,1,19,0
4862.38,16226.93,0,4,9,0
20446.33,10178.82,0,4,14,0
987.83,7104.43,0,14,22,0
30253.42,9196.26,0,3,11,0
7289.52,4617.85,0,6,15,0
6534.8,7932.25,0,7,14,0
28534.31,8101.17,1,5,19,0
4759.36,10682.02,1,1,8,0
10599.05,10016.43,1,2,9,0
22402.29,9968.18,0,2,23,0
13739.4,12364.15,0,6,20,0
3158.95,4532.83,0,4,11,0
7121.13,7966.77,0,1,9,0
29090.66,6318.98,0,4,11,1
991.79,2572.98,1,2,19,0
4510.75,4494.0,0,3,18,0
8154.62,7086.76,0,7,5,0
14278.3,14630.62,0,2,3,0
2007.62,16511.59,0,6,17,0
30367.48,6144.9,0,11,0,1
8423.05,6761.31,1,2,15,0
2956.05,2021.09,0,2,17,0
1012.42,3432.21,0,1,4,0
7312.76,7008.52,0,2,12,0
7289.76,9319.89,1,3,8,0
15823.08,15430.49,0,3,8,0
5950.19,6814.33,0,6,20,0
8188.08,1642.18,0,8,21,1
5301.77,6637.89,0,6,19,0
71882.67,14667.65,0,1,13,0
5373.54,13952.98,1,3,17,0
28324.7,11053.13,0,3,10,0
37236.53,6004.25,1,2,6,1
20204.96,10268.56,1,3,17,0
13743.4,12399.37,0,4,20,0
9270.5,6049.76,0,11,21,0
218.09,2456.1,1,5,13,0
31995.6,4610.18,0,3,7,0
1596.03,7980.13,1,6,7,1
2553.54,5750.69,1,2,9,0
8631.5,12814.77,0,1,16,0
92636.25,16095.32,0,3,2,0
13096.54,15506.07,0,5,22,0
11085.02,8182.94,0,11,14,1
7546.97,4293.52,1,3,1,1
10612.92,6058.06,0,1,15,0
8844.74,6669.87,0,3,9,0
14682.85,17616.57,0,14,15,0
16381.99,7988.63,0,2,19,0
34370.67,9773.01,0,3,16,0
1524.14,10662.44,0,3,17,0
57795.2,17164.49,0,3,8,0
3410.16,4317.9,0,2,14,0
8459.01,13529.67,1,6,21,0
10344.8,11127.64,1,1,5,0
8457.78,10111.14,1,1,23,0
689.87,3898.07,0,3,10,0
5439.61,9920.38,0,3,10,0
7697.65,6805.29,0,4,8,0
906.53,5907.01,0,1,15,0
15088.12,17959.46,1,3,16,0
6666.5,17010.31,1,7,10,0
14614.61,17059.84,0,3,2,0
924.61,6795.3,1,1,10,0
3554.04,3873.39,1,2,4,0
11252.0,11642.66,1,1,2,0
22459.93,8127.92,0,5,16,1
5617.65,13026.27,0,4,23,0
6045.98,10521.84,1,2,14,0
9880.3,9857.99,0,2,18,0
1909.13,3752.32,0,2,19,0
276.74,2097.13,0,4,20,0
19012.78,17927.84,0,2,22,0
5532.88,17126.53,0,7,16,0
15607.18,13950.46,0,1,9,0
11965.46,9120.0,0,7,18,0
1621.02,1555.48,0,3,13,0
109781.32,8612.76,1,2,22,1
21702.16,14873.58,0,2,22,0
6095.38,3847.67,0,1,7,0
9836.32,11407.67,1,6,14,0
2242.52,2166.57,0,6,1,0
2487.94,12439.7,0,5,1,0
4409.16,5519.35,1,2,18,0
1493.79,3425.86,1,4,10,0
33810.49,5161.36,0,7,10,0
8257.9,9235.16,1,3,22,0
12268.94,11710.36,0,3,1,0
15910.01,11494.53,0,15,16,0
14491.02,16414.71,1,4,6,0
3923.69,11059.76,0,7,8,0
14321.58,10954.13,1,1,0,0
4297.3,3798.62,1,2,5,1
1381.83,7439.44,0,7,12,0
20976.07,15152.77,0,9,2,0
19062.98,14310.67,0,2,22,0
21081.15,6893.54,0,2,21,0
5452.78,5069.59,0,2,8,0
2563.52,10566.64,0,2,7,0
21415.89,16063.08,0,7,9,0
5096.69,4495.13,1,3,12,0
6530.81,5560.1,0,2,3,0
4038.81,14951.88,0,2,19,0
33408.74,4267.48,0,3,18,1
15625.4,10885.76,0,7,16,0
8665.5,9887.68,0,2,6,0
2172.98,1539.79,0,2,1,0
3039.07,10022.15,1,2,16,0
10204.22,10755.16,0,3,21,0
79306.3,17035.39,0,2,14,0
4239.89,3588.3,0,3,18,0
17819.76,15298.05,1,10,7,1
9945.4,13086.83,1,5,12,0
15074.79,13212.73,0,3,13,0
3077.03,12566.93,0,3,9,0
1914.48,2244.39,0,2,13,0
9892.52,17560.25,0,2,16,0
3860.91,15005.54,0,6,8,0
12323.6,11416.51,1,3,16,0
3942.61,3918.69,0,4,19,0
67682.64,10503.07,0,3,12,0
8019.61,10601.24,1,7,10,0
121707.47,17513.52,1,5,17,1
15799.13,10220.94,0,3,12,0
8589.27,5775.92,0,2,20,0
3043.62,7986.63,0,4,9,0
1921.53,5861.31,1,3,12,0
14802.56,15026.17,0,11,19,0
23555.33,12936.07,1,9,13,1
3620.36,13539.75,0,4,3,0
3915.72,5275.92,0,8,16,0
2391.25,8390.41,0,4,10,0
2663.63,5542.48,0,10,16,0
12053.62,8666.16,1,2,11,0
5941.17,10117.16,0,3,17,0
2908.07,3338.93,1,1,16,0
9562.97,16588.03,1,2,19,0
97137.57,10495.45,1,4,21,1
15105.11,11022.77,0,4,18,0
60261.17,5977.9,0,3,16,1
6011.73,16148.07,1,4,8,0
4401.81,5014.98,0,6,5,1
48631.69,5441.7,0,2,3,1
9665.4,12712.47,0,3,13,0
1643.06,2986.95,0,3,17,0
16031.66,13382.32,1,2,0,0
4495.03,5905.1,0,7,17,0
25035.24,13643.67,0,6,20,0
3596.85,8451.12,0,9,3,0
586.49,6967.56,0,2,10,0
23409.71,15703.22,0,3,22,0
1833.73,4799.4,0,3,16,0
8904.25,17796.18,0,3,10,0
12059.91,17804.91,1,7,10,0
10768.25,13780.68,0,9,20,0
12107.9,3049.96,1,2,7,0
836.78,10861.45,0,3,8,0
7997.61,10781.71,0,6,17,0
17080.94,12529.61,0,6,9,0
3334.46,5597.22,0,12,1,0
15092.67,13178.72,0,5,21,0
83797.72,10440.51,1,3,8,1
5306.16,6483.18,0,2,21,0
4034.82,10288.38,0,6,17,0
131761.06,14277.88,0,3,22,0
7260.32,13169.91,0,4,10,0
467.87,4381.58,0,10,11,0
8384.81,8008.31,0,2,21,0
569.74,7313.23,0,2,21,0
7870.34,8437.59,0,15,22,0
18072.5,13956.34,0,7,6,0
3383.7,9054.77,0,8,13,0
7818.5,7189.72,1,13,1,0
20479.65,15422.45,0,2,21,0
12056.05,13139.98,0,8,19,0
23617.98,16235.17,0,1,2,0
3850.76,10867.98,0,4,7,0
11610.89,12239.11,0,6,0,0
5187.29,6604.23,0,3,9,0
5996.53,5337.79,0,1,5,0
4212.02,14139.55,0,4,9,0
7114.18,3870.78,1,7,16,0
10721.09,8896.05,0,1,12,0
6200.36,10788.94,0,3,11,0
20878.53,11573.5,0,2,7,0
5544.98,4171.95,0,10,12,0
938.67,7297.38,0,3,9,0
4183.49,12690.16,0,4,22,0
3885.16,3138.58,0,2,15,0
13570.92,8903.93,1,8,11,0
20844.26,4594.25,0,2,16,0
6840.71,6380.12,0,3,9,0
2761.47,3100.14,1,4,21,0
8335.26,13416.5,1,1,15,0
14440.27,17151.97,0,4,11,0
680.54,1890.92,0,3,9,0
41691.75,16311.22,1,6,7,1
1729.66,5580.83,1,3,23,0
6935.82,5309.2,1,1,19,0
28938.25,14053.13,0,2,7,0
7307.7,6732.61,0,3,22,0
8338.0,6270.2,0,2,7,0
3000.47,11503.14,1,3,21,0
1087.77,4314.78,1,3,0,1
25976.16,8072.75,0,7,4,0
3002.25,2656.89,0,1,1,0
4555.83,13237.71,1,4,21,0
62045.38,12976.61,0,3,7,0
41627.24,10965.24,1,2,12,0
6025.78,5209.05,0,1,2,0
19371.56,17643.11,0,11,14,0
7221.89,6255.77,1,12,7,0
22924.06,11642.0,1,5,10,1
511.16,8673.54,0,3,15,0
30877.79,9649.51,1,3,22,1
25806.65,14117.95,1,2,11,0
2951.5,5743.75,1,3,19,0
14170.1,16869.12,0,5,8,0
12362.76,8324.45,0,2,11,0
104301.79,9535.2,0,1,14,0
14899.38,11347.83,0,3,20,0
23497.95,12585.59,1,6,10,0
58429.61,5327.22,0,3,13,0
7312.73,13233.32,0,4,21,0
15752.35,10234.96,1,3,15,0
1167.56,1960.61,1,3,17,0
168709.15,12660.07,0,1,9,1
17832.82,13583.25,0,4,0,0
8828.02,9705.22,0,3,9,0
3171.87,7839.14,1,3,7,0
7477.77,6584.09,0,7,13,0
15361.5,13082.59,0,7,18,0
7406.49,12011.72,0,3,15,0
11034.71,10443.78,0,3,12,0
498.59,9473.38,0,10,9,0
3686.16,6298.8,0,4,22,0
1665.26,5997.38,0,2,16,0
6647.08,16851.39,0,2,11,0
15158.12,15879.95,0,5,7,0
8033.94,8241.91,0,2,5,0
15904.03,15177.25,1,4,21,0
17072.61,15692.02,0,7,4,0
25421.94,12528.96,1,3,4,1
5328.73,16864.01,0,15,2,1
15274.28,11016.08,1,1,22,0
32696.96,6838.96,0,4,15,0
8565.52,5904.5,1,1,13,0
979.37,17723.92,0,4,21,0
3640.48,5340.1,0,3,23,0
1611.66,1666.76,0,3,14,0
4928.24,6914.37,0,2,19,0
4660.69,14758.85,0,2,9,0
11846.39,12255.61,0,1,8,0
5697.75,4766.68,0,8,9,0
7826.14,10542.98,1,1,7,0
13996.86,12067.25,0,11,19,0
9539.88,6022.78,0,2,9,0
48328.68,14460.81,0,1,18,0
2623.19,2363.03,1,6,18,1
174660.86,12200.19,0,3,5,1
12919.42,2894.14,0,2,16,0
14985.22,13257.5,0,4,6,0
2258.59,6773.38,0,2,16,0
2573.8,14880.89,0,8,0,0
155193.24,12877.57,0,2,16,0
6068.37,16794.49,1,6,8,0
52201.12,11869.86,0,5,10,0
6888.29,6063.44,0,3,20,0
7020.53,6254.57,1,2,16,0
7919.93,1714.63,0,1,6,0
13919.45,2893.93,0,4,15,0
6892.12,7387.07,1,10,1,1
6568.4,3165.69,0,4,23,0
1106.22,15944.74,0,1,11,0
12734.37,9008.61,0,3,7,0
79803.38,8154.01,1,3,10,1
3341.29,9370.44,0,3,13,0
31776.45,10216.83,0,2,10,0
19621.14,16096.07,0,2,1,0
1619.56,15557.42,0,1,12,0
115297.97,15520.38,0,4,15,0
60588.71,7652.72,0,7,19,0
14126.8,11638.05,0,3,9,0
14289.86,17534.85,0,5,15,0
54241.99,9316.95,0,1,7,0
16351.77,12020.69,0,1,4,0
1800.22,4760.93,0,4,11,0
124118.6,13682.21,0,4,18,0
19937.04,13512.56,0,3,16,0
23848.18,13541.95,0,5,19,0
6658.7,3045.11,0,2,21,0
2505.73,12528.65,0,6,23,0
14042.49,15694.65,0,4,15,0
5373.96,2820.32,0,3,9,0
1615.17,2413.97,0,3,10,0
4869.81,6252.99,0,2,10,0
6086.34,6019.45,0,4,10,0
6286.84,13184.6,0,2,13,0
6616.34,12799.73,1,2,5,0
6980.27,10641.6,0,3,1,0
3238.2,5090.87,1,3,8,0
7006.82,12833.82,0,3,9,0
638.68,3207.21,0,4,12,0
6393.43,9221.88,0,2,14,0
8570.34,5725.92,0,4,0,0
14370.89,13616.39,0,2,9,0
5452.14,4994.24,0,3,10,0
3714.17,2637.72,0,2,10,0
3945.97,2247.21,0,5,4,0
17086.26,15367.53,0,7,15,0
20679.96,16232.21,1,4,15,0
17028.06,16487.56,1,2,7,0
4350.89,7802.81,0,6,9,0
36531.18,6307.22,0,1,12,0
6623.54,3567.88,0,4,18,0
7990.02,5579.73,0,3,1,0
10436.25,15229.13,0,2,13,0
2438.05,5624.78,0,3,21,0
7319.11,7796.57,0,1,10,0
4643.38,17429.36,1,3,15,0
11466.15,12074.74,0,2,3,0
10624.49,16127.02,0,3,2,0
11704.26,8250.82,0,10,15,0
2622.66,2347.77,1,2,11,0
13295.37,16901.73,0,5,14,0
60670.21,6493.74,1,8,9,1
167124.43,14538.46,0,4,8,0
14284.75,15217.31,0,3,12,0
7718.76,8496.28,1,10,13,0
1088.07,4201.1,1,6,3,0
19508.6,17942.34,0,9,9,0
7849.96,8554.59,0,5,19,0
2884.73,8323.24,0,2,8,0
7954.84,8613.36,0,1,12,0
301.91,3757.72,0,1,18,0
7671.6,8272.28,0,1,15,0
6466.25,10051.62,0,3,6,0
14626.57,13145.65,1,3,0,0
15702.73,11306.33,0,8,13,0
6011.28,4502.06,0,5,22,0
13089.45,9205.4,0,3,13,0
14552.56,4631.17,0,1,16,0
732.99,11369.86,1,2,10,0
1501.02,5099.76,0,3,21,0
19518.88,9474.17,1,7,22,1
8425.17,11439.88,0,3,21,0
6826.38,4524.75,0,2,8,0
20671.62,13399.94,1,9,20,0
2451.28,5220.49,0,5,0,0
13458.12,12767.6,0,8,11,0
14877.04,12798.89,0,4,16,1
12750.55,17288.66,0,3,15,0
5038.12,6121.74,1,4,4,1
15727.43,14979.64,1,3,20,0
1657.78,7912.0,1,3,12,0
17394.05,15659.07,0,5,20,0
3633.54,14134.07,0,6,11,0
4976.42,7933.18,1,4,22,0
8667.3,15694.29,0,12,19,0
146158.57,17321.52,0,3,11,0
5341.07,8275.25,0,2,10,0
1454.65,14864.02,1,3,2,0
2450.02,8044.87,1,3,18,0
25796.12,13262.53,0,8,20,0
3468.58,10069.71,1,7,8,1
5531.93,2610.35,0,11,12,1
11798.4,12672.9,0,3,21,0
189141.54,16743.94,0,5,16,0
546.39,3616.81,1,4,13,0
91849.62,15429.01,1,8,14,1
9540.17,7801.62,0,5,7,0
2116.73,8678.66,0,2,12,0
6958.07,9403.78,0,2,0,0
3504.6,2462.0,1,11,12,0
15682.96,7026.71,1,9,8,0
16207.77,15929.24,1,6,4,0
139207.13,9856.15,0,2,22,1
527.75,3625.81,1,4,21,0
2281.64,14542.43,0,2,10,0
12132.3,12012.22,1,4,9,0
5414.25,5936.03,1,1,14,0
2356.81,1767.8,0,3,0,0
8000.31,8710.32,0,4,15,0
865.3,10784.09,0,4,11,0
62478.55,4410.64,1,5,21,1
23176.93,16578.21,0,2,22,0
24566.41,9676.82,0,2,22,0
42222.43,15142.03,0,7,7,0
16298.53,17407.48,0,7,12,0
6767.2,14610.93,1,2,14,0
12365.77,17185.97,0,1,9,0
962.16,17152.82,0,1,7,0
4586.77,15141.78,0,2,17,0
3087.2,2141.65,1,2,8,0
21609.9,13495.68,0,3,14,0
908.69,2434.21,0,12,7,0
11484.98,15378.48,1,4,0,1
86289.1,6439.61,0,2,17,1
2165.22,4021.42,1,3,17,0
23772.77,6018.27,0,4,6,0
34308.31,13274.18,0,2,19,0
4258.15,7132.75,0,3,9,0
16461.2,13985.84,1,4,12,0
38556.55,3220.43,0,6,22,0
6388.42,6479.12,1,5,12,0
1362.84,2199.74,0,14,13,0
4095.41,11135.25,0,2,15,0
8737.04,9192.98,1,7,20,0
9413.05,9302.47,1,1,20,0
4988.52,4934.82,0,4,12,0
32166.19,7752.37,0,3,20,0
1787.39,4521.5,0,1,17,0
11348.51,11223.96,0,3,14,0
7032.85,12516.64,1,7,16,0
1371.37,3579.43,1,12,21,0
13196.57,14092.07,0,1,11,0
1330.38,2434.15,0,1,12,0
12190.48,9071.35,1,5,11,0
202408.19,13957.94,0,1,0,1
28924.5,14743.72,0,3,7,0
12233.09,17477.3,0,9,20,0
99634.48,8512.2,0,4,21,0
754.05,2232.56,1,4,4,0
16842.16,15964.84,1,3,8,0
12903.35,13202.28,0,2,12,0
5851.13,6881.15,0,3,20,0
661.13,8430.49,0,3,11,0
15744.25,17766.58,1,4,15,0
33370.44,2367.5,0,4,23,1
5730.2,4825.07,0,9,18,0
1103.63,1516.38,1,8,1,1
38966.24,8489.16,0,4,7,1
2061.1,9358.69,1,4,15,0
9972.01,8518.47,0,3,22,0
3320.81,5766.19,0,2,13,0
8953.75,9840.46,0,3,8,0
13362.71,7757.89,0,1,10,0
12800.61,14777.69,0,15,8,0
1641.77,8323.87,0,4,12,0
5690.52,6363.46,1,2,18,0
11360.99,8753.19,1,3,3,0
1981.35,9906.73,0,1,3,0
1230.16,5014.3,1,3,2,0
16230.27,12632.04,1,7,13,0
1141.82,2634.18,0,1,21,0
5854.38,5662.14,0,1,18,0
8647.96,6987.67,0,4,12,0
1287.72,1704.55,0,6,13,0
5768.66,14944.34,0,1,8,0
28518.04,4910.62,0,2,7,0
15839.35,16843.09,1,1,14,0
3658.76,8563.47,0,2,14,0
20190.07,15287.53,0,6,15,0
4275.66,11641.0,1,9,19,0
13284.27,15992.19,0,2,16,0
770.43,4807.96,0,5,22,1
6914.68,6040.2,0,3,1,0
4616.9,8403.49,0,4,12,0
4370.53,17051.4,1,5,22,0
15169.94,16900.91,0,3,14,0
2292.76,4769.32,0,2,17,0
3242.8,3243.6,0,1,19,0
17477.78,14934.59,0,4,21,0
12581.99,8598.74,0,4,17,0
14851.27,10460.16,0,4,6,0
18255.28,13674.16,0,13,17,0
97782.13,8036.75,0,4,7,0
4196.99,6776.26,1,15,21,0
950.35,1610.81,1,7,12,0
5162.28,5492.82,0,1,20,0
183952.16,13128.83,0,4,21,0
35668.75,13135.23,0,10,10,1
14216.9,13115.95,0,8,8,0
124724.03,10727.5,0,4,10,0
2718.15,2966.31,0,3,0,0
15687.97,11960.71,0,4,6,0
5984.24,2602.62,0,4,8,0
9667.24,11143.77,0,1,16,0
5688.25,3658.94,1,5,13,1
2340.43,2877.77,0,2,15,0
1595.99,3178.83,0,3,3,0
3555.89,7297.27,1,2,19,0
6169.53,4080.8,0,2,1,0
8396.77,5065.85,0,5,1,0
7778.55,6708.52,1,5,0,0
14817.72,16469.82,1,4,22,0
13869.37,10067.68,0,4,19,0
16576.52,13751.6,1,7,10,1
211599.98,17296.0,0,3,7,1
3099.74,2351.06,1,5,23,0
2560.77,3149.25,0,3,5,0
2255.12,12159.16,0,1,11,0
10496.64,10223.97,0,6,18,0
7263.57,6658.08,1,6,18,0
2556.05,3325.39,0,6,19,0
14885.56,16846.74,0,4,11,0
87398.73,8328.06,0,7,11,0
41200.06,5933.19,0,3,11,0
66841.67,6120.67,1,7,14,1
5156.06,8913.34,0,2,11,0
1829.73,12101.49,0,1,9,0
67029.83,13600.19,0,4,5,0
11947.35,8794.4,0,3,20,0
13930.0,16285.68,0,1,10,0
21313.93,17849.4,0,5,4,0
1977.07,2012.65,0,4,17,0
9872.36,14098.8,0,7,22,0
8706.44,8616.52,0,4,22,0
5977.93,5598.71,0,4,19,0
12370.23,13208.85,1,15,9,0
2746.32,3244.88,0,7,8,0
6725.62,7639.31,0,3,16,0
1610.72,3147.16,1,5,19,0
45157.38,11636.46,0,5,16,0
80480.06,16711.31,0,8,11,0
113281.05,11525.23,0,2,16,1
36879.84,11624.3,0,6,10,0
5188.67,9065.0,1,1,15,0
3609.92,10810.35,0,4,14,0
5887.28,1552.93,0,3,7,0
2037.87,16882.61,0,3,12,0
1920.46,5527.04,1,7,12,0
2485.37,9895.09,0,2,17,0
14647.42,13907.39,0,3,20,0
8526.15,17746.02,0,2,7,0
21257.83,16598.8,0,3,13,0
8667.48,10269.83,0,3,16,0
21714.99,17227.89,0,2,10,0
4753.33,10027.1,0,3,17,0
32574.41,11160.01,0,3,6,0
9938.64,8769.54,1,7,8,1
3566.33,3801.73,1,5,22,0
23403.55,17825.76,0,3,9,0
14943.8,14160.94,0,2,20,0
16395.79,15922.91,0,3,20,0
5874.06,7049.69,0,4,0,0
1138.66,5309.87,0,2,7,0
22048.2,2349.57,0,2,7,1
1184.43,5146.87,0,3,11,0
4655.95,6566.36,0,5,11,0
8270.69,7352.03,0,4,13,0
3400.96,3027.22,0,3,17,0
2829.74,2958.64,1,7,18,1
18955.7,4606.53,1,8,14,0
4488.37,3630.28,0,4,2,0
1699.55,2316.08,0,9,7,0
4392.23,4604.99,1,4,13,0
2731.23,3967.67,1,4,11,0
12530.2,2668.21,0,5,9,0
17406.94,12133.69,0,3,14,0
54861.15,12011.0,0,14,19,0
622.39,2503.97,0,4,15,0
47148.08,6232.79,1,4,6,0
9681.72,5806.6,0,2,16,0
1150.92,4179.11,1,3,14,0
4290.15,13539.13,1,7,10,0
8934.73,6962.92,0,4,22,0
2051.48,8501.02,0,11,20,0
3014.24,5790.22,0,1,16,0
1791.86,1732.79,1,3,0,0
3613.32,4305.01,0,2,15,0
4765.28,13826.75,0,4,1,0
11460.22,10163.96,0,1,22,0
10494.37,14665.77,1,5,11,0
10339.82,12010.34,0,4,22,0
5709.9,11110.26,0,5,17,0
70096.18,8914.34,0,5,13,0
2359.32,9288.64,0,4,22,0
13712.09,14863.95,0,1,20,0
25313.79,13073.12,0,2,22,0
979.29,2915.68,1,3,17,0
16715.71,12705.37,1,1,21,1
1983.81,6562.13,0,5,12,0
17872.03,4311.46,0,1,19,0
18086.16,15552.09,1,3,16,0
3699.92,3966.83,0,3,18,0
6585.35,9003.69,1,1,13,0
5155.1,4690.86,0,2,0,0
5401.19,15520.55,0,1,17,0
16162.24,16508.69,0,3,19,0
1525.08,1834.31,0,3,13,0
28071.77,14533.45,0,2,0,1
25246.26,15745.05,1,3,20,0
12002.43,9153.16,0,7,9,0
1775.47,14481.98,0,2,15,0
156083.99,15140.8,1,2,2,1
10445.2,11708.32,0,7,21,0
10003.05,8410.36,0,5,7,0
5325.69,5074.27,0,2,10,0
7092.97,14342.95,0,6,9,0
2619.16,3728.34,0,5,15,0
2021.29,11284.39,0,2,21,0
3122.61,2359.72,1,3,11,1
1684.14,3656.06,0,4,15,0
55938.91,6884.77,0,4,19,0
13331.72,15305.24,0,7,0,0
17505.88,15337.51,0,4,2,0
724.07,2762.44,1,1,8,0
4232.07,11278.37,0,5,20,0
5238.85,5628.43,0,1,6,0
9210.66,14504.88,1,5,10,0
16776.07,6942.71,1,1,19,0
16605.58,6596.24,0,1,23,0
1025.72,1531.84,0,5,4,0
5976.03,5176.91,0,2,18,0
21717.87,17565.46,0,4,3,0
11657.09,14102.75,1,2,12,0
5670.49,1772.11,0,7,23,0
3742.13,13333.89,0,13,16,0
24484.48,5316.13,1,8,15,1
4023.31,5203.77,0,4,15,0
12725.8,13262.52,1,6,11,0
5960.84,4022.47,1,2,20,0
3330.2,2848.17,0,3,22,0
3191.59,4378.64,0,2,14,0
8603.45,5179.32,0,5,18,1
158747.25,12749.72,0,4,22,0
13545.72,8658.15,1,1,8,0
1980.34,10400.72,0,1,8,0
19906.52,14564.29,0,4,16,0
2868.11,9311.71,0,2,4,0
100450.07,14619.39,1,3,17,1
4805.32,3594.01,1,7,3,1
11723.06,11440.95,0,8,20,0
7044.08,10483.69,0,7,0,1
4630.49,13319.84,1,10,7,0
8129.59,10617.09,1,1,22,0
8878.06,9089.43,0,6,16,0
3705.67,8605.26,0,1,22,0
2767.31,4838.03,1,4,13,0
387.6,2945.78,1,2,22,0
4774.65,5865.48,0,2,16,0
78565.39,16773.91,0,11,14,1
2822.5,2788.79,0,5,20,0
8372.67,9303.2,0,1,18,0
126876.29,11430.65,0,2,12,0
816.35,11102.99,0,3,16,0
5591.3,6474.95,0,2,13,0
20037.43,15900.38,0,1,17,0
4325.74,5817.31,0,2,22,0
20026.54,17691.06,0,5,12,0
12208.51,6893.82,1,6,22,0
11373.12,13408.71,0,11,10,0
110729.58,9661.27,1,4,21,0
13586.0,12193.55,0,7,16,0
3168.8,9749.3,0,3,9,0
8267.0,9288.93,0,13,17,0
81569.65,7410.09,0,3,21,0
61427.66,8291.37,0,5,3,0
53889.38,17472.77,0,2,13,0
6251.58,16742.85,0,1,11,0
14272.35,14779.03,0,8,11,0
23612.12,17492.06,0,3,7,0
21699.48,15814.24,0,13,2,1
22307.17,15689.51,1,2,8,0
9942.8,12640.32,1,4,7,1
4620.05,13139.79,1,9,7,1
12791.76,16046.68,0,1,22,0
1588.49,5700.06,0,2,20,0
6102.84,11356.04,0,5,7,0
192156.09,15825.9,0,1,8,0
13169.56,10259.03,0,8,12,0
15364.35,10750.5,0,2,19,0
12605.44,12446.98,1,2,13,0
339.17,4394.31,0,3,0,0
11380.69,6833.89,0,6,16,0
16013.12,16525.53,0,6,13,0
9077.28,11676.48,0,2,22,0
20535.56,10454.37,0,5,14,0
18658.71,16172.66,0,1,14,0
462.6,2721.33,0,2,8,0
786.84,5237.34,1,5,16,0
112640.48,14894.27,1,2,16,1
17950.05,14497.92,1,3,7,0
18301.35,7569.65,0,2,14,0
3605.48,4076.73,0,6,15,1
10479.25,8420.16,0,4,7,0
17308.23,15171.02,0,7,2,0
5093.06,5872.52,0,1,23,0
110885.98,8319.33,0,4,1,1
43975.23,10837.96,0,4,9,0
1561.46,6651.54,0,4,12,0
8422.36,17326.22,1,4,6,0
3230.63,2947.67,0,2,9,0
23094.96,17211.91,1,5,0,1
2896.52,17212.72,0,6,14,0
17615.73,14706.2,1,2,11,0
2109.48,7028.27,0,5,15,0
35447.13,10511.3,0,6,21,0
2580.38,4958.27,0,3,13,0
5094.43,5408.16,1,1,14,0
22589.12,16158.03,0,7,15,0
19040.01,13397.17,0,4,18,0
59127.07,5619.56,0,5,4,1
13543.49,13934.95,1,5,15,0
2447.67,3400.57,0,3,8,0
3117.44,4099.04,0,6,19,0
4808.38,6763.0,0,8,15,0
8201.21,12507.06,0,4,12,0
9772.27,12890.47,0,4,6,0
6626.86,5176.53,0,5,3,0
14098.12,15442.23,0,7,16,0
9028.27,11343.58,0,3,22,0
6938.98,4608.03,0,2,12,0
47352.32,17245.78,0,5,13,0
3535.84,11254.8,1,2,9,0
35296.98,4354.75,1,5,5,1
6138.05,7247.61,0,7,7,0
11008.37,15250.68,1,1,12,0
1277.73,6690.6,0,3,15,0
227724.27,17606.12,0,7,13,0
13202.24,9378.85,0,3,21,0
2385.59,4411.55,1,2,20,0
1785.43,13093.96,1,3,0,1
4952.71,1962.87,1,6,17,0
4103.41,12421.62,0,6,20,0
6667.78,10277.15,1,4,7,0
2361.75,11780.68,1,8,22,0
124452.88,13290.11,1,2,8,0
595.2,10911.69,0,1,9,0
53712.65,17311.88,0,2,22,0
29425.34,17121.98,1,10,4,1
3211.43,13229.41,1,3,7,0
404.11,4718.83,0,5,9,0
18205.9,16726.79,0,3,14,0
16390.5,14953.16,0,2,11,0
98429.63,10053.28,0,2,9,0
26743.26,9019.72,1,2,8,0
20107.44,11592.13,0,2,16,0
224635.68,15959.25,0,4,19,0
14045.31,13027.45,0,6,21,0
695.0,9230.99,0,3,17,0
16184.96,11691.55,1,3,0,0
4947.85,11285.05,0,3,7,0
7220.98,5336.46,0,2,8,0
2427.69,8571.78,0,1,16,0
1219.85,11434.45,0,7,15,0
18483.01,2303.92,0,2,0,0
12122.01,9011.39,0,2,7,0
8482.45,14745.41,1,3,23,0
12318.85,14338.05,1,5,10,0
11414.17,8292.99,0,2,18,0
31932.4,14771.96,1,2,1,0
10258.08,12905.88,0,2,16,0
11128.47,5381.73,0,2,15,0
59877.84,14177.23,0,2,12,0
1879.59,5242.59,0,4,16,0
1631.81,5075.08,1,11,10,1
13361.84,11206.43,0,6,16,0
1063.35,10684.95,0,2,11,0
4104.55,3798.87,0,7,3,0
13168.63,9342.54,0,5,4,0
14112.66,17682.5,1,1,12,0
6064.79,7153.03,0,5,10,0
6949.03,6857.23,1,3,5,0
9375.6,9449.1,1,2,17,0
6808.98,9760.44,0,9,7,0
282.24,2137.63,1,4,22,0
1195.93,13293.41,0,1,22,0
1264.06,10654.62,1,3,14,0
217887.38,17099.37,0,5,9,0
28606.76,15202.21,1,3,20,1
4211.96,6692.84,1,5,17,0
2195.74,8488.25,1,3,10,0
1148.35,5131.68,1,2,16,0
1001.41,3911.86,0,3,12,0
11369.55,4025.11,0,4,16,0
6934.13,14083.21,0,6,9,0
1605.69,9749.98,0,4,6,0
7906.43,5173.29,1,12,15,0
2885.7,2987.26,0,5,17,0
71745.02,14869.99,0,4,21,0
1348.35,1585.5,1,12,19,0
37174.48,2608.19,0,3,19,0
17098.77,13459.48,1,1,18,0
5230.04,16707.8,0,1,7,0
15271.4,10261.59,1,5,11,0
9018.98,16434.27,1,6,13,0
5087.58,8857.14,1,1,19,0
6067.11,5223.26,1,5,18,1
5416.03,14491.04,0,3,15,0
8948.06,8550.48,0,4,18,0
2372.59,2929.55,0,3,14,0
5494.81,8905.31,1,2,1,0
10261.89,10245.52,1,5,5,0
5344.95,6226.36,0,2,14,0
41390.16,5855.07,0,14,11,0
21454.48,4844.47,0,2,12,0
9500.83,11612.05,0,4,17,0
6396.87,5417.18,1,2,23,0
7956.51,15792.99,0,4,12,0
7428.01,9437.59,1,1,23,0
197940.0,15685.28,1,11,11,1
16044.51,4773.07,1,5,17,0
11979.58,16729.57,1,1,15,0
12790.7,8017.62,0,2,4,0
16103.38,11478.35,0,4,7,0
88344.98,16835.72,0,4,19,0
58002.11,13857.33,1,1,23,0
10160.75,9738.12,0,2,16,0
56679.03,16362.64,0,13,23,1
156139.95,13371.14,0,7,13,1
3913.42,13564.77,0,4,21,0
11814.12,14251.14,0,2,8,0
2944.86,10065.95,0,2,17,0
61732.2,4335.02,0,3,7,0
8936.59,8523.26,1,1,14,0
637.96,1857.27,1,3,13,0
19444.82,17597.77,0,2,17,0
29796.33,15834.31,1,15,1,1
13121.61,7518.98,0,3,17,0
2774.8,3762.88,1,4,15,0
28820.62,4825.6,0,1,0,0
19922.77,11820.39,0,4,19,0
5659.71,14166.41,1,5,8,0
5569.05,14090.7,0,1,22,0
31246.49,11799.35,0,4,7,0
2964.68,7225.82,0,4,11,0
4200.37,5299.3,0,2,19,0
17307.31,17586.88,0,6,13,0
2960.56,10963.07,0,1,17,0
57416.65,4340.82,0,1,12,0
15432.87,11362.81,0,2,11,0
10730.75,14329.61,1,4,15,0
17547.32,9188.45,0,4,17,0
11536.23,9351.2,1,3,13,0
18287.96,12087.15,0,3,9,0
8215.66,6057.42,0,1,16,0
5217.2,5750.61,0,3,12,0
7219.95,2515.19,0,4,11,0
5041.21,6654.9,1,1,6,0
12313.27,7760.03,1,2,14,0
15027.95,11059.22,1,3,12,0
2324.0,13509.55,0,4,17,0
26069.56,10807.19,0,1,10,0
45768.69,12805.13,0,3,13,0
13123.27,14191.85,0,2,9,0
13940.29,15135.54,0,9,5,1
9491.01,10086.04,0,2,8,0
880.45,4290.72,0,4,18,0
5441.54,4819.87,0,3,8,0
11121.85,10992.37,0,3,10,0
4785.02,5079.53,1,8,11,0
15575.6,13434.79,0,4,6,0
5420.64,14576.44,0,3,23,0
12912.01,6809.35,0,7,19,0
21283.37,14008.58,1,2,8,0
13317.98,9975.57,0,1,17,0
11177.07,9874.58,0,1,22,0
955.74,1590.56,0,2,16,0
3299.15,4636.0,0,5,7,0
2885.26,2351.53,0,3,22,0
3352.37,5856.22,0,8,15,0
16941.81,8875.07,0,2,15,0
5981.24,7429.74,0,4,11,0
34266.1,17442.83,0,2,22,0
29078.33,14031.56,0,3,14,0
8385.73,6337.04,0,1,14,0
8868.47,11535.44,0,2,22,0
2597.66,7204.0,0,2,14,0
2037.75,1902.86,1,5,15,0
12460.04,15846.04,1,4,9,0
3689.46,7019.35,0,3,15,0
5996.76,6878.4,1,6,23,0
12257.7,9650.85,0,5,8,0
8856.15,16597.16,0,6,10,0
5480.19,8656.86,0,3,2,0
40124.89,4220.06,0,5,19,0
1421.66,3061.56,0,12,10,0
8460.84,9154.72,0,4,14,0
6230.42,5104.67,1,3,15,0
13395.33,15320.56,0,2,11,0
1784.06,6309.3,0,1,7,0
7324.17,12974.32,0,2,16,0
3545.84,2107.19,0,5,18,0
11254.8,10973.26,0,7,17,0
14925.2,16844.89,0,4,11,0
3746.15,4886.79,0,3,7,0
405.78,6855.62,0,4,7,0
498.21,8063.28,0,7,13,0
8604.25,14712.96,1,4,20,0
2538.88,8125.92,1,9,10,0
13825.53,12586.15,0,4,5,0
3372.89,11272.6,0,2,6,0
10694.84,7536.83,0,1,16,0
15338.9,12012.29,1,1,16,0
12766.02,17056.05,1,9,9,0
2267.61,7329.28,0,3,13,0
6075.26,6523.7,1,1,8,0
1404.81,6275.59,0,2,21,0
93255.43,8622.23,0,2,6,0
8945.3,8751.45,1,9,23,1
12963.61,17874.83,1,1,18,0
23776.79,17875.8,1,2,20,0
4657.47,16987.08,1,2,11,0
15241.73,14503.2,0,4,21,0
2102.84,12354.74,0,3,7,0
48386.89,15451.97,1,5,9,0
45946.17,7855.27,0,5,19,0
5761.03,9961.58,0,10,0,0
3847.21,7557.36,0,2,13,0
11977.77,10814.8,1,6,18,1
6509.92,2426.0,0,1,11,0
8311.24,5801.32,1,10,23,0
61994.94,14382.03,1,3,10,1
9707.32,14266.39,0,2,11,0
45884.26,10345.12,0,2,11,1
3958.43,9616.02,0,5,16,0
6086.02,2732.44,0,1,16,0
2094.37,4687.94,0,5,11,0
28050.47,6282.05,1,3,6,0
28240.9,7917.65,1,4,19,0
7406.91,7880.46,1,1,15,0
3165.5,15800.97,1,4,10,0
5956.48,15217.48,0,5,19,0
1714.13,2354.78,0,6,1,0
1728.22,7819.47,0,4,18,0
10595.74,10229.15,0,6,9,0
3351.01,2686.16,0,4,23,0
14073.92,4147.67,1,5,16,1
24356.47,6472.09,0,5,17,0
4306.63,4750.15,0,2,23,0
6530.04,4760.93,0,3,23,0
15588.09,3788.68,0,2,13,0
11127.02,9355.81,0,6,21,0
25240.0,17892.57,1,2,2,0
11764.34,10797.25,0,4,3,0
10612.37,10889.19,0,6,1,0
2840.0,2084.99,0,3,16,0
18609.63,17911.85,1,2,10,0
13475.95,3916.68,1,4,18,0
2958.47,3552.77,1,15,22,0
1476.28,5252.76,0,14,9,0
933.06,1680.42,0,4,7,0
13219.18,11413.87,0,10,1,0
44082.84,6385.45,0,1,5,0
27741.77,17432.06,0,8,14,0
17873.3,12083.05,0,2,8,0
23136.61,16213.08,1,2,0,0
1471.54,3865.28,0,2,13,0
48824.06,12490.56,0,5,5,1
23704.34,15148.21,0,13,22,0
6630.87,17184.71,0,6,20,0
36727.68,8046.26,1,1,12,0
706.14,7439.88,1,5,19,0
11160.75,12227.15,0,2,4,0
2677.77,3229.17,0,4,10,0
10159.41,10541.01,1,8,11,0
41300.93,16709.8,0,2,17,0
3490.8,10751.96,0,1,4,0
9953.99,10985.39,1,6,4,1
3018.01,2648.58,1,13,6,1
3072.8,14822.62,0,3,15,0
5764.85,4614.85,0,5,21,0
14301.51,4613.75,1,2,10,0
7923.73,16319.45,0,4,22,0
77204.4,8372.47,0,2,13,1
10046.06,11961.07,1,3,14,0
10037.42,4313.93,0,5,17,0
6229.84,6858.62,0,7,20,0
33908.95,10434.92,0,1,22,0
156244.4,12608.13,1,2,16,0
23412.29,9023.75,0,5,12,0
19464.93,16802.39,1,4,21,0
6319.39,2594.84,0,8,9,0
12548.93,15329.76,1,8,11,0
2428.3,2108.09,0,3,22,0
1529.6,17458.08,0,3,16,0
16284.89,13240.71,1,3,22,0
10247.47,16559.55,0,3,21,0
3507.96,8807.05,0,3,15,0
8322.45,16635.54,0,3,9,0
2456.89,2391.08,0,7,4,0
4810.39,5938.23,0,3,15,0
10625.69,12816.2,0,3,14,0
1257.12,1963.16,0,6,13,0
1235.75,9284.46,0,3,16,0
165270.05,16007.43,0,3,22,0
9323.4,7484.65,0,2,17,0
11153.34,15838.37,0,4,11,0
2399.49,12039.47,1,3,10,0
10056.76,9434.94,0,4,11,0
2344.49,2272.28,1,4,8,0
3496.03,2716.25,1,13,9,0
7931.13,9136.18,0,4,9,0
6576.24,8852.4,0,3,11,0
42478.01,10613.49,1,7,14,0
1355.59,11054.23,0,3,6,0
13059.23,9458.01,0,2,2,0
2949.17,5328.41,1,3,6,0
15927.83,8794.75,1,1,0,0
2316.9,14447.91,1,3,11,0
4880.07,14820.29,1,1,19,0
11925.45,12306.43,0,4,2,0
7504.5,7517.19,1,3,1,0
2894.95,2931.31,0,2,14,0
53440.73,12880.91,0,3,10,1
21857.17,16785.46,0,2,2,1
3047.19,3378.28,0,6,21,0
9282.88,6732.66,0,11,18,0
15206.02,16146.74,1,10,16,0
5644.61,6295.83,1,2,17,0
4753.65,9693.74,1,4,7,0
9500.89,7415.2,1,3,21,0
28187.26,14380.55,0,6,4,0
11456.59,17156.23,0,5,5,0
13296.06,11377.95,1,2,0,1
19354.02,16666.57,0,5,13,0
10216.66,9652.23,0,3,17,0
16255.67,13212.88,1,3,5,0
5281.05,4424.91,1,5,14,0
13663.59,11854.28,1,3,15,0
2815.61,10838.57,0,2,21,0
18120.41,12260.95,1,4,18,0
11831.14,15208.39,1,2,3,0
2393.17,1799.91,1,2,16,0
21501.18,14215.05,1,2,13,0
6080.46,13253.39,0,2,16,0
5981.85,6140.56,0,2,17,0
3247.31,10656.58,1,7,12,0
15933.91,13626.56,1,3,17,0
2881.37,3402.89,1,6,5,1
8875.52,8083.5,0,3,2,1
6406.89,9869.6,0,4,2,0
5699.18,1966.82,0,9,0,0
883.92,3952.23,0,4,18,0
3511.64,5770.78,0,4,15,0
1044.28,1746.46,1,6,12,0
6433.01,1883.8,0,1,8,0
14542.49,11789.89,1,2,19,0
36702.85,13826.82,0,1,11,0
13174.78,11137.12,0,1,4,0
5469.59,5360.87,1,2,9,0
8503.1,9582.1,0,6,2,0
1631.87,2966.84,0,8,7,0
23696.38,17650.34,0,4,16,0
22467.36,13145.49,0,3,22,0
54870.38,5487.04,1,1,0,0
12497.32,12378.79,0,8,6,0
3391.31,3560.64,0,7,22,0
2807.04,9304.15,1,4,13,0
10885.35,8527.05,1,1,7,0
7221.84,5626.34,0,3,23,0
17852.41,15467.17,1,1,22,0
19130.39,15529.68,1,2,0,0
4863.66,7343.62,0,5,16,0
5183.9,3202.22,0,3,3,0
18806.18,11934.23,0,3,12,0
2396.19,9174.18,1,9,17,0
5614.7,7366.06,0,3,10,0
5670.93,5577.47,0,1,10,0
9877.41,11777.04,0,1,3,0
6780.76,10775.82,0,1,15,0
3128.62,6639.26,1,2,22,0
7280.21,13482.59,0,4,7,0
4628.88,3921.26,1,3,21,1
5564.31,14962.86,0,4,6,0
357.5,1787.51,1,6,14,0
12482.88,17788.75,0,5,12,0
15413.84,3720.22,0,2,1,0
1083.26,12290.79,0,1,17,0
6794.01,11053.77,0,4,12,0
7738.57,8540.74,1,6,21,0
8158.86,8854.86,0,14,3,0
8122.87,8463.32,0,3,16,0
1878.23,10189.41,1,4,20,0
14690.07,14217.76,1,5,0,1
14020.94,9473.83,0,3,23,0
4966.77,4026.76,0,4,21,0
6992.44,9129.7,0,4,23,0
20547.94,15405.08,1,13,19,0
48385.82,13370.84,0,7,20,0
1032.8,5057.72,0,2,12,0
69477.09,16240.67,1,9,3,1
28616.77,17951.07,0,4,17,1
6126.39,7709.93,1,5,8,0
4419.35,4068.25,0,3,8,0
12114.63,2604.41,1,6,10,0
6790.79,7961.24,1,4,19,1
11595.71,12891.63,0,4,19,0
13232.85,3533.85,0,6,22,1
50032.03,11501.18,0,2,13,0
15747.85,17454.63,0,2,22,0
10080.03,10389.55,0,1,17,0
8199.93,14264.61,1,1,7,0
10545.08,10740.95,1,4,10,0
7898.58,11495.91,0,1,3,0
15996.52,8940.26,0,7,22,0
3624.19,9570.96,1,3,23,0
12243.51,13060.82,0,3,8,0
2988.7,4054.66,0,2,13,0
15187.95,15157.3,0,1,20,0
3887.37,2471.0,0,2,10,0
3424.59,15194.65,0,10,13,0
4252.2,6867.02,1,4,6,0
3244.35,11979.03,0,2,2,0
6978.47,4424.39,1,5,13,0
938.52,10617.04,1,4,19,0
7825.49,6207.11,0,2,22,0
11622.36,9114.44,0,6,13,0
2915.28,4989.27,1,4,21,0
1348.58,7878.51,0,6,8,0
22685.26,9052.63,0,5,9,0
6462.89,8931.37,0,4,12,0
1832.94,13635.91,0,6,6,0
17270.84,14192.5,0,8,21,0
16504.85,14943.79,1,1,17,0
12710.37,13809.24,1,3,10,0
16474.8,11395.08,0,1,13,0
3461.69,12819.78,0,2,8,0
165585.78,12318.1,0,7,10,0
15433.59,11471.07,1,2,21,0
773.12,6015.86,1,2,19,0
15011.22,6686.74,1,2,22,0
1178.62,3302.05,1,6,6,0
4779.66,4227.64,0,4,16,0
4340.23,3731.15,1,2,12,0
2017.15,14110.59,0,1,14,0
13328.81,16527.78,0,8,11,0
9757.82,13464.41,1,2,7,0
51747.62,16950.8,1,12,11,1
4115.1,2926.99,0,2,5,0
7945.67,8141.37,1,1,15,0
139004.23,10936.39,0,8,8,0
49162.66,14357.68,1,5,19,1
7597.45,9606.51,1,1,7,0
4769.03,15138.04,0,3,16,0
4559.14,5190.88,0,6,17,0
6445.25,5388.36,1,2,0,0
12544.92,16121.39,0,3,18,0
221304.17,15299.02,0,8,1,1
59657.29,14185.49,0,4,17,0
16695.44,14415.56,0,4,22,0
12118.89,9340.92,0,15,16,1
14427.77,14851.66,0,4,20,1
233394.23,17489.93,0,2,15,0
301.67,3498.26,0,6,19,0
20799.54,10546.25,1,4,1,1
2289.53,2175.58,1,6,13,0
6422.3,17866.27,1,3,16,0
107067.63,17979.27,1,1,7,0
13054.38,17689.53,1,4,18,1
15393.14,14268.35,0,7,22,0
10479.67,12416.99,0,1,9,0
4641.87,3891.08,0,9,6,0
7913.79,14166.07,1,4,7,0
8293.62,6106.84,0,2,13,0
29054.71,6512.64,1,1,13,0
5342.79,17731.42,0,4,10,0
4992.94,14807.8,1,5,9,0
10684.4,2410.59,1,7,6,0
4716.4,17870.11,1,4,11,0
11273.75,14902.9,1,2,21,0
15652.02,17078.4,0,9,6,0
57956.08,13100.42,0,5,9,0
553.47,2982.53,1,2,13,0
9179.85,14260.23,0,3,19,0
9310.71,16599.78,0,6,12,0
21596.93,14986.11,0,3,4,0
4264.01,4866.03,0,3,21,0
3976.66,5254.56,0,5,10,0
348.86,1667.13,1,3,22,0
17986.36,13945.48,1,3,10,0
73067.6,15356.5,0,1,22,0
600.42,3450.99,0,7,0,0
15742.96,11580.97,1,5,21,0
1563.04,15028.77,0,2,16,0
2628.2,13141.02,1,15,11,0
25373.86,17973.37,1,2,20,0
16596.22,12491.95,0,3,0,0
3579.65,17481.35,1,1,16,0
5766.9,1502.06,0,6,18,0
1257.46,4022.39,0,1,11,0
6025.17,6700.94,0,3,1,0
5371.92,10666.71,0,3,14,0
4299.54,2402.0,1,4,9,0
4841.5,3489.53,0,4,17,0
7908.65,9753.46,0,1,15,0
9650.64,10269.74,0,2,15,0
156601.34,15176.5,0,2,0,0
1610.69,15751.66,1,14,14,0
14402.11,13220.93,1,2,17,0
6926.33,7223.35,0,5,18,0
1403.8,4436.95,0,2,16,0
1537.11,1921.28,0,3,7,0
8061.14,11139.76,0,14,12,0
19397.87,12449.75,1,12,12,0
20584.81,16394.99,0,2,22,0
13622.41,5269.38,0,2,23,0
1776.05,3600.06,0,5,22,0
1664.27,5966.5,0,6,19,0
9525.25,10084.54,0,6,1,0
3684.32,10881.89,0,3,18,0
34774.58,5511.27,0,1,21,0
40280.82,6022.12,0,2,10,0
12292.48,14960.1,0,4,14,0
6787.04,9355.66,0,4,20,0
3311.04,3890.49,0,6,8,0
4244.37,5893.95,1,4,13,0
17116.53,10470.67,0,1,17,0
42866.81,5587.77,0,1,5,0
6936.16,5905.03,0,2,18,0
70595.49,6371.55,0,3,10,1
13379.44,11752.25,0,9,4,0
3462.85,13614.22,0,3,14,0
12610.47,10325.5,0,8,3,0
1612.25,14294.5,0,5,0,0
15455.43,15836.61,1,7,4,0
13395.52,14585.81,1,2,9,0
15632.43,15404.31,0,4,6,0
15476.58,11199.08,0,7,18,0
3746.8,12541.37,0,11,22,0
1524.17,2235.15,0,4,11,0
5694.15,5442.22,0,3,12,0
31621.93,3218.22,0,1,18,0
62295.55,14403.54,0,1,23,0
1777.45,11620.43,0,3,16,0
18957.05,12623.38,0,2,16,0
34034.35,15753.5,1,2,10,0
54601.33,5169.07,0,3,0,1
59328.19,12660.5,0,4,5,0
4670.67,3092.64,1,4,21,0
6214.1,4354.89,0,2,11,0
2282.9,13463.79,0,12,13,0
68459.83,15252.64,0,7,10,0
7394.73,6956.82,0,3,20,0
1757.91,5766.73,0,2,13,0
143150.69,16332.6,0,4,18,0
5385.25,4965.11,1,1,8,0
4338.29,12334.52,0,2,5,0
650.78,6889.45,1,4,11,0
2781.26,11587.53,0,7,8,0
50444.61,17375.23,0,2,19,0
9943.79,13266.53,0,6,11,0
2407.28,6585.96,0,10,22,0
182898.1,15546.92,1,3,3,1
65873.69,5813.71,0,2,18,0
14127.89,10568.88,0,1,7,0
3222.47,2723.45,0,3,16,0
6364.91,7971.39,0,1,22,0
149491.87,15039.19,1,3,15,1
21991.58,12158.98,0,3,11,0
19815.97,15585.24,0,1,18,0
9197.89,9420.98,1,3,10,0
6443.71,8059.92,0,2,6,0
1622.31,3534.05,0,8,19,0
3762.06,4019.45,0,4,13,0
6617.14,7983.15,0,3,21,0
4538.05,15370.23,1,4,16,0
13913.31,12524.75,0,3,7,0
7440.4,7453.37,0,2,20,0
625.9,4309.07,0,3,15,0
73079.11,17769.99,1,8,9,1
162575.93,15636.06,0,2,12,0
3325.68,9910.62,0,2,19,0
2025.85,4160.69,0,1,6,0
5032.15,6283.21,0,2,16,0
30063.84,10454.35,0,3,10,0
8269.34,3775.34,0,1,1,0
3973.46,12455.9,0,2,7,0
12640.55,17437.81,0,8,22,0
458.93,3179.18,0,2,16,0
9179.79,8764.97,0,4,12,0
5004.77,7403.87,0,3,16,0
1086.29,4990.46,0,1,22,0
18022.77,13023.63,0,3,18,0
2243.04,8265.49,0,5,6,0
919.5,17252.92,0,1,14,0
8542.53,5570.25,1,2,12,0
1485.03,11077.76,0,2,15,0
9542.53,11931.79,0,1,12,0
13098.78,17002.16,0,2,18,0
173908.13,11612.41,0,5,10,0
623.01,3115.07,0,2,10,0
3238.09,5709.26,1,7,15,0
7076.57,5279.81,0,2,11,0
46846.87,10392.54,0,4,20,0
8718.45,17127.83,1,2,19,0
3402.51,15065.1,0,4,16,0
6200.92,5170.35,0,3,8,0
7843.85,9577.23,0,3,17,0
7022.83,5468.09,0,4,20,0
10376.66,10638.73,0,4,9,0
68247.15,15532.11,1,8,12,0
2410.62,6786.25,1,3,13,0
5782.0,8315.52,0,3,0,0
19376.24,16525.96,0,2,18,0
7896.17,12801.45,0,1,21,0
40561.0,8344.38,0,2,21,0
10777.69,5175.34,0,4,21,0
626.66,11320.49,0,3,13,0
9523.81,12023.54,1,4,3,0
15293.8,3181.25,0,3,0,0
7953.48,9901.52,0,3,18,0
25243.36,17183.19,0,3,18,0
11791.35,5505.85,0,4,18,0
4254.77,13162.85,0,9,17,0
1695.92,2768.99,0,3,20,0
16411.25,13383.59,0,9,11,0
97114.73,8996.25,0,13,6,1
17024.14,17931.84,0,6,14,0
7164.57,5799.72,1,5,6,0
17726.66,12618.1,1,2,15,0
15121.2,17936.1,0,4,18,0
11873.25,10117.14,0,3,16,0
103429.25,8525.03,1,3,15,1
17330.78,14568.59,0,7,7,0
89609.05,12377.86,0,4,17,0
53540.41,7904.26,0,2,8,0
880.74,10121.35,0,5,4,0
19172.14,14323.46,1,2,13,1
466.43,2014.07,0,3,20,0
9442.1,9028.08,1,4,8,0
15458.32,11309.85,0,3,3,0
3422.56,11774.78,1,4,12,0
10216.59,9957.12,0,3,0,0
81670.87,5856.56,1,5,20,1
2525.75,2379.07,0,2,14,0
91130.64,8051.3,0,2,22,0
4271.15,3830.78,0,5,20,0
6169.43,10183.8,0,7,19,0
3477.06,7331.89,0,4,3,0
16982.77,14805.58,0,2,21,0
2927.31,15120.24,0,4,21,0
7909.53,9844.61,0,4,10,0
1576.12,10874.76,0,4,10,0
7664.76,8936.44,0,3,18,0
15802.42,15236.73,0,3,22,0
22738.78,12833.02,1,2,8,0
2237.49,6177.18,0,1,20,0
9709.58,6073.77,0,2,16,0
12930.38,17175.57,1,2,12,0
155640.92,12307.83,0,3,14,1
12572.35,8202.53,0,2,22,0
10919.04,14746.6,1,1,9,0
10308.25,16873.29,0,1,2,0
3035.89,15395.36,0,3,11,0
60194.54,9009.44,1,2,15,1
19133.56,17961.91,0,2,20,0
22981.11,17606.09,0,7,16,0
324.54,2992.27,1,6,16,0
14898.63,9876.76,0,2,19,0
22393.85,14530.88,1,6,15,1
16863.74,2616.05,0,6,20,0
7128.4,11936.39,0,3,17,0
1308.46,1799.65,1,2,3,0
13549.67,14096.29,0,2,20,0
3375.39,2759.97,0,1,18,0
14402.02,16506.23,0,4,17,0
15039.83,12913.91,1,5,9,0
37845.61,14316.67,1,2,11,1
2571.72,15993.84,1,6,16,0
1066.99,1587.83,0,2,22,0
7763.88,9015.14,0,7,3,0
9173.8,6769.54,1,2,8,0
15230.96,15817.73,0,4,14,0
10911.29,15807.44,0,2,19,0
6952.73,2030.84,1,5,21,0
8745.94,12720.58,1,3,9,0
12123.71,12973.7,0,3,23,0
3322.97,13403.1,0,7,0,0
17208.35,11870.43,0,3,9,0
2697.86,4192.44,1,6,17,0
20005.48,12233.47,0,10,22,0
6618.04,13509.92,1,2,2,0
13698.16,17488.36,0,8,23,0
12719.65,10112.96,0,10,21,0
10000.94,8087.17,1,4,7,0
7929.12,8094.66,0,3,23,0
1106.77,7875.17,0,2,19,0
5268.76,17167.47,1,5,19,0
6161.77,6414.93,0,7,12,0
9516.49,6087.96,1,2,11,0
3483.86,4647.56,0,3,20,0
25177.97,12733.57,0,5,21,0
5012.77,4844.64,0,2,2,0
10101.87,13160.48,0,4,7,0
52656.52,10716.31,1,6,9,0
3546.39,13315.65,0,2,9,0
13974.86,16061.64,0,3,14,0
19991.49,12915.48,0,3,7,0
7725.91,7426.84,1,4,0,0
7003.46,17567.0,0,12,14,0
6622.19,3590.54,1,4,9,0
9235.23,9837.07,0,2,17,0
6125.88,4792.44,0,3,11,0
60074.11,7461.62,0,2,2,0
29285.17,4170.18,0,2,21,0
1472.62,15029.51,1,2,22,0
16678.97,11391.47,0,3,1,0
3064.12,13256.19,1,2,18,0
12979.24,12965.18,1,8,18,0
846.1,2253.43,1,2,21,0
6931.48,6555.45,0,6,9,0
28383.81,6510.14,1,3,8,0
31240.74,17769.83,0,1,10,0
1789.32,8370.69,0,3,3,0
6315.61,7090.63,0,5,1,0
8950.93,8904.31,1,4,12,0
797.01,11542.89,1,5,8,0
7384.91,13579.47,0,3,17,0
14731.11,14982.2,0,2,19,0
5649.41,5803.38,0,1,21,0
1753.74,2334.82,0,4,12,0
4902.58,7711.75,0,4,9,0
10068.32,13773.23,0,2,22,0
15550.1,13307.88,0,7,14,0
7843.47,5187.73,0,3,22,0
958.54,2597.05,0,10,5,0
3184.98,12281.18,0,2,4,0
7602.72,10556.32,0,1,11,0
1164.97,4763.77,0,1,2,0
15860.68,11695.59,1,10,19,0
8896.99,9686.91,0,4,18,0
7028.08,9769.33,0,1,8,0
21078.88,17571.23,0,1,2,0
21394.89,17078.37,0,5,1,0
9373.44,15552.22,1,8,20,0
4300.8,4379.12,0,2,19,0
3489.0,3914.02,0,13,20,0
26361.79,15531.74,1,2,14,0
11629.08,5941.74,0,2,11,0
9207.12,14378.32,0,5,8,0
4865.13,16692.11,0,1,13,0
6517.92,4896.09,0,4,11,0
6733.75,8666.76,0,1,1,0
4778.85,8677.02,0,5,10,0
13405.26,8161.59,0,7,15,0
6401.63,16266.15,0,2,10,0
5014.23,2019.86,1,2,6,0
6150.0,5558.66,0,3,1,0
1304.77,6060.68,1,15,20,1
9255.09,7449.32,0,2,15,0
39896.35,11579.4,0,2,2,1
13737.03,17556.18,0,4,12,0
2680.53,9693.22,1,3,5,0
8500.03,10203.05,0,2,6,0
12990.54,14703.3,1,1,3,1
63204.26,13243.33,0,5,21,0
47391.39,12220.74,1,1,12,0
819.12,3622.61,1,10,16,0
1457.64,16187.68,0,3,19,0
14872.99,9730.48,0,8,13,0
7790.75,5855.54,0,2,11,0
1781.41,8495.69,0,2,16,0
8018.68,7982.15,0,2,19,0
7219.26,15181.69,1,3,2,0
2980.4,3207.92,0,3,6,0
16613.21,11334.46,0,2,11,0
9114.63,10444.37,0,2,3,0
8049.73,2362.36,1,6,18,1
1484.07,6388.2,0,3,22,0
103286.42,9639.28,0,2,16,0
46057.22,3276.87,0,2,11,1
16378.65,12820.5,1,6,9,0
25350.91,11510.96,1,1,10,0
5570.2,6917.31,0,5,19,0
18305.04,2416.87,1,1,14,0
3504.46,16748.74,0,5,16,0
3665.86,16559.09,0,5,10,0
5688.64,16637.03,0,5,10,0
1058.12,1981.74,0,2,6,0
13262.19,11571.67,0,4,12,0
16070.83,14254.26,0,1,18,0
4906.68,3874.49,0,4,14,0
4205.13,7633.24,0,3,14,0
11076.77,12258.8,1,2,16,0
90852.23,7617.18,1,8,12,1
4898.51,3832.28,0,3,14,0
6149.29,8000.78,0,4,12,0
14830.83,4841.35,0,6,18,1
7279.35,1570.67,0,3,10,0
12377.17,14441.87,0,1,0,0
181230.98,16762.06,0,6,12,0
1667.36,11577.71,0,6,16,0
1505.86,6716.66,0,9,9,0
3994.3,7507.79,0,3,22,0
12546.83,16035.61,0,7,18,0
8806.79,12374.95,0,2,18,0
10364.22,11625.97,1,4,18,0
44251.58,3303.16,0,2,2,1
24576.67,3996.58,0,4,20,0
2900.1,2861.15,1,3,9,0
5236.86,4108.68,1,1,17,0
24665.3,17127.83,0,4,19,0
78267.39,17272.17,0,2,15,0
8393.02,10374.47,0,1,15,0
2039.65,2052.48,0,6,6,0
5430.21,5642.52,0,5,15,0
49287.28,17733.06,1,12,2,1
19153.49,8011.39,0,3,22,0
16465.1,11983.02,0,2,13,0
6932.0,8034.97,0,7,15,1
3640.19,3129.62,1,2,7,0
2337.47,3053.93,1,7,16,0
3017.45,3109.49,0,3,13,0
3061.12,3241.83,0,4,20,0
3158.11,4641.92,0,9,0,0
3271.58,11509.4,0,8,13,0
1449.33,8135.28,0,9,7,0
6691.06,5474.73,0,1,1,0
4152.75,11463.77,1,3,7,0
11684.36,4775.23,1,4,3,0
2894.42,2851.68,0,4,11,0
18559.65,14496.94,0,2,15,0
1271.85,11130.07,1,8,7,0
165340.39,13442.7,0,3,10,0
3570.4,17851.99,0,2,20,0
11615.02,9605.75,0,2,2,0
3081.98,2957.62,0,3,20,0
17718.84,15558.26,0,4,15,0
34900.07,11905.67,1,2,19,0
172058.42,13318.09,0,2,5,1
501.83,2015.48,0,4,14,0
11958.49,16557.62,0,2,22,0
6353.33,5129.1,0,7,18,0
22559.57,9968.46,0,2,18,0
4287.09,6332.9,0,2,14,0
8270.3,10419.59,1,4,19,0
19370.23,12663.5,0,4,7,0
27461.44,11495.37,0,1,18,0
25463.35,17757.38,0,7,11,0
1597.01,10891.36,0,3,15,0
10307.36,11042.09,0,2,15,0
33094.54,9153.46,0,1,19,0
7057.45,7400.37,0,3,9,0
4413.01,10404.16,0,3,21,0
5580.63,7719.13,0,2,2,0
7916.98,11035.23,1,2,19,0
4948.64,7548.59,1,6,19,0
10810.76,15264.88,0,2,0,0
29190.3,6592.15,0,2,1,0
66748.41,7481.12,0,14,10,1
185.0,3049.95,1,5,9,0
28182.18,4034.03,1,2,17,0
5405.65,11526.98,0,3,5,0
6416.46,7465.9,0,2,17,0
3607.01,4718.05,0,1,5,0
27621.31,14969.23,0,3,9,0
143281.91,10351.65,0,4,7,0
9233.14,10904.72,1,9,23,0
722.82,2204.94,0,4,10,0
6967.41,4201.9,0,4,14,0
9276.83,6924.87,0,1,13,0
86027.95,11486.53,0,5,14,0
80428.42,16601.81,0,3,18,0
19172.5,10472.19,0,12,21,0
8272.9,2398.27,0,1,7,0
8615.1,9276.53,1,4,22,0
4313.05,16581.6,0,3,14,0
5937.65,2777.97,0,2,7,0
14360.35,14712.02,1,4,22,0
17710.77,17746.72,0,1,22,0
582.64,8391.74,0,12,13,0
5867.58,13179.42,1,14,12,1
44804.19,16293.15,1,2,7,0
7099.52,3291.5,0,2,17,0
106311.2,14387.05,0,4,14,0
12150.2,13888.8,0,4,13,0
137306.05,9797.44,0,9,22,1
9940.57,7681.63,0,1,5,1
12049.73,10824.94,1,5,3,0
20630.24,10385.0,0,3,13,0
6392.11,16797.79,0,13,17,0
34637.21,7171.22,0,2,12,1
5779.84,7012.55,0,3,13,0
1100.88,4420.52,1,5,19,0
14443.43,15008.58,0,2,9,0
11613.21,10402.2,0,4,14,0
11274.39,4096.18,1,1,11,0
534.03,2215.15,0,2,17,0
55805.05,14046.96,0,13,20,1
8879.11,8277.42,1,2,3,1
8688.72,8571.86,0,6,15,0
8921.82,13717.35,0,3,18,0
18574.87,15504.74,1,4,20,0
8170.22,8631.86,0,1,21,0
15578.38,15438.05,1,4,19,0
39185.62,15022.21,0,5,18,0
30589.8,17811.96,0,6,19,0
98738.46,17176.46,0,2,3,1
19137.17,16957.42,0,7,18,0
28604.34,2278.38,1,2,17,1
18604.66,16966.45,0,2,12,0
1984.09,6439.82,1,3,10,0
6015.11,12100.27,0,4,21,0
18928.41,15802.22,1,5,10,0
5700.17,5579.37,0,3,12,0
6069.38,3720.11,0,4,13,0
61498.69,15702.67,1,4,15,0
2676.89,1938.33,0,3,9,0
17115.81,17223.22,1,2,20,0
49872.56,10040.12,1,14,22,0
7512.05,8342.93,0,7,22,0
100342.91,9502.48,0,13,9,1
79297.81,16002.99,0,6,17,1
7349.25,8101.01,0,2,14,0
10565.14,9875.81,0,2,7,0
46495.86,11195.98,0,3,13,0
42098.43,10667.01,1,5,3,1
13620.26,16381.62,1,4,16,0
75868.01,12017.1,0,5,22,0
2161.12,17552.93,0,6,18,0
14067.58,10754.51,0,2,19,0
1367.38,5330.45,0,4,23,0
5905.5,9317.17,1,2,18,0
12297.8,15537.11,0,2,9,0
2276.05,5905.08,0,3,19,0
46068.48,10538.84,1,3,12,1
4662.24,3732.87,0,2,6,0
9419.87,5945.71,0,3,15,0
15026.87,16065.26,0,2,12,0
11464.63,10272.33,0,3,10,0
6794.61,7277.06,0,2,4,0
25441.49,7065.0,0,3,23,0
3626.06,5933.8,0,2,20,0
7875.59,16759.34,0,1,20,0
5250.77,17468.79,1,5,18,0
11533.45,9675.61,1,6,16,1
17843.06,14323.02,0,12,16,0
2516.21,13877.1,1,9,1,0
434.37,3765.35,0,12,19,0
6198.62,6924.96,0,13,21,0
132938.15,10206.76,1,3,9,0
707.65,3521.19,0,3,17,0
11576.39,13652.63,1,6,14,0
5902.37,4965.08,0,1,16,0
6299.32,6888.02,0,5,14,0
9680.96,12704.72,0,5,14,0
92136.19,6413.34,0,5,19,0
9492.52,7988.24,1,15,18,0
7360.44,5434.21,0,10,8,0
20634.61,13243.6,1,6,13,1
8774.83,16668.51,0,1,8,0
54709.74,13533.14,0,1,1,0
19656.18,13808.08,0,6,9,0
9848.96,9402.15,0,2,9,0
11109.5,12664.76,0,2,19,0
11739.68,17146.19,1,3,16,0
5811.85,10105.19,0,11,10,0
1801.1,2468.01,0,7,13,1
1176.31,1631.17,0,14,7,0
12155.23,9201.42,0,2,7,0
1937.36,9182.54,1,2,12,0
6637.38,16099.41,1,8,20,0
5628.56,3268.98,0,3,0,0
8762.45,7813.38,0,4,19,0
527.23,2386.3,0,3,11,0
18076.29,14825.26,1,2,8,0
176966.64,14094.75,0,5,12,0
17397.88,10703.85,0,3,8,0
1444.79,14326.42,1,4,22,0
6393.6,4733.91,0,2,17,0
8008.82,15273.96,0,9,14,0
834.51,2097.67,0,2,23,0
9212.08,6982.02,0,5,6,0
5523.01,7638.06,0,2,14,0
1183.45,15901.29,0,3,15,0
13694.96,17433.06,0,3,17,0
200660.14,17501.6,0,4,18,0
11705.34,11665.62,0,7,20,0
7271.4,3458.18,0,2,11,0
16796.33,3447.1,0,2,0,0
1622.06,1591.72,0,2,7,0
10555.72,5829.41,0,2,23,0
2208.61,2580.48,0,3,4,0
3088.77,1863.93,0,14,14,0
7040.93,6560.45,1,14,1,0
989.11,3188.98,0,1,8,0
2968.67,14843.36,0,11,22,0
1355.93,1517.36,1,1,17,0
36367.61,16475.48,0,3,21,0
9680.83,7481.41,0,2,10,0
4874.01,16914.83,0,2,1,0
59449.9,11913.13,0,4,10,0
1794.77,2146.73,0,3,21,0
52689.6,10302.62,1,3,1,0
18973.15,3953.79,0,1,20,0
3040.61,14634.27,0,1,1,0
51754.81,14214.23,1,4,18,0
10428.44,10308.36,0,14,2,1
14535.93,10112.67,1,3,7,0
67909.33,4839.92,0,1,13,0
5813.04,17778.75,0,3,16,0
11807.97,10366.31,1,4,13,0
1060.2,2119.01,1,4,12,0
5416.73,4685.87,0,3,8,0
15179.26,17281.09,0,2,10,0
12582.1,11429.1,0,2,21,0
6529.79,4580.42,1,1,17,1
15573.38,13474.19,0,5,6,0
19666.95,14970.43,1,2,3,0
10252.99,8939.52,1,1,19,0
1484.97,1600.49,0,6,21,0
5730.06,7048.72,0,1,10,0
6026.41,9204.06,0,10,12,0
11748.96,15708.36,0,4,10,0
3933.06,5551.29,1,3,0,0
8732.92,6668.44,0,3,14,0
1383.09,15241.7,1,4,7,0
8622.8,8016.82,0,4,9,0
6373.32,6620.52,1,2,20,0
9804.31,8591.33,1,4,21,0
7545.94,10473.85,0,7,20,0
60225.07,13110.36,1,8,9,0
17560.58,15353.59,0,3,21,0
3652.43,4280.08,0,2,12,0
2646.25,9054.0,0,2,19,0
7025.99,8296.78,1,3,7,0
46434.22,7708.5,0,6,0,1
37399.43,17564.96,0,3,16,0
4661.39,3728.82,0,1,4,0
7340.53,12749.7,0,1,10,0
1595.53,12093.2,0,3,19,0
15137.04,14077.15,0,3,23,1
12540.33,9028.14,0,15,6,0
1277.55,2377.16,1,2,7,0
4256.67,11628.17,0,1,21,0
4622.97,12289.44,0,14,2,1
37898.06,3740.22,1,5,13,1
5902.81,17027.76,0,6,14,0
18357.74,15799.05,0,2,21,0
645.36,3961.54,0,4,9,0
2197.77,2748.14,0,1,8,0
1963.72,8104.43,0,2,2,0
62749.6,6517.18,0,1,21,0
8871.99,5755.25,0,2,22,0
2822.63,3812.87,1,3,17,0
23784.34,2086.24,0,2,1,0
6245.74,5408.06,0,4,3,0
34505.05,5376.31,0,2,15,0
34599.01,15908.46,1,12,11,0
2397.49,8049.51,0,6,11,0
19520.55,15228.48,0,4,13,0
8170.79,8426.13,1,2,11,0
14358.09,4951.88,0,3,19,0
1382.76,11656.03,1,6,8,0
7354.06,6648.75,0,6,13,1
1859.93,15915.97,0,8,11,0
591.79,4431.58,0,4,16,0
12975.26,17481.15,0,11,9,0
8490.17,5235.56,1,4,21,0
59375.85,12126.16,0,3,13,1
27952.17,17963.0,0,1,2,0
9355.77,15930.27,0,4,23,0
8194.48,15915.06,0,14,17,0
4166.87,4926.01,1,4,17,0
19285.2,14298.31,0,1,0,0
4244.48,4768.94,1,13,21,0
11549.41,11102.98,1,1,11,0
1689.92,1540.25,1,3,18,0
15413.84,3906.41,0,3,17,0
198245.28,17602.26,0,5,12,0
886.2,5722.79,0,6,16,0
17217.98,9762.23,0,3,2,0
9612.87,17324.71,0,3,12,0
9544.2,11891.5,1,3,22,0
138017.78,9268.48,0,3,22,0
15991.51,13910.72,0,2,13,0
2941.66,17532.88,0,4,13,0
11504.05,12896.63,0,2,16,0
118794.23,8176.37,0,2,13,1
7794.59,8304.19,0,3,9,0
3685.62,15313.97,0,5,7,0
17498.92,15060.86,1,2,10,0
3163.33,8857.35,0,3,22,0
20749.48,13084.53,1,4,12,0
1639.04,9963.21,0,2,11,0
34253.31,14144.95,0,4,20,0
19829.66,15042.86,0,1,19,0
7017.89,7792.93,0,4,3,0
49631.72,5000.43,0,2,16,0
2951.76,5981.07,0,1,13,0
13194.39,12617.53,0,2,11,0
30940.6,2317.33,0,2,16,0
1419.42,7097.08,0,4,16,0
2114.64,10742.88,1,1,19,0
14188.8,12281.75,0,2,21,0
16880.45,12994.95,0,2,17,0
16654.57,3435.28,0,2,8,1
5867.72,6440.29,0,3,18,0
117654.28,8155.35,0,7,17,0
3472.23,13357.86,0,5,13,0
13351.2,12770.76,1,6,11,1
8827.18,15261.12,0,1,8,0
4309.78,14568.38,1,2,14,0
12860.84,12369.43,0,2,6,0
57286.17,17536.63,0,5,17,0
2035.04,5745.53,1,1,18,0
4331.86,11549.74,1,9,18,0
16204.88,13975.54,0,10,22,0
7151.36,8198.08,0,1,11,0
5886.33,5603.39,0,2,18,0
1728.25,13358.38,0,3,11,0
12116.66,12025.96,0,3,17,0
20173.83,17225.21,0,1,5,0
1609.08,12112.38,1,2,4,0
166571.44,13212.25,0,1,1,0
151.07,2415.81,1,5,5,1
3669.96,15454.04,0,4,4,0
2266.85,2899.39,0,7,1,0
8243.64,8017.72,0,5,12,0
2170.68,14760.66,1,4,16,0
5255.99,6607.93,0,7,21,0
3043.15,3985.77,0,2,17,0
9958.56,6836.75,0,2,15,0
6719.38,7161.77,0,2,15,0
3613.5,3614.68,1,3,15,0
3274.85,16374.26,0,4,17,0
1004.63,14378.47,0,2,17,0
9014.08,7520.33,0,2,9,0
14484.99,12604.93,0,12,8,1
9153.71,7459.76,0,7,1,0
7741.62,2351.0,1,2,19,0
8668.2,8016.4,0,2,17,0
3338.43,10011.14,0,5,3,0
11666.07,11357.01,1,4,13,1
9484.37,7984.79,0,12,4,1
4323.38,4143.26,1,2,10,0
5252.24,5065.49,0,3,8,0
9726.1,11578.77,0,4,1,0
116666.93,12966.65,1,11,16,1
11640.6,11146.12,0,2,14,0
39427.17,10205.35,0,5,17,0
22930.33,17805.17,1,8,14,0
3871.68,4980.42,0,2,11,0
6310.69,1596.53,1,2,19,0
3041.6,2996.47,0,3,18,0
4493.54,4790.56,1,5,10,1
17122.94,12595.25,0,10,21,0
43387.92,10633.75,0,3,11,0
1665.41,2181.6,0,9,14,0
13209.86,11814.93,0,3,14,0
18756.79,17784.59,0,2,9,0
7051.44,5461.49,0,1,19,0
1450.73,16398.56,1,2,13,0
14942.14,12272.46,0,3,22,0
3705.14,13490.02,0,2,10,0
7368.42,11310.67,0,8,6,0
185.08,2439.07,0,1,22,0
3748.82,9534.98,0,2,7,0
8180.72,6892.77,0,3,18,0
12760.8,13525.89,0,4,12,0
6363.55,4672.69,0,3,3,0
5359.64,13072.95,0,2,9,0
2385.43,7116.0,1,4,17,0
18536.66,16666.14,1,11,3,0
53197.14,15965.19,1,3,8,0
2174.97,2551.9,1,3,12,0
10131.2,6190.93,0,14,13,0
158.94,1643.79,1,8,16,0
10718.57,17543.71,0,2,10,0
20365.41,17154.74,0,5,23,0
25162.25,6829.63,0,2,15,0
14970.3,11424.21,0,5,21,0
14271.78,5427.52,0,2,10,0
10754.77,11221.11,0,2,22,0
40472.5,15291.74,1,6,20,1
143641.72,10903.91,1,4,2,1
6063.24,15386.21,0,11,13,0
90637.69,12020.55,0,4,19,1
7523.25,11827.56,1,3,9,0
2699.9,15747.49,0,6,16,0
5837.79,7191.71,1,8,19,0
4094.81,15929.34,0,3,1,0
4228.65,3675.07,1,2,10,0
2652.0,6258.38,0,5,20,0
1726.85,2619.5,1,7,14,0
10364.28,9389.8,1,4,15,0
1677.66,9144.18,0,2,9,0
14279.82,13827.01,0,14,21,0
23825.33,16697.44,1,5,21,0
19872.77,14529.25,0,3,12,0
19568.26,13685.43,0,5,19,0
3659.41,12762.24,0,6,11,0
17778.87,14161.06,1,8,22,0
15538.15,10126.91,0,5,7,0
7966.38,6382.62,0,2,9,0
49016.13,10562.95,0,3,3,0
14215.19,13655.05,0,2,12,0
1814.27,11794.58,0,3,21,0
11128.86,3678.82,0,12,3,0
2773.22,6761.28,0,9,3,0
4762.93,6429.52,0,10,11,0
1179.78,2237.87,0,5,17,0
3103.3,15295.97,0,7,5,0
6412.93,6633.55,0,3,1,0
39203.62,16731.31,0,3,22,0
12895.84,11808.55,0,5,14,0
157376.9,12289.47,1,8,0,1
326.1,2626.34,0,3,1,0
17126.02,12075.6,0,6,2,0
45627.26,15151.75,1,1,21,0
993.41,8861.12,0,6,9,0
2895.28,8887.21,0,3,9,0
11861.25,13873.72,0,3,21,0
3811.92,4304.02,1,3,7,0
6271.19,4773.94,0,15,23,0
22992.2,5391.05,0,7,15,0
1768.6,9814.89,0,1,22,0
15051.67,10042.71,0,7,13,0
979.2,2619.15,0,4,18,0
15590.51,17771.9,0,3,5,0
1226.38,5397.35,1,5,22,0
717.31,2469.67,1,3,18,0
5205.25,3511.71,0,6,14,0
2453.51,1743.33,1,4,15,0
46601.2,11492.26,0,4,22,0
6133.04,8539.48,0,2,18,0
11806.9,15742.92,0,2,19,0
20878.59,4236.79,0,2,18,0
7548.49,7734.32,0,2,9,0
1427.95,14347.24,1,1,17,0
20021.97,13709.07,0,3,8,0
2461.49,12307.43,0,8,22,0
42819.21,10500.61,1,2,20,0
4401.92,11972.85,0,4,16,0
52970.52,8593.1,0,4,0,1
47050.3,9817.05,0,15,12,0
7804.47,11026.09,1,4,19,0
4279.03,4365.24,0,3,1,0
515.22,5562.88,1,4,1,0
79894.9,17070.96,0,4,18,0
17104.42,17300.6,0,8,6,0
5096.01,6098.72,0,1,18,0
11350.97,8482.13,0,3,19,0
15082.73,7935.06,0,2,23,0
17195.92,12968.13,0,3,21,0
17775.96,16472.96,0,8,18,0
13333.19,11544.23,0,3,16,0
2405.45,5867.8,1,2,16,0
65370.96,16099.99,1,4,3,0
6638.25,6858.48,1,2,12,0
1887.37,3201.79,0,2,9,0
11980.58,10987.75,0,1,22,0
1188.88,12954.58,1,4,22,0
17044.56,12688.55,0,2,6,0
53080.03,11744.44,0,5,14,0
14651.6,16698.19,0,4,8,0
19361.69,15332.14,0,11,19,0
52136.42,11085.82,1,2,21,0
724.22,3241.83,1,1,2,0
17474.32,13345.57,1,4,7,0
5657.17,15509.45,0,7,21,0
3428.36,8726.83,1,4,4,1
67835.74,4625.72,0,3,14,0
10869.7,11223.25,0,4,9,0
22821.94,16614.2,0,4,10,0
1934.19,16412.55,0,7,17,0
2033.03,7277.34,0,3,14,0
15651.62,9832.37,0,2,19,0
9759.23,9323.27,1,3,22,0
17863.31,13641.05,0,7,10,0
15478.74,15645.12,0,3,19,0
6810.8,11534.13,0,14,13,0
7730.35,8053.23,1,5,12,0
8391.77,11144.11,0,3,18,0
11081.92,10789.45,0,2,1,0
3698.45,13868.71,0,2,21,0
13088.65,13438.73,0,1,18,0
7992.03,16672.28,1,2,21,0
10283.75,11536.96,1,6,2,1
19518.65,16990.29,1,7,15,0
2280.31,2426.37,1,4,20,0
3456.82,7338.67,0,3,15,0
12019.59,17624.96,0,4,6,0
24075.7,13018.6,0,12,3,1
9784.6,8291.74,0,9,9,0
38252.65,15580.6,0,7,13,0
18018.54,8508.96,0,7,21,0
2347.65,6101.52,0,3,12,0
1397.73,1669.05,0,4,17,0
217378.42,16028.66,1,2,7,1
3710.64,2738.97,0,4,15,0
4809.58,1838.88,0,1,12,0
4577.0,4757.04,0,6,3,0
14817.18,9631.82,0,3,9,0
4565.67,13021.89,1,6,17,0
9068.74,10026.46,1,2,10,0
7774.73,6039.43,0,3,6,0
5031.57,12147.15,1,2,8,0
5386.55,6710.91,1,3,16,0
12577.77,16674.52,0,1,3,0
3053.4,6958.17,0,14,22,0
1018.66,2551.64,0,6,15,0
14125.47,9151.24,0,2,19,0
10760.49,9554.57,1,3,14,0
20366.55,12345.54,1,2,22,0
12864.96,3897.39,0,1,14,0
3864.03,4374.06,1,3,22,0
2079.01,3850.56,0,2,12,0
11923.8,9721.61,0,2,13,0
5414.25,15873.04,0,8,12,0
1909.44,3932.53,0,7,1,0
4712.37,17647.46,1,7,15,0
108420.55,15084.94,0,2,13,0
2705.95,2406.43,0,14,22,0
8182.46,10975.91,1,11,9,0
5241.02,14277.89,0,5,16,0
70262.3,5988.75,0,3,17,1
7766.28,5830.6,1,14,17,0
12763.55,7661.27,1,3,5,1
180.96,3556.02,0,3,22,0
1484.44,4579.92,0,1,18,0
28780.71,10525.3,1,3,19,1
11469.17,13102.56,1,2,16,0
7587.21,9151.38,0,2,22,0
11271.99,11414.45,0,7,7,0
2605.33,9038.48,0,2,14,0
8149.16,2355.91,0,4,16,0
15079.84,12990.28,0,7,2,0
9045.51,14587.77,1,8,22,0
8629.51,7289.77,1,2,9,0
6705.0,12806.58,0,5,14,0
5486.22,13810.72,0,3,11,0
4966.95,4393.22,0,5,5,0
106797.86,7130.44,0,2,8,0
2825.38,8457.86,1,3,10,0
4505.65,5640.06,0,8,8,0
7856.11,6820.64,0,3,16,0
6028.01,16190.91,0,5,9,0
52386.72,10677.52,0,4,5,1
6857.16,9244.16,1,10,10,0
1593.61,11732.46,1,8,1,0
362.16,5432.59,0,3,15,0
1908.77,2545.57,0,3,7,0
2345.77,10079.33,1,2,18,0
4297.53,6551.03,1,1,13,0
43347.66,14260.55,0,6,3,1
55506.53,17043.95,0,15,22,0
13729.23,15536.4,0,2,14,0
16999.65,4581.31,1,3,10,1
4070.99,13642.75,0,4,13,0
44898.29,12212.35,0,3,10,0
15926.13,15333.02,0,3,22,0
2136.6,4072.37,0,5,14,0
14819.69,15735.28,0,2,8,0
1272.36,5677.94,1,9,16,0
1400.08,12746.58,0,2,13,0
2524.0,5522.05,0,3,7,0
10507.03,10770.98,0,8,13,0
11516.12,13738.32,1,2,1,0
8233.85,15690.39,0,1,2,1
